%6|1781502364.472|GETSUBSCRIPTIONS|rdkafka#consumer-1| [thrd:main]: Telemetry client instance id changed from AAAAAAAAAAAAAAAAAAAAAA to xQop9TutTZOiHQ1oREyUYQ
Results will be saved to: /home/ec2-user/bench/results_gh/20260615_054604_librdkafka

================================================================================
E2E Latency Benchmark - librdkafka Consumer (C)
================================================================================
Bootstrap: pkc-devcozvdmy.us-east-1.aws.devel.cpdev.cloud:9092
Topic: cmp-librdkafka-bench
Target Messages: -1
Warmup: 30 seconds
Test Duration: 600 seconds
Interval: 10 seconds
rdkafka ver: 2.13.0
================================================================================

Snapshot metrics will be written to: /home/ec2-user/bench/results_gh/20260615_054604_librdkafka/metrics.jsonl
[LIBRDKAFKA] Subscribed to 'cmp-librdkafka-bench', waiting for messages...
Saving librdkafka stats to: /home/ec2-user/bench/results_gh/20260615_054604_librdkafka/librdkafka_stats.jsonl
[LIBRDKAFKA] 50000 msgs, avg_lat=0.00ms, throughput=413288/s
[LIBRDKAFKA] 100000 msgs, avg_lat=0.00ms, throughput=344123/s
[LIBRDKAFKA] 150000 msgs, avg_lat=0.00ms, throughput=497963/s
[LIBRDKAFKA] 200000 msgs, avg_lat=0.00ms, throughput=530341/s
[LIBRDKAFKA] 250000 msgs, avg_lat=0.00ms, throughput=263954/s
[LIBRDKAFKA] 300000 msgs, avg_lat=0.00ms, throughput=208238/s
[LIBRDKAFKA] 350000 msgs, avg_lat=0.00ms, throughput=194459/s
[LIBRDKAFKA] 400000 msgs, avg_lat=0.00ms, throughput=181780/s
[LIBRDKAFKA] 450000 msgs, avg_lat=0.00ms, throughput=225966/s
[LIBRDKAFKA] 500000 msgs, avg_lat=0.00ms, throughput=168846/s
[LIBRDKAFKA] 550000 msgs, avg_lat=0.00ms, throughput=223153/s
[LIBRDKAFKA] 600000 msgs, avg_lat=0.00ms, throughput=190830/s
[LIBRDKAFKA] 650000 msgs, avg_lat=0.00ms, throughput=211229/s
[LIBRDKAFKA] 700000 msgs, avg_lat=0.00ms, throughput=186539/s
[LIBRDKAFKA] 750000 msgs, avg_lat=0.00ms, throughput=212979/s
[LIBRDKAFKA] 800000 msgs, avg_lat=0.00ms, throughput=218142/s
[LIBRDKAFKA] 850000 msgs, avg_lat=0.00ms, throughput=192712/s
[LIBRDKAFKA] 900000 msgs, avg_lat=0.00ms, throughput=186067/s
[LIBRDKAFKA] 950000 msgs, avg_lat=0.00ms, throughput=195851/s
[LIBRDKAFKA] 1000000 msgs, avg_lat=0.00ms, throughput=209643/s
[LIBRDKAFKA] 1050000 msgs, avg_lat=0.00ms, throughput=210423/s
[LIBRDKAFKA] 1100000 msgs, avg_lat=0.00ms, throughput=203227/s
[LIBRDKAFKA] 1150000 msgs, avg_lat=0.00ms, throughput=166090/s
[LIBRDKAFKA] 1200000 msgs, avg_lat=0.00ms, throughput=228324/s
[LIBRDKAFKA] 1250000 msgs, avg_lat=0.00ms, throughput=189612/s
[LIBRDKAFKA] 1300000 msgs, avg_lat=0.00ms, throughput=203384/s
[LIBRDKAFKA] 1350000 msgs, avg_lat=0.00ms, throughput=202076/s
[LIBRDKAFKA] 1400000 msgs, avg_lat=0.00ms, throughput=220340/s
[LIBRDKAFKA] 1450000 msgs, avg_lat=0.00ms, throughput=186313/s
[LIBRDKAFKA] 1500000 msgs, avg_lat=0.00ms, throughput=177002/s
[LIBRDKAFKA] 1550000 msgs, avg_lat=0.00ms, throughput=223179/s
[LIBRDKAFKA] 1600000 msgs, avg_lat=0.00ms, throughput=200302/s
[LIBRDKAFKA] 1650000 msgs, avg_lat=0.00ms, throughput=198473/s
[LIBRDKAFKA] 1700000 msgs, avg_lat=0.00ms, throughput=221359/s
[LIBRDKAFKA] 1750000 msgs, avg_lat=0.00ms, throughput=191438/s
[LIBRDKAFKA] 1800000 msgs, avg_lat=0.00ms, throughput=218981/s
[LIBRDKAFKA] 1850000 msgs, avg_lat=0.00ms, throughput=200088/s
[LIBRDKAFKA] 1900000 msgs, avg_lat=0.00ms, throughput=167325/s
[LIBRDKAFKA] 1950000 msgs, avg_lat=0.00ms, throughput=205924/s
[LIBRDKAFKA] 2000000 msgs, avg_lat=0.00ms, throughput=194216/s
[LIBRDKAFKA] 2050000 msgs, avg_lat=0.00ms, throughput=219852/s
[LIBRDKAFKA] 2100000 msgs, avg_lat=0.00ms, throughput=217324/s
[LIBRDKAFKA] 2150000 msgs, avg_lat=0.00ms, throughput=185084/s
[LIBRDKAFKA] 2200000 msgs, avg_lat=0.00ms, throughput=197424/s
[LIBRDKAFKA] 2250000 msgs, avg_lat=0.00ms, throughput=218761/s
[LIBRDKAFKA] 2300000 msgs, avg_lat=0.00ms, throughput=213617/s
[LIBRDKAFKA] 2350000 msgs, avg_lat=0.00ms, throughput=187302/s
[LIBRDKAFKA] 2400000 msgs, avg_lat=0.00ms, throughput=190529/s
[LIBRDKAFKA] 2450000 msgs, avg_lat=0.00ms, throughput=203736/s
[LIBRDKAFKA] 2500000 msgs, avg_lat=0.00ms, throughput=193362/s
[LIBRDKAFKA] 2550000 msgs, avg_lat=0.00ms, throughput=211222/s
[LIBRDKAFKA] 2600000 msgs, avg_lat=0.00ms, throughput=192061/s
[LIBRDKAFKA] 2650000 msgs, avg_lat=0.00ms, throughput=218679/s
[LIBRDKAFKA] 2700000 msgs, avg_lat=0.00ms, throughput=191578/s
[LIBRDKAFKA] 2750000 msgs, avg_lat=0.00ms, throughput=207347/s
[LIBRDKAFKA] 2800000 msgs, avg_lat=0.00ms, throughput=194203/s
[LIBRDKAFKA] 2850000 msgs, avg_lat=0.00ms, throughput=183295/s
[LIBRDKAFKA] 2900000 msgs, avg_lat=0.00ms, throughput=220012/s
[LIBRDKAFKA] 2950000 msgs, avg_lat=0.00ms, throughput=199389/s
[LIBRDKAFKA] 3000000 msgs, avg_lat=0.00ms, throughput=181588/s
[LIBRDKAFKA] 3050000 msgs, avg_lat=0.00ms, throughput=208844/s
[LIBRDKAFKA] 3100000 msgs, avg_lat=0.00ms, throughput=186562/s
[LIBRDKAFKA] 3150000 msgs, avg_lat=0.00ms, throughput=198362/s
[LIBRDKAFKA] 3200000 msgs, avg_lat=0.00ms, throughput=216923/s
[LIBRDKAFKA] 3250000 msgs, avg_lat=0.00ms, throughput=184456/s
[LIBRDKAFKA] 3300000 msgs, avg_lat=0.00ms, throughput=212080/s
[LIBRDKAFKA] 3350000 msgs, avg_lat=0.00ms, throughput=215422/s
[LIBRDKAFKA] 3400000 msgs, avg_lat=0.00ms, throughput=191142/s
[LIBRDKAFKA] 3450000 msgs, avg_lat=0.00ms, throughput=213685/s
[LIBRDKAFKA] 3500000 msgs, avg_lat=0.00ms, throughput=203146/s
[LIBRDKAFKA] 3550000 msgs, avg_lat=0.00ms, throughput=201876/s
[LIBRDKAFKA] 3600000 msgs, avg_lat=0.00ms, throughput=191511/s
[LIBRDKAFKA] 3650000 msgs, avg_lat=0.00ms, throughput=197950/s
[LIBRDKAFKA] 3700000 msgs, avg_lat=0.00ms, throughput=160258/s
[LIBRDKAFKA] 3750000 msgs, avg_lat=0.00ms, throughput=240618/s
[LIBRDKAFKA] 3800000 msgs, avg_lat=0.00ms, throughput=212352/s
[LIBRDKAFKA] 3850000 msgs, avg_lat=0.00ms, throughput=175142/s
[LIBRDKAFKA] 3900000 msgs, avg_lat=0.00ms, throughput=219303/s
[LIBRDKAFKA] 3950000 msgs, avg_lat=0.00ms, throughput=209754/s
[LIBRDKAFKA] 4000000 msgs, avg_lat=0.00ms, throughput=185860/s
[LIBRDKAFKA] 4050000 msgs, avg_lat=0.00ms, throughput=211115/s
[LIBRDKAFKA] 4100000 msgs, avg_lat=0.00ms, throughput=165731/s
[LIBRDKAFKA] 4150000 msgs, avg_lat=0.00ms, throughput=203393/s
[LIBRDKAFKA] 4200000 msgs, avg_lat=0.00ms, throughput=193677/s
[LIBRDKAFKA] 4250000 msgs, avg_lat=0.00ms, throughput=213985/s
[LIBRDKAFKA] 4300000 msgs, avg_lat=0.00ms, throughput=226986/s
[LIBRDKAFKA] 4350000 msgs, avg_lat=0.00ms, throughput=199589/s
[LIBRDKAFKA] 4400000 msgs, avg_lat=0.00ms, throughput=203995/s
[LIBRDKAFKA] 4450000 msgs, avg_lat=0.00ms, throughput=211967/s
[LIBRDKAFKA] 4500000 msgs, avg_lat=0.00ms, throughput=168784/s
[LIBRDKAFKA] 4550000 msgs, avg_lat=0.00ms, throughput=201303/s
[LIBRDKAFKA] 4600000 msgs, avg_lat=0.00ms, throughput=211275/s
[LIBRDKAFKA] 4650000 msgs, avg_lat=0.00ms, throughput=195431/s
[LIBRDKAFKA] 4700000 msgs, avg_lat=0.00ms, throughput=214008/s
[LIBRDKAFKA] 4750000 msgs, avg_lat=0.00ms, throughput=220358/s
[LIBRDKAFKA] 4800000 msgs, avg_lat=0.00ms, throughput=164223/s
[LIBRDKAFKA] 4850000 msgs, avg_lat=0.00ms, throughput=254838/s
[LIBRDKAFKA] 4900000 msgs, avg_lat=0.00ms, throughput=205127/s
[LIBRDKAFKA] 4950000 msgs, avg_lat=0.00ms, throughput=163092/s
[LIBRDKAFKA] 5000000 msgs, avg_lat=0.00ms, throughput=225223/s
[LIBRDKAFKA] 5050000 msgs, avg_lat=0.00ms, throughput=226101/s
[LIBRDKAFKA] 5100000 msgs, avg_lat=0.00ms, throughput=199563/s
[LIBRDKAFKA] 5150000 msgs, avg_lat=0.00ms, throughput=203207/s
[LIBRDKAFKA] 5200000 msgs, avg_lat=0.00ms, throughput=192932/s
[LIBRDKAFKA] 5250000 msgs, avg_lat=0.00ms, throughput=207806/s
[LIBRDKAFKA] 5300000 msgs, avg_lat=0.00ms, throughput=199855/s
[LIBRDKAFKA] 5350000 msgs, avg_lat=0.00ms, throughput=190999/s
[LIBRDKAFKA] 5400000 msgs, avg_lat=0.00ms, throughput=233081/s
[LIBRDKAFKA] 5450000 msgs, avg_lat=0.00ms, throughput=190656/s
[LIBRDKAFKA] 5500000 msgs, avg_lat=0.00ms, throughput=196271/s
[LIBRDKAFKA] 5550000 msgs, avg_lat=0.00ms, throughput=203974/s
[LIBRDKAFKA] 5600000 msgs, avg_lat=0.00ms, throughput=183200/s
[LIBRDKAFKA] 5650000 msgs, avg_lat=0.00ms, throughput=193597/s
[LIBRDKAFKA] 5700000 msgs, avg_lat=0.00ms, throughput=193594/s
[LIBRDKAFKA] 5750000 msgs, avg_lat=0.00ms, throughput=189515/s
[LIBRDKAFKA] 5800000 msgs, avg_lat=0.00ms, throughput=195781/s
[LIBRDKAFKA] 5850000 msgs, avg_lat=0.00ms, throughput=209713/s
[LIBRDKAFKA] 5900000 msgs, avg_lat=0.00ms, throughput=211534/s
[LIBRDKAFKA] 5950000 msgs, avg_lat=0.00ms, throughput=211208/s
[LIBRDKAFKA] 6000000 msgs, avg_lat=0.00ms, throughput=218899/s
[LIBRDKAFKA] 6050000 msgs, avg_lat=0.00ms, throughput=173874/s
[LIBRDKAFKA] 6100000 msgs, avg_lat=0.00ms, throughput=221057/s
[LIBRDKAFKA] Warmup complete (30 secs), starting measurement...
[LIBRDKAFKA] 6150000 msgs, avg_lat=148.79ms, throughput=203562/s
[LIBRDKAFKA] 6200000 msgs, avg_lat=143.13ms, throughput=190126/s
[LIBRDKAFKA] 6250000 msgs, avg_lat=146.41ms, throughput=186071/s
[LIBRDKAFKA] 6300000 msgs, avg_lat=147.64ms, throughput=177122/s
[LIBRDKAFKA] 6350000 msgs, avg_lat=148.24ms, throughput=209462/s
[LIBRDKAFKA] 6400000 msgs, avg_lat=147.31ms, throughput=208902/s
[LIBRDKAFKA] 6450000 msgs, avg_lat=146.95ms, throughput=190027/s
[LIBRDKAFKA] 6500000 msgs, avg_lat=147.37ms, throughput=198485/s
[LIBRDKAFKA] 6550000 msgs, avg_lat=148.03ms, throughput=210419/s
[LIBRDKAFKA] 6600000 msgs, avg_lat=147.02ms, throughput=197539/s
[LIBRDKAFKA] 6650000 msgs, avg_lat=147.23ms, throughput=195976/s
[LIBRDKAFKA] 6700000 msgs, avg_lat=147.37ms, throughput=199447/s
[LIBRDKAFKA] 6750000 msgs, avg_lat=147.84ms, throughput=199071/s
[LIBRDKAFKA] 6800000 msgs, avg_lat=147.95ms, throughput=207695/s
[LIBRDKAFKA] 6850000 msgs, avg_lat=147.59ms, throughput=203046/s
[LIBRDKAFKA] 6900000 msgs, avg_lat=147.52ms, throughput=209064/s
[LIBRDKAFKA] 6950000 msgs, avg_lat=147.87ms, throughput=199625/s
[LIBRDKAFKA] 7000000 msgs, avg_lat=147.62ms, throughput=206335/s
[LIBRDKAFKA] 7050000 msgs, avg_lat=147.71ms, throughput=205017/s
[LIBRDKAFKA] 7100000 msgs, avg_lat=147.95ms, throughput=198884/s
[LIBRDKAFKA] 7150000 msgs, avg_lat=147.86ms, throughput=201665/s
[LIBRDKAFKA] 7200000 msgs, avg_lat=147.82ms, throughput=217534/s
[LIBRDKAFKA] 7250000 msgs, avg_lat=147.90ms, throughput=194831/s
[LIBRDKAFKA] 7300000 msgs, avg_lat=147.89ms, throughput=192131/s
[LIBRDKAFKA] 7350000 msgs, avg_lat=147.92ms, throughput=211355/s
[LIBRDKAFKA] 7400000 msgs, avg_lat=147.99ms, throughput=187817/s
[LIBRDKAFKA] 7450000 msgs, avg_lat=147.93ms, throughput=201650/s
[LIBRDKAFKA] 7500000 msgs, avg_lat=148.03ms, throughput=218711/s
[LIBRDKAFKA] 7550000 msgs, avg_lat=148.02ms, throughput=190661/s
[LIBRDKAFKA] 7600000 msgs, avg_lat=148.07ms, throughput=200725/s
[LIBRDKAFKA] 7650000 msgs, avg_lat=148.04ms, throughput=201224/s
[LIBRDKAFKA] 7700000 msgs, avg_lat=147.91ms, throughput=207242/s
[LIBRDKAFKA] 7750000 msgs, avg_lat=147.86ms, throughput=196020/s
[LIBRDKAFKA] 7800000 msgs, avg_lat=148.00ms, throughput=182313/s
[LIBRDKAFKA] 7850000 msgs, avg_lat=148.15ms, throughput=208143/s
[LIBRDKAFKA] 7900000 msgs, avg_lat=148.09ms, throughput=195843/s
[LIBRDKAFKA] 7950000 msgs, avg_lat=148.01ms, throughput=183972/s
[LIBRDKAFKA] 8000000 msgs, avg_lat=148.09ms, throughput=206885/s
[LIBRDKAFKA] 8050000 msgs, avg_lat=148.02ms, throughput=199109/s
[LIBRDKAFKA] 8100000 msgs, avg_lat=147.87ms, throughput=207459/s
[INTERVAL 0] msgs=2007999, throughput=200692/s, p99=277.00ms, cpu=28.7%, mem=94.2MB
[LIBRDKAFKA] 8150000 msgs, avg_lat=147.88ms, throughput=199695/s
[LIBRDKAFKA] 8200000 msgs, avg_lat=147.91ms, throughput=184052/s
[LIBRDKAFKA] 8250000 msgs, avg_lat=147.91ms, throughput=199289/s
[LIBRDKAFKA] 8300000 msgs, avg_lat=147.97ms, throughput=204105/s
[LIBRDKAFKA] 8350000 msgs, avg_lat=147.96ms, throughput=208346/s
[LIBRDKAFKA] 8400000 msgs, avg_lat=147.94ms, throughput=188474/s
[LIBRDKAFKA] 8450000 msgs, avg_lat=147.89ms, throughput=217034/s
[LIBRDKAFKA] 8500000 msgs, avg_lat=147.86ms, throughput=217361/s
[LIBRDKAFKA] 8550000 msgs, avg_lat=147.73ms, throughput=205241/s
[LIBRDKAFKA] 8600000 msgs, avg_lat=147.78ms, throughput=201655/s
[LIBRDKAFKA] 8650000 msgs, avg_lat=147.76ms, throughput=162885/s
[LIBRDKAFKA] 8700000 msgs, avg_lat=147.80ms, throughput=254285/s
[LIBRDKAFKA] 8750000 msgs, avg_lat=147.84ms, throughput=184607/s
[LIBRDKAFKA] 8800000 msgs, avg_lat=147.79ms, throughput=191503/s
[LIBRDKAFKA] 8850000 msgs, avg_lat=147.77ms, throughput=208565/s
[LIBRDKAFKA] 8900000 msgs, avg_lat=147.90ms, throughput=198069/s
[LIBRDKAFKA] 8950000 msgs, avg_lat=147.82ms, throughput=198239/s
[LIBRDKAFKA] 9000000 msgs, avg_lat=147.78ms, throughput=212060/s
[LIBRDKAFKA] 9050000 msgs, avg_lat=147.72ms, throughput=188802/s
[LIBRDKAFKA] 9100000 msgs, avg_lat=147.81ms, throughput=202378/s
[LIBRDKAFKA] 9150000 msgs, avg_lat=147.91ms, throughput=183969/s
[LIBRDKAFKA] 9200000 msgs, avg_lat=147.86ms, throughput=224502/s
[LIBRDKAFKA] 9250000 msgs, avg_lat=147.78ms, throughput=186642/s
[LIBRDKAFKA] 9300000 msgs, avg_lat=147.77ms, throughput=204739/s
[LIBRDKAFKA] 9350000 msgs, avg_lat=147.74ms, throughput=219909/s
[LIBRDKAFKA] 9400000 msgs, avg_lat=147.68ms, throughput=199026/s
[LIBRDKAFKA] 9450000 msgs, avg_lat=147.62ms, throughput=201908/s
[LIBRDKAFKA] 9500000 msgs, avg_lat=147.65ms, throughput=201941/s
[LIBRDKAFKA] 9550000 msgs, avg_lat=147.67ms, throughput=211131/s
[LIBRDKAFKA] 9600000 msgs, avg_lat=147.63ms, throughput=186714/s
[LIBRDKAFKA] 9650000 msgs, avg_lat=147.69ms, throughput=195612/s
[LIBRDKAFKA] 9700000 msgs, avg_lat=147.70ms, throughput=204423/s
[LIBRDKAFKA] 9750000 msgs, avg_lat=147.72ms, throughput=185813/s
[LIBRDKAFKA] 9800000 msgs, avg_lat=147.77ms, throughput=205122/s
[LIBRDKAFKA] 9850000 msgs, avg_lat=147.77ms, throughput=216647/s
[LIBRDKAFKA] 9900000 msgs, avg_lat=147.69ms, throughput=187856/s
[LIBRDKAFKA] 9950000 msgs, avg_lat=147.77ms, throughput=203565/s
[LIBRDKAFKA] 10000000 msgs, avg_lat=147.79ms, throughput=205860/s
[LIBRDKAFKA] 10050000 msgs, avg_lat=147.81ms, throughput=204893/s
[LIBRDKAFKA] 10100000 msgs, avg_lat=147.81ms, throughput=188976/s
[INTERVAL 1] msgs=2002000, throughput=199816/s, p99=278.00ms, cpu=31.8%, mem=94.3MB
[LIBRDKAFKA] 10150000 msgs, avg_lat=147.79ms, throughput=201852/s
[LIBRDKAFKA] 10200000 msgs, avg_lat=147.81ms, throughput=203940/s
[LIBRDKAFKA] 10250000 msgs, avg_lat=147.86ms, throughput=191443/s
[LIBRDKAFKA] 10300000 msgs, avg_lat=147.78ms, throughput=193240/s
[LIBRDKAFKA] 10350000 msgs, avg_lat=147.82ms, throughput=204972/s
[LIBRDKAFKA] 10400000 msgs, avg_lat=147.80ms, throughput=188804/s
[LIBRDKAFKA] 10450000 msgs, avg_lat=147.85ms, throughput=200143/s
[LIBRDKAFKA] 10500000 msgs, avg_lat=147.84ms, throughput=198763/s
[LIBRDKAFKA] 10550000 msgs, avg_lat=147.79ms, throughput=187629/s
[LIBRDKAFKA] 10600000 msgs, avg_lat=147.86ms, throughput=198164/s
[LIBRDKAFKA] 10650000 msgs, avg_lat=147.88ms, throughput=237583/s
[LIBRDKAFKA] 10700000 msgs, avg_lat=147.88ms, throughput=199870/s
[LIBRDKAFKA] 10750000 msgs, avg_lat=147.88ms, throughput=212393/s
[LIBRDKAFKA] 10800000 msgs, avg_lat=147.94ms, throughput=202113/s
[LIBRDKAFKA] 10850000 msgs, avg_lat=147.92ms, throughput=185942/s
[LIBRDKAFKA] 10900000 msgs, avg_lat=147.90ms, throughput=206894/s
[LIBRDKAFKA] 10950000 msgs, avg_lat=147.88ms, throughput=191202/s
[LIBRDKAFKA] 11000000 msgs, avg_lat=147.89ms, throughput=195774/s
[LIBRDKAFKA] 11050000 msgs, avg_lat=147.90ms, throughput=194607/s
[LIBRDKAFKA] 11100000 msgs, avg_lat=147.90ms, throughput=195353/s
[LIBRDKAFKA] 11150000 msgs, avg_lat=147.90ms, throughput=207245/s
[LIBRDKAFKA] 11200000 msgs, avg_lat=147.88ms, throughput=193762/s
[LIBRDKAFKA] 11250000 msgs, avg_lat=147.86ms, throughput=196660/s
[LIBRDKAFKA] 11300000 msgs, avg_lat=147.89ms, throughput=215960/s
[LIBRDKAFKA] 11350000 msgs, avg_lat=147.89ms, throughput=213325/s
[LIBRDKAFKA] 11400000 msgs, avg_lat=147.91ms, throughput=195117/s
[LIBRDKAFKA] 11450000 msgs, avg_lat=147.90ms, throughput=219363/s
[LIBRDKAFKA] 11500000 msgs, avg_lat=147.90ms, throughput=206726/s
[LIBRDKAFKA] 11550000 msgs, avg_lat=147.92ms, throughput=195306/s
[LIBRDKAFKA] 11600000 msgs, avg_lat=147.89ms, throughput=197172/s
[LIBRDKAFKA] 11650000 msgs, avg_lat=147.85ms, throughput=184686/s
[LIBRDKAFKA] 11700000 msgs, avg_lat=147.85ms, throughput=201497/s
[LIBRDKAFKA] 11750000 msgs, avg_lat=147.86ms, throughput=190574/s
[LIBRDKAFKA] 11800000 msgs, avg_lat=147.82ms, throughput=199144/s
[LIBRDKAFKA] 11850000 msgs, avg_lat=147.78ms, throughput=201316/s
[LIBRDKAFKA] 11900000 msgs, avg_lat=147.81ms, throughput=179007/s
[LIBRDKAFKA] 11950000 msgs, avg_lat=147.79ms, throughput=191924/s
[LIBRDKAFKA] 12000000 msgs, avg_lat=147.82ms, throughput=215866/s
[LIBRDKAFKA] 12050000 msgs, avg_lat=147.86ms, throughput=190121/s
[LIBRDKAFKA] 12100000 msgs, avg_lat=147.83ms, throughput=212312/s
[INTERVAL 2] msgs=2006000, throughput=200049/s, p99=279.00ms, cpu=32.2%, mem=94.5MB
[LIBRDKAFKA] 12150000 msgs, avg_lat=147.82ms, throughput=187826/s
[LIBRDKAFKA] 12200000 msgs, avg_lat=147.84ms, throughput=213106/s
[LIBRDKAFKA] 12250000 msgs, avg_lat=147.81ms, throughput=192841/s
[LIBRDKAFKA] 12300000 msgs, avg_lat=147.84ms, throughput=208131/s
[LIBRDKAFKA] 12350000 msgs, avg_lat=147.86ms, throughput=188040/s
[LIBRDKAFKA] 12400000 msgs, avg_lat=147.89ms, throughput=213037/s
[LIBRDKAFKA] 12450000 msgs, avg_lat=147.86ms, throughput=196193/s
[LIBRDKAFKA] 12500000 msgs, avg_lat=147.84ms, throughput=200012/s
[LIBRDKAFKA] 12550000 msgs, avg_lat=147.83ms, throughput=206973/s
[LIBRDKAFKA] 12600000 msgs, avg_lat=147.86ms, throughput=210910/s
[LIBRDKAFKA] 12650000 msgs, avg_lat=147.85ms, throughput=199318/s
[LIBRDKAFKA] 12700000 msgs, avg_lat=147.86ms, throughput=206618/s
[LIBRDKAFKA] 12750000 msgs, avg_lat=147.87ms, throughput=182680/s
[LIBRDKAFKA] 12800000 msgs, avg_lat=147.86ms, throughput=210042/s
[LIBRDKAFKA] 12850000 msgs, avg_lat=147.90ms, throughput=196738/s
[LIBRDKAFKA] 12900000 msgs, avg_lat=147.87ms, throughput=203903/s
[LIBRDKAFKA] 12950000 msgs, avg_lat=147.88ms, throughput=208216/s
[LIBRDKAFKA] 13000000 msgs, avg_lat=147.88ms, throughput=186091/s
[LIBRDKAFKA] 13050000 msgs, avg_lat=147.87ms, throughput=194780/s
[LIBRDKAFKA] 13100000 msgs, avg_lat=147.88ms, throughput=199963/s
[LIBRDKAFKA] 13150000 msgs, avg_lat=147.87ms, throughput=201295/s
[LIBRDKAFKA] 13200000 msgs, avg_lat=147.85ms, throughput=219731/s
[LIBRDKAFKA] 13250000 msgs, avg_lat=147.85ms, throughput=191203/s
[LIBRDKAFKA] 13300000 msgs, avg_lat=147.88ms, throughput=182315/s
[LIBRDKAFKA] 13350000 msgs, avg_lat=147.84ms, throughput=217511/s
[LIBRDKAFKA] 13400000 msgs, avg_lat=147.84ms, throughput=203785/s
[LIBRDKAFKA] 13450000 msgs, avg_lat=147.87ms, throughput=194996/s
[LIBRDKAFKA] 13500000 msgs, avg_lat=147.91ms, throughput=211901/s
[LIBRDKAFKA] 13550000 msgs, avg_lat=147.88ms, throughput=212877/s
[LIBRDKAFKA] 13600000 msgs, avg_lat=147.87ms, throughput=179085/s
[LIBRDKAFKA] 13650000 msgs, avg_lat=147.87ms, throughput=219502/s
[LIBRDKAFKA] 13700000 msgs, avg_lat=147.90ms, throughput=190323/s
[LIBRDKAFKA] 13750000 msgs, avg_lat=147.86ms, throughput=219047/s
[LIBRDKAFKA] 13800000 msgs, avg_lat=147.89ms, throughput=205877/s
[LIBRDKAFKA] 13850000 msgs, avg_lat=147.89ms, throughput=180655/s
[LIBRDKAFKA] 13900000 msgs, avg_lat=147.90ms, throughput=196970/s
[LIBRDKAFKA] 13950000 msgs, avg_lat=147.95ms, throughput=206483/s
[LIBRDKAFKA] 14000000 msgs, avg_lat=147.94ms, throughput=183887/s
[LIBRDKAFKA] 14050000 msgs, avg_lat=147.94ms, throughput=219748/s
[LIBRDKAFKA] 14100000 msgs, avg_lat=147.93ms, throughput=198669/s
[INTERVAL 3] msgs=1998000, throughput=199771/s, p99=281.00ms, cpu=32.5%, mem=94.9MB
[LIBRDKAFKA] 14150000 msgs, avg_lat=147.93ms, throughput=221207/s
[LIBRDKAFKA] 14200000 msgs, avg_lat=147.91ms, throughput=187442/s
[LIBRDKAFKA] 14250000 msgs, avg_lat=147.93ms, throughput=187117/s
[LIBRDKAFKA] 14300000 msgs, avg_lat=147.92ms, throughput=196512/s
[LIBRDKAFKA] 14350000 msgs, avg_lat=147.89ms, throughput=220016/s
[LIBRDKAFKA] 14400000 msgs, avg_lat=147.91ms, throughput=187255/s
[LIBRDKAFKA] 14450000 msgs, avg_lat=147.92ms, throughput=194799/s
[LIBRDKAFKA] 14500000 msgs, avg_lat=147.92ms, throughput=210392/s
[LIBRDKAFKA] 14550000 msgs, avg_lat=147.92ms, throughput=199275/s
[LIBRDKAFKA] 14600000 msgs, avg_lat=147.89ms, throughput=207373/s
[LIBRDKAFKA] 14650000 msgs, avg_lat=147.87ms, throughput=191634/s
[LIBRDKAFKA] 14700000 msgs, avg_lat=147.87ms, throughput=182609/s
[LIBRDKAFKA] 14750000 msgs, avg_lat=147.89ms, throughput=210350/s
[LIBRDKAFKA] 14800000 msgs, avg_lat=147.93ms, throughput=210962/s
[LIBRDKAFKA] 14850000 msgs, avg_lat=147.89ms, throughput=191507/s
[LIBRDKAFKA] 14900000 msgs, avg_lat=147.90ms, throughput=207616/s
[LIBRDKAFKA] 14950000 msgs, avg_lat=147.90ms, throughput=202533/s
[LIBRDKAFKA] 15000000 msgs, avg_lat=147.92ms, throughput=195314/s
[LIBRDKAFKA] 15050000 msgs, avg_lat=147.90ms, throughput=223880/s
[LIBRDKAFKA] 15100000 msgs, avg_lat=147.87ms, throughput=195038/s
[LIBRDKAFKA] 15150000 msgs, avg_lat=147.89ms, throughput=205135/s
[LIBRDKAFKA] 15200000 msgs, avg_lat=147.89ms, throughput=189894/s
[LIBRDKAFKA] 15250000 msgs, avg_lat=147.91ms, throughput=217795/s
[LIBRDKAFKA] 15300000 msgs, avg_lat=147.87ms, throughput=194596/s
[LIBRDKAFKA] 15350000 msgs, avg_lat=147.86ms, throughput=182791/s
[LIBRDKAFKA] 15400000 msgs, avg_lat=147.87ms, throughput=209515/s
[LIBRDKAFKA] 15450000 msgs, avg_lat=147.84ms, throughput=199693/s
[LIBRDKAFKA] 15500000 msgs, avg_lat=147.83ms, throughput=179524/s
[LIBRDKAFKA] 15550000 msgs, avg_lat=147.85ms, throughput=212747/s
[LIBRDKAFKA] 15600000 msgs, avg_lat=147.85ms, throughput=209918/s
[LIBRDKAFKA] 15650000 msgs, avg_lat=147.84ms, throughput=195398/s
[LIBRDKAFKA] 15700000 msgs, avg_lat=147.84ms, throughput=185428/s
[LIBRDKAFKA] 15750000 msgs, avg_lat=147.84ms, throughput=234350/s
[LIBRDKAFKA] 15800000 msgs, avg_lat=147.85ms, throughput=175440/s
[LIBRDKAFKA] 15850000 msgs, avg_lat=147.88ms, throughput=203085/s
[LIBRDKAFKA] 15900000 msgs, avg_lat=147.88ms, throughput=237004/s
[LIBRDKAFKA] 15950000 msgs, avg_lat=147.86ms, throughput=192525/s
[LIBRDKAFKA] 16000000 msgs, avg_lat=147.85ms, throughput=211329/s
[LIBRDKAFKA] 16050000 msgs, avg_lat=147.84ms, throughput=181218/s
[LIBRDKAFKA] 16100000 msgs, avg_lat=147.86ms, throughput=205332/s
[INTERVAL 4] msgs=2002000, throughput=200194/s, p99=280.00ms, cpu=32.3%, mem=95.1MB
[LIBRDKAFKA] 16150000 msgs, avg_lat=147.84ms, throughput=213398/s
[LIBRDKAFKA] 16200000 msgs, avg_lat=147.80ms, throughput=193214/s
[LIBRDKAFKA] 16250000 msgs, avg_lat=147.82ms, throughput=198109/s
[LIBRDKAFKA] 16300000 msgs, avg_lat=147.84ms, throughput=203492/s
[LIBRDKAFKA] 16350000 msgs, avg_lat=147.82ms, throughput=207895/s
[LIBRDKAFKA] 16400000 msgs, avg_lat=147.81ms, throughput=205456/s
[LIBRDKAFKA] 16450000 msgs, avg_lat=147.81ms, throughput=175967/s
[LIBRDKAFKA] 16500000 msgs, avg_lat=147.82ms, throughput=210115/s
[LIBRDKAFKA] 16550000 msgs, avg_lat=147.82ms, throughput=209954/s
[LIBRDKAFKA] 16600000 msgs, avg_lat=147.82ms, throughput=181582/s
[LIBRDKAFKA] 16650000 msgs, avg_lat=147.82ms, throughput=214519/s
[LIBRDKAFKA] 16700000 msgs, avg_lat=147.84ms, throughput=216418/s
[LIBRDKAFKA] 16750000 msgs, avg_lat=147.84ms, throughput=171887/s
[LIBRDKAFKA] 16800000 msgs, avg_lat=147.85ms, throughput=236287/s
[LIBRDKAFKA] 16850000 msgs, avg_lat=147.84ms, throughput=227412/s
[LIBRDKAFKA] 16900000 msgs, avg_lat=147.84ms, throughput=156308/s
[LIBRDKAFKA] 16950000 msgs, avg_lat=147.83ms, throughput=191183/s
[LIBRDKAFKA] 17000000 msgs, avg_lat=147.83ms, throughput=215984/s
[LIBRDKAFKA] 17050000 msgs, avg_lat=147.82ms, throughput=192770/s
[LIBRDKAFKA] 17100000 msgs, avg_lat=147.83ms, throughput=215729/s
[LIBRDKAFKA] 17150000 msgs, avg_lat=147.84ms, throughput=171700/s
[LIBRDKAFKA] 17200000 msgs, avg_lat=147.83ms, throughput=210625/s
[LIBRDKAFKA] 17250000 msgs, avg_lat=147.82ms, throughput=222278/s
[LIBRDKAFKA] 17300000 msgs, avg_lat=147.85ms, throughput=182775/s
[LIBRDKAFKA] 17350000 msgs, avg_lat=147.84ms, throughput=235285/s
[LIBRDKAFKA] 17400000 msgs, avg_lat=147.85ms, throughput=185919/s
[LIBRDKAFKA] 17450000 msgs, avg_lat=147.81ms, throughput=203882/s
[LIBRDKAFKA] 17500000 msgs, avg_lat=147.83ms, throughput=192244/s
[LIBRDKAFKA] 17550000 msgs, avg_lat=147.83ms, throughput=210741/s
[LIBRDKAFKA] 17600000 msgs, avg_lat=147.84ms, throughput=192892/s
[LIBRDKAFKA] 17650000 msgs, avg_lat=147.81ms, throughput=211061/s
[LIBRDKAFKA] 17700000 msgs, avg_lat=147.80ms, throughput=191588/s
[LIBRDKAFKA] 17750000 msgs, avg_lat=147.80ms, throughput=215437/s
[LIBRDKAFKA] 17800000 msgs, avg_lat=147.82ms, throughput=205010/s
[LIBRDKAFKA] 17850000 msgs, avg_lat=147.79ms, throughput=180165/s
[LIBRDKAFKA] 17900000 msgs, avg_lat=147.82ms, throughput=193033/s
[LIBRDKAFKA] 17950000 msgs, avg_lat=147.83ms, throughput=199577/s
[LIBRDKAFKA] 18000000 msgs, avg_lat=147.82ms, throughput=200291/s
[LIBRDKAFKA] 18050000 msgs, avg_lat=147.82ms, throughput=215963/s
[LIBRDKAFKA] 18100000 msgs, avg_lat=147.85ms, throughput=171874/s
[INTERVAL 5] msgs=2006000, throughput=200591/s, p99=279.00ms, cpu=32.0%, mem=95.1MB
[LIBRDKAFKA] 18150000 msgs, avg_lat=147.83ms, throughput=213374/s
[LIBRDKAFKA] 18200000 msgs, avg_lat=147.84ms, throughput=203122/s
[LIBRDKAFKA] 18250000 msgs, avg_lat=147.86ms, throughput=210184/s
[LIBRDKAFKA] 18300000 msgs, avg_lat=147.85ms, throughput=207733/s
[LIBRDKAFKA] 18350000 msgs, avg_lat=147.85ms, throughput=212285/s
[LIBRDKAFKA] 18400000 msgs, avg_lat=147.85ms, throughput=183953/s
[LIBRDKAFKA] 18450000 msgs, avg_lat=147.86ms, throughput=206832/s
[LIBRDKAFKA] 18500000 msgs, avg_lat=147.89ms, throughput=211423/s
[LIBRDKAFKA] 18550000 msgs, avg_lat=147.84ms, throughput=177435/s
[LIBRDKAFKA] 18600000 msgs, avg_lat=147.86ms, throughput=206016/s
[LIBRDKAFKA] 18650000 msgs, avg_lat=147.88ms, throughput=194028/s
[LIBRDKAFKA] 18700000 msgs, avg_lat=147.89ms, throughput=218299/s
[LIBRDKAFKA] 18750000 msgs, avg_lat=147.88ms, throughput=207105/s
[LIBRDKAFKA] 18800000 msgs, avg_lat=147.87ms, throughput=203112/s
[LIBRDKAFKA] 18850000 msgs, avg_lat=147.87ms, throughput=199683/s
[LIBRDKAFKA] 18900000 msgs, avg_lat=147.89ms, throughput=186213/s
[LIBRDKAFKA] 18950000 msgs, avg_lat=147.87ms, throughput=204728/s
[LIBRDKAFKA] 19000000 msgs, avg_lat=147.87ms, throughput=192331/s
[LIBRDKAFKA] 19050000 msgs, avg_lat=147.86ms, throughput=204579/s
[LIBRDKAFKA] 19100000 msgs, avg_lat=147.86ms, throughput=195137/s
[LIBRDKAFKA] 19150000 msgs, avg_lat=147.86ms, throughput=214016/s
[LIBRDKAFKA] 19200000 msgs, avg_lat=147.87ms, throughput=189413/s
[LIBRDKAFKA] 19250000 msgs, avg_lat=147.86ms, throughput=213459/s
[LIBRDKAFKA] 19300000 msgs, avg_lat=147.86ms, throughput=191446/s
[LIBRDKAFKA] 19350000 msgs, avg_lat=147.86ms, throughput=167692/s
[LIBRDKAFKA] 19400000 msgs, avg_lat=147.86ms, throughput=211856/s
[LIBRDKAFKA] 19450000 msgs, avg_lat=147.86ms, throughput=209401/s
[LIBRDKAFKA] 19500000 msgs, avg_lat=147.87ms, throughput=200450/s
[LIBRDKAFKA] 19550000 msgs, avg_lat=147.88ms, throughput=198436/s
[LIBRDKAFKA] 19600000 msgs, avg_lat=147.89ms, throughput=218811/s
[LIBRDKAFKA] 19650000 msgs, avg_lat=147.87ms, throughput=192800/s
[LIBRDKAFKA] 19700000 msgs, avg_lat=147.88ms, throughput=197720/s
[LIBRDKAFKA] 19750000 msgs, avg_lat=147.88ms, throughput=194316/s
[LIBRDKAFKA] 19800000 msgs, avg_lat=147.88ms, throughput=210961/s
[LIBRDKAFKA] 19850000 msgs, avg_lat=147.86ms, throughput=182216/s
[LIBRDKAFKA] 19900000 msgs, avg_lat=147.87ms, throughput=229145/s
[LIBRDKAFKA] 19950000 msgs, avg_lat=147.88ms, throughput=200956/s
[LIBRDKAFKA] 20000000 msgs, avg_lat=147.89ms, throughput=208608/s
[LIBRDKAFKA] 20050000 msgs, avg_lat=147.86ms, throughput=210465/s
[LIBRDKAFKA] 20100000 msgs, avg_lat=147.87ms, throughput=202216/s
[INTERVAL 6] msgs=2000000, throughput=198554/s, p99=280.00ms, cpu=31.9%, mem=95.1MB
[LIBRDKAFKA] 20150000 msgs, avg_lat=147.87ms, throughput=206346/s
[LIBRDKAFKA] 20200000 msgs, avg_lat=147.84ms, throughput=191188/s
[LIBRDKAFKA] 20250000 msgs, avg_lat=147.85ms, throughput=197159/s
[LIBRDKAFKA] 20300000 msgs, avg_lat=147.85ms, throughput=206699/s
[LIBRDKAFKA] 20350000 msgs, avg_lat=147.86ms, throughput=200683/s
[LIBRDKAFKA] 20400000 msgs, avg_lat=147.85ms, throughput=198428/s
[LIBRDKAFKA] 20450000 msgs, avg_lat=147.85ms, throughput=209222/s
[LIBRDKAFKA] 20500000 msgs, avg_lat=147.85ms, throughput=174561/s
[LIBRDKAFKA] 20550000 msgs, avg_lat=147.86ms, throughput=220524/s
[LIBRDKAFKA] 20600000 msgs, avg_lat=147.85ms, throughput=187330/s
[LIBRDKAFKA] 20650000 msgs, avg_lat=147.85ms, throughput=201744/s
[LIBRDKAFKA] 20700000 msgs, avg_lat=147.85ms, throughput=204560/s
[LIBRDKAFKA] 20750000 msgs, avg_lat=147.85ms, throughput=193639/s
[LIBRDKAFKA] 20800000 msgs, avg_lat=147.87ms, throughput=211597/s
[LIBRDKAFKA] 20850000 msgs, avg_lat=147.88ms, throughput=200560/s
[LIBRDKAFKA] 20900000 msgs, avg_lat=147.87ms, throughput=214789/s
[LIBRDKAFKA] 20950000 msgs, avg_lat=147.86ms, throughput=195293/s
[LIBRDKAFKA] 21000000 msgs, avg_lat=147.86ms, throughput=189711/s
[LIBRDKAFKA] 21050000 msgs, avg_lat=147.87ms, throughput=203108/s
[LIBRDKAFKA] 21100000 msgs, avg_lat=147.90ms, throughput=203848/s
[LIBRDKAFKA] 21150000 msgs, avg_lat=147.88ms, throughput=213887/s
[LIBRDKAFKA] 21200000 msgs, avg_lat=147.88ms, throughput=185204/s
[LIBRDKAFKA] 21250000 msgs, avg_lat=147.88ms, throughput=196404/s
[LIBRDKAFKA] 21300000 msgs, avg_lat=147.91ms, throughput=183297/s
[LIBRDKAFKA] 21350000 msgs, avg_lat=147.91ms, throughput=209665/s
[LIBRDKAFKA] 21400000 msgs, avg_lat=147.89ms, throughput=198803/s
[LIBRDKAFKA] 21450000 msgs, avg_lat=147.90ms, throughput=198238/s
[LIBRDKAFKA] 21500000 msgs, avg_lat=147.90ms, throughput=188014/s
[LIBRDKAFKA] 21550000 msgs, avg_lat=147.89ms, throughput=193087/s
[LIBRDKAFKA] 21600000 msgs, avg_lat=147.89ms, throughput=226020/s
[LIBRDKAFKA] 21650000 msgs, avg_lat=147.88ms, throughput=213674/s
[LIBRDKAFKA] 21700000 msgs, avg_lat=147.89ms, throughput=181079/s
[LIBRDKAFKA] 21750000 msgs, avg_lat=147.88ms, throughput=214095/s
[LIBRDKAFKA] 21800000 msgs, avg_lat=147.88ms, throughput=195599/s
[LIBRDKAFKA] 21850000 msgs, avg_lat=147.88ms, throughput=219262/s
[LIBRDKAFKA] 21900000 msgs, avg_lat=147.88ms, throughput=200857/s
[LIBRDKAFKA] 21950000 msgs, avg_lat=147.89ms, throughput=202852/s
[LIBRDKAFKA] 22000000 msgs, avg_lat=147.88ms, throughput=173415/s
[LIBRDKAFKA] 22050000 msgs, avg_lat=147.88ms, throughput=209833/s
[LIBRDKAFKA] 22100000 msgs, avg_lat=147.89ms, throughput=206262/s
[INTERVAL 7] msgs=2014000, throughput=200965/s, p99=280.00ms, cpu=32.0%, mem=95.3MB
[LIBRDKAFKA] 22150000 msgs, avg_lat=147.89ms, throughput=213399/s
[LIBRDKAFKA] 22200000 msgs, avg_lat=147.91ms, throughput=219754/s
[LIBRDKAFKA] 22250000 msgs, avg_lat=147.89ms, throughput=164046/s
[LIBRDKAFKA] 22300000 msgs, avg_lat=147.90ms, throughput=211100/s
[LIBRDKAFKA] 22350000 msgs, avg_lat=147.90ms, throughput=187622/s
[LIBRDKAFKA] 22400000 msgs, avg_lat=147.91ms, throughput=207303/s
[LIBRDKAFKA] 22450000 msgs, avg_lat=147.91ms, throughput=207195/s
[LIBRDKAFKA] 22500000 msgs, avg_lat=147.90ms, throughput=181964/s
[LIBRDKAFKA] 22550000 msgs, avg_lat=147.92ms, throughput=201556/s
[LIBRDKAFKA] 22600000 msgs, avg_lat=147.91ms, throughput=212160/s
[LIBRDKAFKA] 22650000 msgs, avg_lat=147.88ms, throughput=195465/s
[LIBRDKAFKA] 22700000 msgs, avg_lat=147.89ms, throughput=205251/s
[LIBRDKAFKA] 22750000 msgs, avg_lat=147.91ms, throughput=204182/s
[LIBRDKAFKA] 22800000 msgs, avg_lat=147.89ms, throughput=200411/s
[LIBRDKAFKA] 22850000 msgs, avg_lat=147.89ms, throughput=211558/s
[LIBRDKAFKA] 22900000 msgs, avg_lat=147.89ms, throughput=184135/s
[LIBRDKAFKA] 22950000 msgs, avg_lat=147.90ms, throughput=217274/s
[LIBRDKAFKA] 23000000 msgs, avg_lat=147.91ms, throughput=188748/s
[LIBRDKAFKA] 23050000 msgs, avg_lat=147.92ms, throughput=217001/s
[LIBRDKAFKA] 23100000 msgs, avg_lat=147.90ms, throughput=180708/s
[LIBRDKAFKA] 23150000 msgs, avg_lat=147.91ms, throughput=201472/s
[LIBRDKAFKA] 23200000 msgs, avg_lat=147.91ms, throughput=193082/s
[LIBRDKAFKA] 23250000 msgs, avg_lat=147.91ms, throughput=216765/s
[LIBRDKAFKA] 23300000 msgs, avg_lat=147.91ms, throughput=230521/s
[LIBRDKAFKA] 23350000 msgs, avg_lat=147.91ms, throughput=169165/s
[LIBRDKAFKA] 23400000 msgs, avg_lat=147.93ms, throughput=202059/s
[LIBRDKAFKA] 23450000 msgs, avg_lat=147.94ms, throughput=198493/s
[LIBRDKAFKA] 23500000 msgs, avg_lat=147.94ms, throughput=200501/s
[LIBRDKAFKA] 23550000 msgs, avg_lat=147.94ms, throughput=216268/s
[LIBRDKAFKA] 23600000 msgs, avg_lat=147.93ms, throughput=183944/s
[LIBRDKAFKA] 23650000 msgs, avg_lat=147.93ms, throughput=241122/s
[LIBRDKAFKA] 23700000 msgs, avg_lat=147.94ms, throughput=181972/s
[LIBRDKAFKA] 23750000 msgs, avg_lat=147.93ms, throughput=195952/s
[LIBRDKAFKA] 23800000 msgs, avg_lat=147.95ms, throughput=191364/s
[LIBRDKAFKA] 23850000 msgs, avg_lat=147.94ms, throughput=217855/s
[LIBRDKAFKA] 23900000 msgs, avg_lat=147.94ms, throughput=170533/s
[LIBRDKAFKA] 23950000 msgs, avg_lat=147.95ms, throughput=208524/s
[LIBRDKAFKA] 24000000 msgs, avg_lat=147.97ms, throughput=190781/s
[LIBRDKAFKA] 24050000 msgs, avg_lat=147.96ms, throughput=211600/s
[LIBRDKAFKA] 24100000 msgs, avg_lat=147.96ms, throughput=208951/s
[INTERVAL 8] msgs=2000000, throughput=199999/s, p99=279.00ms, cpu=32.1%, mem=95.3MB
[LIBRDKAFKA] 24150000 msgs, avg_lat=147.95ms, throughput=201213/s
[LIBRDKAFKA] 24200000 msgs, avg_lat=147.94ms, throughput=191810/s
[LIBRDKAFKA] 24250000 msgs, avg_lat=147.95ms, throughput=206786/s
[LIBRDKAFKA] 24300000 msgs, avg_lat=147.95ms, throughput=196901/s
[LIBRDKAFKA] 24350000 msgs, avg_lat=147.95ms, throughput=210539/s
[LIBRDKAFKA] 24400000 msgs, avg_lat=147.94ms, throughput=201485/s
[LIBRDKAFKA] 24450000 msgs, avg_lat=147.94ms, throughput=199304/s
[LIBRDKAFKA] 24500000 msgs, avg_lat=147.95ms, throughput=219125/s
[LIBRDKAFKA] 24550000 msgs, avg_lat=147.97ms, throughput=195965/s
[LIBRDKAFKA] 24600000 msgs, avg_lat=147.95ms, throughput=179691/s
[LIBRDKAFKA] 24650000 msgs, avg_lat=147.95ms, throughput=211033/s
[LIBRDKAFKA] 24700000 msgs, avg_lat=147.94ms, throughput=198378/s
[LIBRDKAFKA] 24750000 msgs, avg_lat=147.95ms, throughput=192438/s
[LIBRDKAFKA] 24800000 msgs, avg_lat=147.95ms, throughput=206175/s
[LIBRDKAFKA] 24850000 msgs, avg_lat=147.92ms, throughput=196417/s
[LIBRDKAFKA] 24900000 msgs, avg_lat=147.93ms, throughput=199643/s
[LIBRDKAFKA] 24950000 msgs, avg_lat=147.93ms, throughput=213881/s
[LIBRDKAFKA] 25000000 msgs, avg_lat=147.92ms, throughput=190861/s
[LIBRDKAFKA] 25050000 msgs, avg_lat=147.92ms, throughput=205009/s
[LIBRDKAFKA] 25100000 msgs, avg_lat=147.93ms, throughput=194063/s
[LIBRDKAFKA] 25150000 msgs, avg_lat=147.93ms, throughput=191769/s
[LIBRDKAFKA] 25200000 msgs, avg_lat=147.93ms, throughput=196192/s
[LIBRDKAFKA] 25250000 msgs, avg_lat=147.94ms, throughput=214594/s
[LIBRDKAFKA] 25300000 msgs, avg_lat=147.93ms, throughput=195135/s
[LIBRDKAFKA] 25350000 msgs, avg_lat=147.93ms, throughput=212848/s
[LIBRDKAFKA] 25400000 msgs, avg_lat=147.92ms, throughput=202716/s
[LIBRDKAFKA] 25450000 msgs, avg_lat=147.90ms, throughput=202925/s
[LIBRDKAFKA] 25500000 msgs, avg_lat=147.91ms, throughput=195658/s
[LIBRDKAFKA] 25550000 msgs, avg_lat=147.89ms, throughput=202217/s
[LIBRDKAFKA] 25600000 msgs, avg_lat=147.91ms, throughput=199607/s
[LIBRDKAFKA] 25650000 msgs, avg_lat=147.92ms, throughput=200836/s
[LIBRDKAFKA] 25700000 msgs, avg_lat=147.90ms, throughput=201106/s
[LIBRDKAFKA] 25750000 msgs, avg_lat=147.91ms, throughput=196438/s
[LIBRDKAFKA] 25800000 msgs, avg_lat=147.91ms, throughput=205360/s
[LIBRDKAFKA] 25850000 msgs, avg_lat=147.91ms, throughput=184831/s
[LIBRDKAFKA] 25900000 msgs, avg_lat=147.89ms, throughput=214796/s
[LIBRDKAFKA] 25950000 msgs, avg_lat=147.89ms, throughput=182874/s
[LIBRDKAFKA] 26000000 msgs, avg_lat=147.88ms, throughput=211611/s
[LIBRDKAFKA] 26050000 msgs, avg_lat=147.90ms, throughput=209461/s
[LIBRDKAFKA] 26100000 msgs, avg_lat=147.90ms, throughput=200424/s
[INTERVAL 9] msgs=2000000, throughput=199988/s, p99=278.00ms, cpu=32.0%, mem=95.3MB
[LIBRDKAFKA] 26150000 msgs, avg_lat=147.90ms, throughput=200415/s
[LIBRDKAFKA] 26200000 msgs, avg_lat=147.89ms, throughput=199267/s
[LIBRDKAFKA] 26250000 msgs, avg_lat=147.89ms, throughput=180139/s
[LIBRDKAFKA] 26300000 msgs, avg_lat=147.89ms, throughput=191305/s
[LIBRDKAFKA] 26350000 msgs, avg_lat=147.89ms, throughput=203311/s
[LIBRDKAFKA] 26400000 msgs, avg_lat=147.90ms, throughput=194344/s
[LIBRDKAFKA] 26450000 msgs, avg_lat=147.89ms, throughput=198738/s
[LIBRDKAFKA] 26500000 msgs, avg_lat=147.88ms, throughput=205266/s
[LIBRDKAFKA] 26550000 msgs, avg_lat=147.88ms, throughput=212017/s
[LIBRDKAFKA] 26600000 msgs, avg_lat=147.89ms, throughput=209888/s
[LIBRDKAFKA] 26650000 msgs, avg_lat=147.89ms, throughput=192188/s
[LIBRDKAFKA] 26700000 msgs, avg_lat=147.89ms, throughput=211571/s
[LIBRDKAFKA] 26750000 msgs, avg_lat=147.90ms, throughput=203372/s
[LIBRDKAFKA] 26800000 msgs, avg_lat=147.90ms, throughput=206606/s
[LIBRDKAFKA] 26850000 msgs, avg_lat=147.91ms, throughput=215511/s
[LIBRDKAFKA] 26900000 msgs, avg_lat=147.91ms, throughput=191473/s
[LIBRDKAFKA] 26950000 msgs, avg_lat=147.91ms, throughput=198666/s
[LIBRDKAFKA] 27000000 msgs, avg_lat=147.92ms, throughput=180213/s
[LIBRDKAFKA] 27050000 msgs, avg_lat=147.91ms, throughput=179192/s
[LIBRDKAFKA] 27100000 msgs, avg_lat=147.91ms, throughput=207414/s
[LIBRDKAFKA] 27150000 msgs, avg_lat=147.92ms, throughput=200139/s
[LIBRDKAFKA] 27200000 msgs, avg_lat=147.91ms, throughput=248694/s
[LIBRDKAFKA] 27250000 msgs, avg_lat=147.91ms, throughput=191345/s
[LIBRDKAFKA] 27300000 msgs, avg_lat=147.89ms, throughput=205140/s
[LIBRDKAFKA] 27350000 msgs, avg_lat=147.90ms, throughput=193354/s
[LIBRDKAFKA] 27400000 msgs, avg_lat=147.90ms, throughput=183392/s
[LIBRDKAFKA] 27450000 msgs, avg_lat=147.89ms, throughput=241536/s
[LIBRDKAFKA] 27500000 msgs, avg_lat=147.88ms, throughput=210986/s
[LIBRDKAFKA] 27550000 msgs, avg_lat=147.88ms, throughput=195949/s
[LIBRDKAFKA] 27600000 msgs, avg_lat=147.88ms, throughput=154115/s
[LIBRDKAFKA] 27650000 msgs, avg_lat=147.89ms, throughput=209446/s
[LIBRDKAFKA] 27700000 msgs, avg_lat=147.90ms, throughput=201828/s
[LIBRDKAFKA] 27750000 msgs, avg_lat=147.89ms, throughput=221787/s
[LIBRDKAFKA] 27800000 msgs, avg_lat=147.90ms, throughput=199895/s
[LIBRDKAFKA] 27850000 msgs, avg_lat=147.90ms, throughput=210450/s
[LIBRDKAFKA] 27900000 msgs, avg_lat=147.89ms, throughput=180282/s
[LIBRDKAFKA] 27950000 msgs, avg_lat=147.90ms, throughput=197317/s
[LIBRDKAFKA] 28000000 msgs, avg_lat=147.91ms, throughput=176119/s
[LIBRDKAFKA] 28050000 msgs, avg_lat=147.90ms, throughput=206475/s
[LIBRDKAFKA] 28100000 msgs, avg_lat=147.92ms, throughput=221009/s
[INTERVAL 10] msgs=1998000, throughput=199250/s, p99=279.00ms, cpu=32.0%, mem=95.3MB
[LIBRDKAFKA] 28150000 msgs, avg_lat=147.91ms, throughput=197930/s
[LIBRDKAFKA] 28200000 msgs, avg_lat=147.92ms, throughput=211458/s
[LIBRDKAFKA] 28250000 msgs, avg_lat=147.93ms, throughput=208918/s
[LIBRDKAFKA] 28300000 msgs, avg_lat=147.92ms, throughput=196130/s
[LIBRDKAFKA] 28350000 msgs, avg_lat=147.92ms, throughput=221704/s
[LIBRDKAFKA] 28400000 msgs, avg_lat=147.92ms, throughput=186545/s
[LIBRDKAFKA] 28450000 msgs, avg_lat=147.92ms, throughput=204421/s
[LIBRDKAFKA] 28500000 msgs, avg_lat=147.91ms, throughput=187626/s
[LIBRDKAFKA] 28550000 msgs, avg_lat=147.91ms, throughput=195631/s
[LIBRDKAFKA] 28600000 msgs, avg_lat=147.92ms, throughput=197420/s
[LIBRDKAFKA] 28650000 msgs, avg_lat=147.92ms, throughput=243279/s
[LIBRDKAFKA] 28700000 msgs, avg_lat=147.91ms, throughput=201393/s
[LIBRDKAFKA] 28750000 msgs, avg_lat=147.91ms, throughput=177844/s
[LIBRDKAFKA] 28800000 msgs, avg_lat=147.92ms, throughput=208848/s
[LIBRDKAFKA] 28850000 msgs, avg_lat=147.92ms, throughput=202826/s
[LIBRDKAFKA] 28900000 msgs, avg_lat=147.92ms, throughput=212337/s
[LIBRDKAFKA] 28950000 msgs, avg_lat=147.92ms, throughput=186251/s
[LIBRDKAFKA] 29000000 msgs, avg_lat=147.91ms, throughput=196496/s
[LIBRDKAFKA] 29050000 msgs, avg_lat=147.91ms, throughput=213330/s
[LIBRDKAFKA] 29100000 msgs, avg_lat=147.92ms, throughput=183364/s
[LIBRDKAFKA] 29150000 msgs, avg_lat=147.91ms, throughput=208297/s
[LIBRDKAFKA] 29200000 msgs, avg_lat=147.92ms, throughput=222775/s
[LIBRDKAFKA] 29250000 msgs, avg_lat=147.91ms, throughput=165607/s
[LIBRDKAFKA] 29300000 msgs, avg_lat=147.93ms, throughput=229166/s
[LIBRDKAFKA] 29350000 msgs, avg_lat=147.94ms, throughput=237256/s
[LIBRDKAFKA] 29400000 msgs, avg_lat=147.93ms, throughput=158701/s
[LIBRDKAFKA] 29450000 msgs, avg_lat=147.93ms, throughput=203433/s
[LIBRDKAFKA] 29500000 msgs, avg_lat=147.93ms, throughput=189367/s
[LIBRDKAFKA] 29550000 msgs, avg_lat=147.93ms, throughput=205874/s
[LIBRDKAFKA] 29600000 msgs, avg_lat=147.93ms, throughput=219836/s
[LIBRDKAFKA] 29650000 msgs, avg_lat=147.92ms, throughput=177316/s
[LIBRDKAFKA] 29700000 msgs, avg_lat=147.93ms, throughput=210890/s
[LIBRDKAFKA] 29750000 msgs, avg_lat=147.94ms, throughput=192836/s
[LIBRDKAFKA] 29800000 msgs, avg_lat=147.93ms, throughput=189197/s
[LIBRDKAFKA] 29850000 msgs, avg_lat=147.93ms, throughput=197149/s
[LIBRDKAFKA] 29900000 msgs, avg_lat=147.94ms, throughput=227254/s
[LIBRDKAFKA] 29950000 msgs, avg_lat=147.93ms, throughput=194603/s
[LIBRDKAFKA] 30000000 msgs, avg_lat=147.93ms, throughput=206890/s
[LIBRDKAFKA] 30050000 msgs, avg_lat=147.93ms, throughput=212452/s
[LIBRDKAFKA] 30100000 msgs, avg_lat=147.93ms, throughput=202486/s
[LIBRDKAFKA] 30150000 msgs, avg_lat=147.93ms, throughput=211418/s
[INTERVAL 11] msgs=2010000, throughput=200620/s, p99=280.00ms, cpu=31.9%, mem=95.3MB
[LIBRDKAFKA] 30200000 msgs, avg_lat=147.93ms, throughput=170568/s
[LIBRDKAFKA] 30250000 msgs, avg_lat=147.93ms, throughput=215227/s
[LIBRDKAFKA] 30300000 msgs, avg_lat=147.93ms, throughput=217398/s
[LIBRDKAFKA] 30350000 msgs, avg_lat=147.94ms, throughput=176100/s
[LIBRDKAFKA] 30400000 msgs, avg_lat=147.95ms, throughput=215200/s
[LIBRDKAFKA] 30450000 msgs, avg_lat=147.95ms, throughput=218224/s
[LIBRDKAFKA] 30500000 msgs, avg_lat=147.95ms, throughput=175988/s
[LIBRDKAFKA] 30550000 msgs, avg_lat=147.96ms, throughput=191891/s
[LIBRDKAFKA] 30600000 msgs, avg_lat=147.97ms, throughput=201096/s
[LIBRDKAFKA] 30650000 msgs, avg_lat=147.97ms, throughput=196506/s
[LIBRDKAFKA] 30700000 msgs, avg_lat=147.97ms, throughput=205515/s
[LIBRDKAFKA] 30750000 msgs, avg_lat=147.97ms, throughput=209931/s
[LIBRDKAFKA] 30800000 msgs, avg_lat=147.96ms, throughput=193331/s
[LIBRDKAFKA] 30850000 msgs, avg_lat=147.97ms, throughput=199977/s
[LIBRDKAFKA] 30900000 msgs, avg_lat=147.96ms, throughput=189402/s
[LIBRDKAFKA] 30950000 msgs, avg_lat=147.96ms, throughput=214732/s
[LIBRDKAFKA] 31000000 msgs, avg_lat=147.95ms, throughput=203143/s
[LIBRDKAFKA] 31050000 msgs, avg_lat=147.95ms, throughput=205686/s
[LIBRDKAFKA] 31100000 msgs, avg_lat=147.94ms, throughput=211767/s
[LIBRDKAFKA] 31150000 msgs, avg_lat=147.94ms, throughput=188734/s
[LIBRDKAFKA] 31200000 msgs, avg_lat=147.94ms, throughput=204805/s
[LIBRDKAFKA] 31250000 msgs, avg_lat=147.95ms, throughput=209914/s
[LIBRDKAFKA] 31300000 msgs, avg_lat=147.95ms, throughput=205069/s
[LIBRDKAFKA] 31350000 msgs, avg_lat=147.94ms, throughput=187012/s
[LIBRDKAFKA] 31400000 msgs, avg_lat=147.94ms, throughput=208761/s
[LIBRDKAFKA] 31450000 msgs, avg_lat=147.94ms, throughput=191593/s
[LIBRDKAFKA] 31500000 msgs, avg_lat=147.94ms, throughput=216212/s
[LIBRDKAFKA] 31550000 msgs, avg_lat=147.94ms, throughput=210381/s
[LIBRDKAFKA] 31600000 msgs, avg_lat=147.94ms, throughput=185673/s
[LIBRDKAFKA] 31650000 msgs, avg_lat=147.94ms, throughput=215596/s
[LIBRDKAFKA] 31700000 msgs, avg_lat=147.95ms, throughput=212973/s
[LIBRDKAFKA] 31750000 msgs, avg_lat=147.94ms, throughput=169169/s
[LIBRDKAFKA] 31800000 msgs, avg_lat=147.94ms, throughput=215708/s
[LIBRDKAFKA] 31850000 msgs, avg_lat=147.95ms, throughput=199758/s
[LIBRDKAFKA] 31900000 msgs, avg_lat=147.95ms, throughput=196524/s
[LIBRDKAFKA] 31950000 msgs, avg_lat=147.96ms, throughput=218152/s
[LIBRDKAFKA] 32000000 msgs, avg_lat=147.94ms, throughput=206264/s
[LIBRDKAFKA] 32050000 msgs, avg_lat=147.94ms, throughput=197239/s
[LIBRDKAFKA] 32100000 msgs, avg_lat=147.94ms, throughput=194633/s
[LIBRDKAFKA] 32150000 msgs, avg_lat=147.94ms, throughput=204411/s
[INTERVAL 12] msgs=2002000, throughput=199517/s, p99=279.00ms, cpu=31.9%, mem=95.3MB
[LIBRDKAFKA] 32200000 msgs, avg_lat=147.93ms, throughput=196064/s
[LIBRDKAFKA] 32250000 msgs, avg_lat=147.93ms, throughput=154413/s
[LIBRDKAFKA] 32300000 msgs, avg_lat=147.94ms, throughput=216849/s
[LIBRDKAFKA] 32350000 msgs, avg_lat=147.94ms, throughput=209878/s
[LIBRDKAFKA] 32400000 msgs, avg_lat=147.94ms, throughput=168329/s
[LIBRDKAFKA] 32450000 msgs, avg_lat=147.94ms, throughput=226285/s
[LIBRDKAFKA] 32500000 msgs, avg_lat=147.93ms, throughput=217273/s
[LIBRDKAFKA] 32550000 msgs, avg_lat=147.92ms, throughput=206924/s
[LIBRDKAFKA] 32600000 msgs, avg_lat=147.93ms, throughput=197673/s
[LIBRDKAFKA] 32650000 msgs, avg_lat=147.94ms, throughput=207759/s
[LIBRDKAFKA] 32700000 msgs, avg_lat=147.93ms, throughput=183861/s
[LIBRDKAFKA] 32750000 msgs, avg_lat=147.95ms, throughput=200432/s
[LIBRDKAFKA] 32800000 msgs, avg_lat=147.95ms, throughput=204534/s
[LIBRDKAFKA] 32850000 msgs, avg_lat=147.94ms, throughput=201066/s
[LIBRDKAFKA] 32900000 msgs, avg_lat=147.94ms, throughput=212684/s
[LIBRDKAFKA] 32950000 msgs, avg_lat=147.95ms, throughput=189913/s
[LIBRDKAFKA] 33000000 msgs, avg_lat=147.96ms, throughput=228833/s
[LIBRDKAFKA] 33050000 msgs, avg_lat=147.95ms, throughput=203437/s
[LIBRDKAFKA] 33100000 msgs, avg_lat=147.95ms, throughput=191218/s
[LIBRDKAFKA] 33150000 msgs, avg_lat=147.95ms, throughput=219215/s
[LIBRDKAFKA] 33200000 msgs, avg_lat=147.95ms, throughput=165715/s
[LIBRDKAFKA] 33250000 msgs, avg_lat=147.95ms, throughput=212718/s
[LIBRDKAFKA] 33300000 msgs, avg_lat=147.96ms, throughput=204543/s
[LIBRDKAFKA] 33350000 msgs, avg_lat=147.95ms, throughput=195387/s
[LIBRDKAFKA] 33400000 msgs, avg_lat=147.96ms, throughput=196235/s
[LIBRDKAFKA] 33450000 msgs, avg_lat=147.96ms, throughput=202228/s
[LIBRDKAFKA] 33500000 msgs, avg_lat=147.96ms, throughput=196101/s
[LIBRDKAFKA] 33550000 msgs, avg_lat=147.96ms, throughput=201733/s
[LIBRDKAFKA] 33600000 msgs, avg_lat=147.96ms, throughput=181686/s
[LIBRDKAFKA] 33650000 msgs, avg_lat=147.96ms, throughput=207632/s
[LIBRDKAFKA] 33700000 msgs, avg_lat=147.97ms, throughput=209284/s
[LIBRDKAFKA] 33750000 msgs, avg_lat=147.98ms, throughput=196568/s
[LIBRDKAFKA] 33800000 msgs, avg_lat=147.97ms, throughput=200212/s
[LIBRDKAFKA] 33850000 msgs, avg_lat=147.97ms, throughput=213092/s
[LIBRDKAFKA] 33900000 msgs, avg_lat=147.98ms, throughput=194084/s
[LIBRDKAFKA] 33950000 msgs, avg_lat=147.98ms, throughput=198005/s
[LIBRDKAFKA] 34000000 msgs, avg_lat=147.97ms, throughput=189583/s
[LIBRDKAFKA] 34050000 msgs, avg_lat=147.98ms, throughput=214260/s
[LIBRDKAFKA] 34100000 msgs, avg_lat=147.98ms, throughput=190624/s
[LIBRDKAFKA] 34150000 msgs, avg_lat=147.99ms, throughput=210129/s
[INTERVAL 13] msgs=2006000, throughput=200005/s, p99=280.00ms, cpu=31.6%, mem=95.3MB
[LIBRDKAFKA] 34200000 msgs, avg_lat=147.98ms, throughput=214840/s
[LIBRDKAFKA] 34250000 msgs, avg_lat=147.98ms, throughput=228955/s
[LIBRDKAFKA] 34300000 msgs, avg_lat=147.99ms, throughput=167149/s
[LIBRDKAFKA] 34350000 msgs, avg_lat=147.98ms, throughput=214444/s
[LIBRDKAFKA] 34400000 msgs, avg_lat=147.98ms, throughput=198197/s
[LIBRDKAFKA] 34450000 msgs, avg_lat=147.98ms, throughput=170177/s
[LIBRDKAFKA] 34500000 msgs, avg_lat=147.98ms, throughput=218529/s
[LIBRDKAFKA] 34550000 msgs, avg_lat=147.98ms, throughput=231562/s
[LIBRDKAFKA] 34600000 msgs, avg_lat=147.97ms, throughput=184893/s
[LIBRDKAFKA] 34650000 msgs, avg_lat=147.97ms, throughput=191699/s
[LIBRDKAFKA] 34700000 msgs, avg_lat=147.97ms, throughput=206700/s
[LIBRDKAFKA] 34750000 msgs, avg_lat=147.96ms, throughput=191006/s
[LIBRDKAFKA] 34800000 msgs, avg_lat=147.98ms, throughput=229240/s
[LIBRDKAFKA] 34850000 msgs, avg_lat=147.98ms, throughput=179551/s
[LIBRDKAFKA] 34900000 msgs, avg_lat=147.98ms, throughput=186271/s
[LIBRDKAFKA] 34950000 msgs, avg_lat=147.99ms, throughput=196134/s
[LIBRDKAFKA] 35000000 msgs, avg_lat=147.98ms, throughput=186454/s
[LIBRDKAFKA] 35050000 msgs, avg_lat=147.98ms, throughput=216022/s
[LIBRDKAFKA] 35100000 msgs, avg_lat=147.99ms, throughput=199979/s
[LIBRDKAFKA] 35150000 msgs, avg_lat=147.97ms, throughput=202806/s
[LIBRDKAFKA] 35200000 msgs, avg_lat=147.96ms, throughput=208878/s
[LIBRDKAFKA] 35250000 msgs, avg_lat=147.97ms, throughput=202934/s
[LIBRDKAFKA] 35300000 msgs, avg_lat=147.97ms, throughput=212993/s
[LIBRDKAFKA] 35350000 msgs, avg_lat=147.97ms, throughput=202626/s
[LIBRDKAFKA] 35400000 msgs, avg_lat=147.98ms, throughput=195410/s
[LIBRDKAFKA] 35450000 msgs, avg_lat=147.97ms, throughput=197992/s
[LIBRDKAFKA] 35500000 msgs, avg_lat=147.97ms, throughput=220043/s
[LIBRDKAFKA] 35550000 msgs, avg_lat=147.97ms, throughput=188242/s
[LIBRDKAFKA] 35600000 msgs, avg_lat=147.97ms, throughput=207003/s
[LIBRDKAFKA] 35650000 msgs, avg_lat=147.97ms, throughput=224599/s
[LIBRDKAFKA] 35700000 msgs, avg_lat=147.97ms, throughput=173969/s
[LIBRDKAFKA] 35750000 msgs, avg_lat=147.96ms, throughput=227828/s
[LIBRDKAFKA] 35800000 msgs, avg_lat=147.97ms, throughput=177875/s
[LIBRDKAFKA] 35850000 msgs, avg_lat=147.98ms, throughput=194403/s
[LIBRDKAFKA] 35900000 msgs, avg_lat=147.98ms, throughput=209341/s
[LIBRDKAFKA] 35950000 msgs, avg_lat=147.98ms, throughput=197639/s
[LIBRDKAFKA] 36000000 msgs, avg_lat=147.99ms, throughput=213352/s
[LIBRDKAFKA] 36050000 msgs, avg_lat=147.98ms, throughput=199259/s
[LIBRDKAFKA] 36100000 msgs, avg_lat=147.99ms, throughput=209053/s
[LIBRDKAFKA] 36150000 msgs, avg_lat=147.98ms, throughput=207241/s
[INTERVAL 14] msgs=2000000, throughput=199949/s, p99=280.00ms, cpu=32.0%, mem=95.3MB
[LIBRDKAFKA] 36200000 msgs, avg_lat=147.99ms, throughput=215580/s
[LIBRDKAFKA] 36250000 msgs, avg_lat=147.98ms, throughput=150061/s
[LIBRDKAFKA] 36300000 msgs, avg_lat=147.98ms, throughput=204007/s
[LIBRDKAFKA] 36350000 msgs, avg_lat=147.99ms, throughput=219687/s
[LIBRDKAFKA] 36400000 msgs, avg_lat=147.98ms, throughput=169241/s
[LIBRDKAFKA] 36450000 msgs, avg_lat=147.99ms, throughput=208133/s
[LIBRDKAFKA] 36500000 msgs, avg_lat=147.99ms, throughput=219153/s
[LIBRDKAFKA] 36550000 msgs, avg_lat=147.98ms, throughput=202551/s
[LIBRDKAFKA] 36600000 msgs, avg_lat=147.98ms, throughput=187722/s
[LIBRDKAFKA] 36650000 msgs, avg_lat=147.98ms, throughput=194825/s
[LIBRDKAFKA] 36700000 msgs, avg_lat=147.99ms, throughput=220847/s
[LIBRDKAFKA] 36750000 msgs, avg_lat=147.98ms, throughput=227797/s
[LIBRDKAFKA] 36800000 msgs, avg_lat=147.98ms, throughput=190661/s
[LIBRDKAFKA] 36850000 msgs, avg_lat=147.98ms, throughput=215918/s
[LIBRDKAFKA] 36900000 msgs, avg_lat=147.98ms, throughput=169849/s
[LIBRDKAFKA] 36950000 msgs, avg_lat=147.98ms, throughput=184833/s
[LIBRDKAFKA] 37000000 msgs, avg_lat=147.98ms, throughput=230308/s
[LIBRDKAFKA] 37050000 msgs, avg_lat=147.98ms, throughput=199654/s
[LIBRDKAFKA] 37100000 msgs, avg_lat=147.97ms, throughput=224487/s
[LIBRDKAFKA] 37150000 msgs, avg_lat=147.97ms, throughput=194791/s
[LIBRDKAFKA] 37200000 msgs, avg_lat=147.97ms, throughput=170051/s
[LIBRDKAFKA] 37250000 msgs, avg_lat=147.97ms, throughput=204869/s
[LIBRDKAFKA] 37300000 msgs, avg_lat=147.97ms, throughput=206646/s
[LIBRDKAFKA] 37350000 msgs, avg_lat=147.97ms, throughput=212904/s
[LIBRDKAFKA] 37400000 msgs, avg_lat=147.97ms, throughput=210244/s
[LIBRDKAFKA] 37450000 msgs, avg_lat=147.97ms, throughput=213151/s
[LIBRDKAFKA] 37500000 msgs, avg_lat=147.96ms, throughput=173731/s
[LIBRDKAFKA] 37550000 msgs, avg_lat=147.97ms, throughput=208478/s
[LIBRDKAFKA] 37600000 msgs, avg_lat=147.97ms, throughput=221685/s
[LIBRDKAFKA] 37650000 msgs, avg_lat=147.97ms, throughput=189856/s
[LIBRDKAFKA] 37700000 msgs, avg_lat=147.97ms, throughput=221031/s
[LIBRDKAFKA] 37750000 msgs, avg_lat=147.98ms, throughput=192810/s
[LIBRDKAFKA] 37800000 msgs, avg_lat=147.98ms, throughput=212740/s
[LIBRDKAFKA] 37850000 msgs, avg_lat=147.98ms, throughput=197588/s
[LIBRDKAFKA] 37900000 msgs, avg_lat=147.98ms, throughput=152970/s
[LIBRDKAFKA] 37950000 msgs, avg_lat=147.99ms, throughput=193088/s
[LIBRDKAFKA] 38000000 msgs, avg_lat=147.99ms, throughput=225133/s
[LIBRDKAFKA] 38050000 msgs, avg_lat=147.98ms, throughput=214289/s
[LIBRDKAFKA] 38100000 msgs, avg_lat=147.98ms, throughput=205352/s
[LIBRDKAFKA] 38150000 msgs, avg_lat=147.98ms, throughput=206126/s
[INTERVAL 15] msgs=2006000, throughput=200422/s, p99=280.00ms, cpu=31.7%, mem=95.3MB
[LIBRDKAFKA] 38200000 msgs, avg_lat=147.99ms, throughput=192799/s
[LIBRDKAFKA] 38250000 msgs, avg_lat=147.98ms, throughput=201078/s
[LIBRDKAFKA] 38300000 msgs, avg_lat=147.98ms, throughput=177605/s
[LIBRDKAFKA] 38350000 msgs, avg_lat=147.97ms, throughput=198053/s
[LIBRDKAFKA] 38400000 msgs, avg_lat=147.97ms, throughput=210292/s
[LIBRDKAFKA] 38450000 msgs, avg_lat=147.96ms, throughput=195260/s
[LIBRDKAFKA] 38500000 msgs, avg_lat=147.97ms, throughput=198251/s
[LIBRDKAFKA] 38550000 msgs, avg_lat=147.98ms, throughput=211683/s
[LIBRDKAFKA] 38600000 msgs, avg_lat=147.97ms, throughput=208490/s
[LIBRDKAFKA] 38650000 msgs, avg_lat=147.96ms, throughput=226010/s
[LIBRDKAFKA] 38700000 msgs, avg_lat=147.96ms, throughput=197903/s
[LIBRDKAFKA] 38750000 msgs, avg_lat=147.95ms, throughput=191586/s
[LIBRDKAFKA] 38800000 msgs, avg_lat=147.96ms, throughput=227315/s
[LIBRDKAFKA] 38850000 msgs, avg_lat=147.97ms, throughput=202972/s
[LIBRDKAFKA] 38900000 msgs, avg_lat=147.96ms, throughput=191834/s
[LIBRDKAFKA] 38950000 msgs, avg_lat=147.96ms, throughput=186037/s
[LIBRDKAFKA] 39000000 msgs, avg_lat=147.96ms, throughput=178151/s
[LIBRDKAFKA] 39050000 msgs, avg_lat=147.97ms, throughput=222697/s
[LIBRDKAFKA] 39100000 msgs, avg_lat=147.97ms, throughput=191278/s
[LIBRDKAFKA] 39150000 msgs, avg_lat=147.96ms, throughput=166784/s
[LIBRDKAFKA] 39200000 msgs, avg_lat=147.97ms, throughput=232081/s
[LIBRDKAFKA] 39250000 msgs, avg_lat=147.96ms, throughput=184733/s
[LIBRDKAFKA] 39300000 msgs, avg_lat=147.96ms, throughput=213684/s
[LIBRDKAFKA] 39350000 msgs, avg_lat=147.96ms, throughput=203445/s
[LIBRDKAFKA] 39400000 msgs, avg_lat=147.95ms, throughput=194418/s
[LIBRDKAFKA] 39450000 msgs, avg_lat=147.95ms, throughput=205295/s
[LIBRDKAFKA] 39500000 msgs, avg_lat=147.96ms, throughput=217002/s
[LIBRDKAFKA] 39550000 msgs, avg_lat=147.94ms, throughput=191580/s
[LIBRDKAFKA] 39600000 msgs, avg_lat=147.95ms, throughput=194916/s
[LIBRDKAFKA] 39650000 msgs, avg_lat=147.95ms, throughput=210042/s
[LIBRDKAFKA] 39700000 msgs, avg_lat=147.95ms, throughput=194943/s
[LIBRDKAFKA] 39750000 msgs, avg_lat=147.95ms, throughput=204285/s
[LIBRDKAFKA] 39800000 msgs, avg_lat=147.96ms, throughput=196118/s
[LIBRDKAFKA] 39850000 msgs, avg_lat=147.97ms, throughput=213510/s
[LIBRDKAFKA] 39900000 msgs, avg_lat=147.96ms, throughput=200184/s
[LIBRDKAFKA] 39950000 msgs, avg_lat=147.97ms, throughput=198368/s
[LIBRDKAFKA] 40000000 msgs, avg_lat=147.96ms, throughput=203078/s
[LIBRDKAFKA] 40050000 msgs, avg_lat=147.96ms, throughput=213115/s
[LIBRDKAFKA] 40100000 msgs, avg_lat=147.97ms, throughput=190553/s
[LIBRDKAFKA] 40150000 msgs, avg_lat=147.96ms, throughput=200828/s
[INTERVAL 16] msgs=1996000, throughput=199412/s, p99=280.00ms, cpu=32.1%, mem=95.3MB
[LIBRDKAFKA] 40200000 msgs, avg_lat=147.96ms, throughput=195051/s
[LIBRDKAFKA] 40250000 msgs, avg_lat=147.96ms, throughput=193334/s
[LIBRDKAFKA] 40300000 msgs, avg_lat=147.96ms, throughput=202839/s
[LIBRDKAFKA] 40350000 msgs, avg_lat=147.96ms, throughput=198406/s
[LIBRDKAFKA] 40400000 msgs, avg_lat=147.96ms, throughput=212132/s
[LIBRDKAFKA] 40450000 msgs, avg_lat=147.96ms, throughput=205816/s
[LIBRDKAFKA] 40500000 msgs, avg_lat=147.96ms, throughput=179868/s
[LIBRDKAFKA] 40550000 msgs, avg_lat=147.96ms, throughput=224270/s
[LIBRDKAFKA] 40600000 msgs, avg_lat=147.97ms, throughput=198604/s
[LIBRDKAFKA] 40650000 msgs, avg_lat=147.96ms, throughput=197122/s
[LIBRDKAFKA] 40700000 msgs, avg_lat=147.96ms, throughput=200404/s
[LIBRDKAFKA] 40750000 msgs, avg_lat=147.96ms, throughput=194775/s
[LIBRDKAFKA] 40800000 msgs, avg_lat=147.94ms, throughput=198626/s
[LIBRDKAFKA] 40850000 msgs, avg_lat=147.95ms, throughput=226829/s
[LIBRDKAFKA] 40900000 msgs, avg_lat=147.95ms, throughput=185746/s
[LIBRDKAFKA] 40950000 msgs, avg_lat=147.95ms, throughput=217691/s
[LIBRDKAFKA] 41000000 msgs, avg_lat=147.95ms, throughput=194825/s
[LIBRDKAFKA] 41050000 msgs, avg_lat=147.94ms, throughput=188721/s
[LIBRDKAFKA] 41100000 msgs, avg_lat=147.93ms, throughput=168891/s
[LIBRDKAFKA] 41150000 msgs, avg_lat=147.94ms, throughput=215956/s
[LIBRDKAFKA] 41200000 msgs, avg_lat=147.94ms, throughput=206772/s
[LIBRDKAFKA] 41250000 msgs, avg_lat=147.95ms, throughput=196284/s
[LIBRDKAFKA] 41300000 msgs, avg_lat=147.95ms, throughput=201470/s
[LIBRDKAFKA] 41350000 msgs, avg_lat=147.95ms, throughput=195649/s
[LIBRDKAFKA] 41400000 msgs, avg_lat=147.96ms, throughput=213420/s
[LIBRDKAFKA] 41450000 msgs, avg_lat=147.97ms, throughput=200625/s
[LIBRDKAFKA] 41500000 msgs, avg_lat=147.96ms, throughput=217735/s
[LIBRDKAFKA] 41550000 msgs, avg_lat=147.96ms, throughput=198810/s
[LIBRDKAFKA] 41600000 msgs, avg_lat=147.96ms, throughput=193659/s
[LIBRDKAFKA] 41650000 msgs, avg_lat=147.97ms, throughput=214477/s
[LIBRDKAFKA] 41700000 msgs, avg_lat=147.97ms, throughput=204733/s
[LIBRDKAFKA] 41750000 msgs, avg_lat=147.96ms, throughput=193199/s
[LIBRDKAFKA] 41800000 msgs, avg_lat=147.96ms, throughput=200654/s
[LIBRDKAFKA] 41850000 msgs, avg_lat=147.96ms, throughput=169330/s
[LIBRDKAFKA] 41900000 msgs, avg_lat=147.97ms, throughput=228097/s
[LIBRDKAFKA] 41950000 msgs, avg_lat=147.96ms, throughput=197418/s
[LIBRDKAFKA] 42000000 msgs, avg_lat=147.97ms, throughput=173040/s
[LIBRDKAFKA] 42050000 msgs, avg_lat=147.97ms, throughput=218016/s
[LIBRDKAFKA] 42100000 msgs, avg_lat=147.96ms, throughput=199075/s
[LIBRDKAFKA] 42150000 msgs, avg_lat=147.95ms, throughput=180096/s
[INTERVAL 17] msgs=2012000, throughput=200809/s, p99=280.00ms, cpu=32.1%, mem=95.3MB
[LIBRDKAFKA] 42200000 msgs, avg_lat=147.96ms, throughput=228769/s
[LIBRDKAFKA] 42250000 msgs, avg_lat=147.96ms, throughput=220540/s
[LIBRDKAFKA] 42300000 msgs, avg_lat=147.95ms, throughput=192787/s
[LIBRDKAFKA] 42350000 msgs, avg_lat=147.95ms, throughput=191133/s
[LIBRDKAFKA] 42400000 msgs, avg_lat=147.95ms, throughput=240962/s
[LIBRDKAFKA] 42450000 msgs, avg_lat=147.95ms, throughput=180219/s
[LIBRDKAFKA] 42500000 msgs, avg_lat=147.95ms, throughput=161746/s
[LIBRDKAFKA] 42550000 msgs, avg_lat=147.95ms, throughput=230656/s
[LIBRDKAFKA] 42600000 msgs, avg_lat=147.95ms, throughput=188912/s
[LIBRDKAFKA] 42650000 msgs, avg_lat=147.95ms, throughput=199917/s
[LIBRDKAFKA] 42700000 msgs, avg_lat=147.95ms, throughput=185867/s
[LIBRDKAFKA] 42750000 msgs, avg_lat=147.96ms, throughput=221963/s
[LIBRDKAFKA] 42800000 msgs, avg_lat=147.95ms, throughput=205036/s
[LIBRDKAFKA] 42850000 msgs, avg_lat=147.94ms, throughput=201765/s
[LIBRDKAFKA] 42900000 msgs, avg_lat=147.94ms, throughput=194734/s
[LIBRDKAFKA] 42950000 msgs, avg_lat=147.95ms, throughput=217854/s
[LIBRDKAFKA] 43000000 msgs, avg_lat=147.94ms, throughput=185324/s
[LIBRDKAFKA] 43050000 msgs, avg_lat=147.95ms, throughput=206229/s
[LIBRDKAFKA] 43100000 msgs, avg_lat=147.95ms, throughput=198061/s
[LIBRDKAFKA] 43150000 msgs, avg_lat=147.95ms, throughput=201242/s
[LIBRDKAFKA] 43200000 msgs, avg_lat=147.95ms, throughput=185548/s
[LIBRDKAFKA] 43250000 msgs, avg_lat=147.95ms, throughput=206588/s
[LIBRDKAFKA] 43300000 msgs, avg_lat=147.96ms, throughput=219374/s
[LIBRDKAFKA] 43350000 msgs, avg_lat=147.96ms, throughput=202737/s
[LIBRDKAFKA] 43400000 msgs, avg_lat=147.95ms, throughput=199860/s
[LIBRDKAFKA] 43450000 msgs, avg_lat=147.96ms, throughput=204950/s
[LIBRDKAFKA] 43500000 msgs, avg_lat=147.96ms, throughput=195883/s
[LIBRDKAFKA] 43550000 msgs, avg_lat=147.95ms, throughput=196185/s
[LIBRDKAFKA] 43600000 msgs, avg_lat=147.96ms, throughput=198208/s
[LIBRDKAFKA] 43650000 msgs, avg_lat=147.97ms, throughput=195238/s
[LIBRDKAFKA] 43700000 msgs, avg_lat=147.96ms, throughput=198577/s
[LIBRDKAFKA] 43750000 msgs, avg_lat=147.97ms, throughput=213071/s
[LIBRDKAFKA] 43800000 msgs, avg_lat=147.97ms, throughput=200561/s
[LIBRDKAFKA] 43850000 msgs, avg_lat=147.97ms, throughput=214670/s
[LIBRDKAFKA] 43900000 msgs, avg_lat=147.97ms, throughput=220582/s
[LIBRDKAFKA] 43950000 msgs, avg_lat=147.97ms, throughput=179539/s
[LIBRDKAFKA] 44000000 msgs, avg_lat=147.97ms, throughput=212058/s
[LIBRDKAFKA] 44050000 msgs, avg_lat=147.97ms, throughput=178333/s
[LIBRDKAFKA] 44100000 msgs, avg_lat=147.97ms, throughput=197744/s
[LIBRDKAFKA] 44150000 msgs, avg_lat=147.97ms, throughput=203255/s
[INTERVAL 18] msgs=2002000, throughput=199727/s, p99=281.00ms, cpu=32.2%, mem=95.3MB
[LIBRDKAFKA] 44200000 msgs, avg_lat=147.97ms, throughput=184238/s
[LIBRDKAFKA] 44250000 msgs, avg_lat=147.97ms, throughput=193272/s
[LIBRDKAFKA] 44300000 msgs, avg_lat=147.98ms, throughput=221638/s
[LIBRDKAFKA] 44350000 msgs, avg_lat=147.97ms, throughput=188354/s
[LIBRDKAFKA] 44400000 msgs, avg_lat=147.97ms, throughput=208860/s
[LIBRDKAFKA] 44450000 msgs, avg_lat=147.97ms, throughput=203880/s
[LIBRDKAFKA] 44500000 msgs, avg_lat=147.96ms, throughput=191502/s
[LIBRDKAFKA] 44550000 msgs, avg_lat=147.96ms, throughput=218989/s
[LIBRDKAFKA] 44600000 msgs, avg_lat=147.97ms, throughput=193343/s
[LIBRDKAFKA] 44650000 msgs, avg_lat=147.96ms, throughput=204150/s
[LIBRDKAFKA] 44700000 msgs, avg_lat=147.96ms, throughput=198764/s
[LIBRDKAFKA] 44750000 msgs, avg_lat=147.96ms, throughput=194329/s
[LIBRDKAFKA] 44800000 msgs, avg_lat=147.95ms, throughput=210857/s
[LIBRDKAFKA] 44850000 msgs, avg_lat=147.95ms, throughput=210184/s
[LIBRDKAFKA] 44900000 msgs, avg_lat=147.95ms, throughput=205502/s
[LIBRDKAFKA] 44950000 msgs, avg_lat=147.94ms, throughput=195842/s
[LIBRDKAFKA] 45000000 msgs, avg_lat=147.95ms, throughput=198471/s
[LIBRDKAFKA] 45050000 msgs, avg_lat=147.95ms, throughput=210065/s
[LIBRDKAFKA] 45100000 msgs, avg_lat=147.95ms, throughput=192265/s
[LIBRDKAFKA] 45150000 msgs, avg_lat=147.96ms, throughput=196969/s
[LIBRDKAFKA] 45200000 msgs, avg_lat=147.95ms, throughput=197496/s
[LIBRDKAFKA] 45250000 msgs, avg_lat=147.95ms, throughput=201697/s
[LIBRDKAFKA] 45300000 msgs, avg_lat=147.95ms, throughput=189387/s
[LIBRDKAFKA] 45350000 msgs, avg_lat=147.96ms, throughput=185713/s
[LIBRDKAFKA] 45400000 msgs, avg_lat=147.96ms, throughput=219388/s
[LIBRDKAFKA] 45450000 msgs, avg_lat=147.95ms, throughput=192509/s
[LIBRDKAFKA] 45500000 msgs, avg_lat=147.96ms, throughput=200865/s
[LIBRDKAFKA] 45550000 msgs, avg_lat=147.96ms, throughput=195344/s
[LIBRDKAFKA] 45600000 msgs, avg_lat=147.96ms, throughput=202283/s
[LIBRDKAFKA] 45650000 msgs, avg_lat=147.95ms, throughput=205566/s
[LIBRDKAFKA] 45700000 msgs, avg_lat=147.96ms, throughput=191011/s
[LIBRDKAFKA] 45750000 msgs, avg_lat=147.96ms, throughput=201529/s
[LIBRDKAFKA] 45800000 msgs, avg_lat=147.96ms, throughput=216270/s
[LIBRDKAFKA] 45850000 msgs, avg_lat=147.96ms, throughput=176463/s
[LIBRDKAFKA] 45900000 msgs, avg_lat=147.97ms, throughput=222069/s
[LIBRDKAFKA] 45950000 msgs, avg_lat=147.97ms, throughput=205369/s
[LIBRDKAFKA] 46000000 msgs, avg_lat=147.97ms, throughput=190595/s
[LIBRDKAFKA] 46050000 msgs, avg_lat=147.97ms, throughput=224178/s
[LIBRDKAFKA] 46100000 msgs, avg_lat=147.97ms, throughput=197696/s
[LIBRDKAFKA] 46150000 msgs, avg_lat=147.96ms, throughput=195553/s
[INTERVAL 19] msgs=1998000, throughput=198916/s, p99=279.00ms, cpu=31.9%, mem=95.3MB
[LIBRDKAFKA] 46200000 msgs, avg_lat=147.97ms, throughput=206917/s
[LIBRDKAFKA] 46250000 msgs, avg_lat=147.97ms, throughput=208559/s
[LIBRDKAFKA] 46300000 msgs, avg_lat=147.97ms, throughput=175765/s
[LIBRDKAFKA] 46350000 msgs, avg_lat=147.97ms, throughput=224206/s
[LIBRDKAFKA] 46400000 msgs, avg_lat=147.97ms, throughput=196608/s
[LIBRDKAFKA] 46450000 msgs, avg_lat=147.97ms, throughput=204430/s
[LIBRDKAFKA] 46500000 msgs, avg_lat=147.97ms, throughput=203613/s
[LIBRDKAFKA] 46550000 msgs, avg_lat=147.97ms, throughput=188850/s
[LIBRDKAFKA] 46600000 msgs, avg_lat=147.97ms, throughput=212886/s
[LIBRDKAFKA] 46650000 msgs, avg_lat=147.98ms, throughput=192688/s
[LIBRDKAFKA] 46700000 msgs, avg_lat=147.97ms, throughput=193249/s
[LIBRDKAFKA] 46750000 msgs, avg_lat=147.98ms, throughput=203150/s
[LIBRDKAFKA] 46800000 msgs, avg_lat=147.97ms, throughput=218220/s
[LIBRDKAFKA] 46850000 msgs, avg_lat=147.97ms, throughput=189752/s
[LIBRDKAFKA] 46900000 msgs, avg_lat=147.97ms, throughput=189841/s
[LIBRDKAFKA] 46950000 msgs, avg_lat=147.97ms, throughput=195964/s
[LIBRDKAFKA] 47000000 msgs, avg_lat=147.97ms, throughput=195972/s
[LIBRDKAFKA] 47050000 msgs, avg_lat=147.97ms, throughput=210065/s
[LIBRDKAFKA] 47100000 msgs, avg_lat=147.96ms, throughput=182232/s
[LIBRDKAFKA] 47150000 msgs, avg_lat=147.96ms, throughput=207910/s
[LIBRDKAFKA] 47200000 msgs, avg_lat=147.97ms, throughput=203868/s
[LIBRDKAFKA] 47250000 msgs, avg_lat=147.96ms, throughput=195736/s
[LIBRDKAFKA] 47300000 msgs, avg_lat=147.96ms, throughput=189739/s
[LIBRDKAFKA] 47350000 msgs, avg_lat=147.96ms, throughput=208284/s
[LIBRDKAFKA] 47400000 msgs, avg_lat=147.96ms, throughput=180148/s
[LIBRDKAFKA] 47450000 msgs, avg_lat=147.96ms, throughput=212315/s
[LIBRDKAFKA] 47500000 msgs, avg_lat=147.97ms, throughput=196196/s
[LIBRDKAFKA] 47550000 msgs, avg_lat=147.96ms, throughput=207015/s
[LIBRDKAFKA] 47600000 msgs, avg_lat=147.96ms, throughput=196676/s
[LIBRDKAFKA] 47650000 msgs, avg_lat=147.96ms, throughput=200908/s
[LIBRDKAFKA] 47700000 msgs, avg_lat=147.97ms, throughput=209347/s
[LIBRDKAFKA] 47750000 msgs, avg_lat=147.97ms, throughput=199595/s
[LIBRDKAFKA] 47800000 msgs, avg_lat=147.97ms, throughput=187706/s
[LIBRDKAFKA] 47850000 msgs, avg_lat=147.97ms, throughput=217899/s
[LIBRDKAFKA] 47900000 msgs, avg_lat=147.97ms, throughput=195666/s
[LIBRDKAFKA] 47950000 msgs, avg_lat=147.97ms, throughput=212102/s
[LIBRDKAFKA] 48000000 msgs, avg_lat=147.97ms, throughput=194936/s
[LIBRDKAFKA] 48050000 msgs, avg_lat=147.97ms, throughput=193335/s
[LIBRDKAFKA] 48100000 msgs, avg_lat=147.97ms, throughput=208613/s
[LIBRDKAFKA] 48150000 msgs, avg_lat=147.96ms, throughput=199289/s
[INTERVAL 20] msgs=2014000, throughput=201077/s, p99=277.00ms, cpu=31.9%, mem=95.3MB
[LIBRDKAFKA] 48200000 msgs, avg_lat=147.96ms, throughput=195747/s
[LIBRDKAFKA] 48250000 msgs, avg_lat=147.97ms, throughput=241281/s
[LIBRDKAFKA] 48300000 msgs, avg_lat=147.97ms, throughput=208390/s
[LIBRDKAFKA] 48350000 msgs, avg_lat=147.97ms, throughput=177065/s
[LIBRDKAFKA] 48400000 msgs, avg_lat=147.97ms, throughput=196156/s
[LIBRDKAFKA] 48450000 msgs, avg_lat=147.97ms, throughput=217612/s
[LIBRDKAFKA] 48500000 msgs, avg_lat=147.97ms, throughput=154980/s
[LIBRDKAFKA] 48550000 msgs, avg_lat=147.98ms, throughput=204597/s
[LIBRDKAFKA] 48600000 msgs, avg_lat=147.98ms, throughput=210284/s
[LIBRDKAFKA] 48650000 msgs, avg_lat=147.98ms, throughput=219247/s
[LIBRDKAFKA] 48700000 msgs, avg_lat=147.98ms, throughput=196441/s
[LIBRDKAFKA] 48750000 msgs, avg_lat=148.02ms, throughput=161999/s
[LIBRDKAFKA] 48800000 msgs, avg_lat=148.10ms, throughput=282212/s
[LIBRDKAFKA] 48850000 msgs, avg_lat=148.11ms, throughput=192883/s
[LIBRDKAFKA] 48900000 msgs, avg_lat=148.11ms, throughput=208671/s
[LIBRDKAFKA] 48950000 msgs, avg_lat=148.11ms, throughput=201807/s
[LIBRDKAFKA] 49000000 msgs, avg_lat=148.11ms, throughput=190371/s
[LIBRDKAFKA] 49050000 msgs, avg_lat=148.11ms, throughput=197600/s
[LIBRDKAFKA] 49100000 msgs, avg_lat=148.10ms, throughput=189573/s
[LIBRDKAFKA] 49150000 msgs, avg_lat=148.11ms, throughput=207870/s
[LIBRDKAFKA] 49200000 msgs, avg_lat=148.11ms, throughput=202595/s
[LIBRDKAFKA] 49250000 msgs, avg_lat=148.11ms, throughput=218457/s
[LIBRDKAFKA] 49300000 msgs, avg_lat=148.11ms, throughput=201476/s
[LIBRDKAFKA] 49350000 msgs, avg_lat=148.11ms, throughput=210695/s
[LIBRDKAFKA] 49400000 msgs, avg_lat=148.12ms, throughput=192164/s
[LIBRDKAFKA] 49450000 msgs, avg_lat=148.11ms, throughput=183560/s
[LIBRDKAFKA] 49500000 msgs, avg_lat=148.11ms, throughput=206522/s
[LIBRDKAFKA] 49550000 msgs, avg_lat=148.12ms, throughput=189891/s
[LIBRDKAFKA] 49600000 msgs, avg_lat=148.11ms, throughput=208562/s
[LIBRDKAFKA] 49650000 msgs, avg_lat=148.11ms, throughput=203632/s
[LIBRDKAFKA] 49700000 msgs, avg_lat=148.11ms, throughput=195285/s
[LIBRDKAFKA] 49750000 msgs, avg_lat=148.11ms, throughput=200363/s
[LIBRDKAFKA] 49800000 msgs, avg_lat=148.11ms, throughput=212304/s
[LIBRDKAFKA] 49850000 msgs, avg_lat=148.11ms, throughput=187750/s
[LIBRDKAFKA] 49900000 msgs, avg_lat=148.11ms, throughput=194463/s
[LIBRDKAFKA] 49950000 msgs, avg_lat=148.10ms, throughput=196170/s
[LIBRDKAFKA] 50000000 msgs, avg_lat=148.10ms, throughput=195995/s
[LIBRDKAFKA] 50050000 msgs, avg_lat=148.11ms, throughput=220346/s
[LIBRDKAFKA] 50100000 msgs, avg_lat=148.11ms, throughput=202642/s
[LIBRDKAFKA] 50150000 msgs, avg_lat=148.10ms, throughput=186914/s
[INTERVAL 21] msgs=2002000, throughput=200140/s, p99=307.00ms, cpu=32.3%, mem=100.3MB
[LIBRDKAFKA] 50200000 msgs, avg_lat=148.10ms, throughput=227011/s
[LIBRDKAFKA] 50250000 msgs, avg_lat=148.10ms, throughput=183456/s
[LIBRDKAFKA] 50300000 msgs, avg_lat=148.10ms, throughput=197669/s
[LIBRDKAFKA] 50350000 msgs, avg_lat=148.11ms, throughput=188635/s
[LIBRDKAFKA] 50400000 msgs, avg_lat=148.10ms, throughput=195998/s
[LIBRDKAFKA] 50450000 msgs, avg_lat=148.10ms, throughput=228148/s
[LIBRDKAFKA] 50500000 msgs, avg_lat=148.10ms, throughput=188364/s
[LIBRDKAFKA] 50550000 msgs, avg_lat=148.10ms, throughput=204750/s
[LIBRDKAFKA] 50600000 msgs, avg_lat=148.10ms, throughput=216159/s
[LIBRDKAFKA] 50650000 msgs, avg_lat=148.10ms, throughput=195903/s
[LIBRDKAFKA] 50700000 msgs, avg_lat=148.09ms, throughput=201641/s
[LIBRDKAFKA] 50750000 msgs, avg_lat=148.09ms, throughput=209188/s
[LIBRDKAFKA] 50800000 msgs, avg_lat=148.09ms, throughput=188971/s
[LIBRDKAFKA] 50850000 msgs, avg_lat=148.10ms, throughput=206483/s
[LIBRDKAFKA] 50900000 msgs, avg_lat=148.10ms, throughput=187260/s
[LIBRDKAFKA] 50950000 msgs, avg_lat=148.10ms, throughput=223091/s
[LIBRDKAFKA] 51000000 msgs, avg_lat=148.10ms, throughput=198266/s
[LIBRDKAFKA] 51050000 msgs, avg_lat=148.10ms, throughput=211548/s
[LIBRDKAFKA] 51100000 msgs, avg_lat=148.10ms, throughput=193290/s
[LIBRDKAFKA] 51150000 msgs, avg_lat=148.09ms, throughput=191727/s
[LIBRDKAFKA] 51200000 msgs, avg_lat=148.10ms, throughput=194141/s
[LIBRDKAFKA] 51250000 msgs, avg_lat=148.09ms, throughput=197731/s
[LIBRDKAFKA] 51300000 msgs, avg_lat=148.09ms, throughput=196989/s
[LIBRDKAFKA] 51350000 msgs, avg_lat=148.09ms, throughput=175360/s
[LIBRDKAFKA] 51400000 msgs, avg_lat=148.10ms, throughput=207977/s
[LIBRDKAFKA] 51450000 msgs, avg_lat=148.09ms, throughput=214697/s
[LIBRDKAFKA] 51500000 msgs, avg_lat=148.08ms, throughput=185513/s
[LIBRDKAFKA] 51550000 msgs, avg_lat=148.08ms, throughput=224750/s
[LIBRDKAFKA] 51600000 msgs, avg_lat=148.09ms, throughput=188847/s
[LIBRDKAFKA] 51650000 msgs, avg_lat=148.08ms, throughput=199229/s
[LIBRDKAFKA] 51700000 msgs, avg_lat=148.08ms, throughput=226707/s
[LIBRDKAFKA] 51750000 msgs, avg_lat=148.08ms, throughput=182257/s
[LIBRDKAFKA] 51800000 msgs, avg_lat=148.08ms, throughput=190154/s
[LIBRDKAFKA] 51850000 msgs, avg_lat=148.08ms, throughput=212585/s
[LIBRDKAFKA] 51900000 msgs, avg_lat=148.07ms, throughput=195396/s
[LIBRDKAFKA] 51950000 msgs, avg_lat=148.08ms, throughput=212762/s
[LIBRDKAFKA] 52000000 msgs, avg_lat=148.08ms, throughput=203055/s
[LIBRDKAFKA] 52050000 msgs, avg_lat=148.08ms, throughput=204173/s
[LIBRDKAFKA] 52100000 msgs, avg_lat=148.08ms, throughput=202763/s
[LIBRDKAFKA] 52150000 msgs, avg_lat=148.08ms, throughput=187217/s
[INTERVAL 22] msgs=1998000, throughput=199662/s, p99=278.00ms, cpu=31.9%, mem=100.7MB
[LIBRDKAFKA] 52200000 msgs, avg_lat=148.08ms, throughput=193495/s
[LIBRDKAFKA] 52250000 msgs, avg_lat=148.08ms, throughput=214824/s
[LIBRDKAFKA] 52300000 msgs, avg_lat=148.08ms, throughput=192587/s
[LIBRDKAFKA] 52350000 msgs, avg_lat=148.07ms, throughput=204701/s
[LIBRDKAFKA] 52400000 msgs, avg_lat=148.07ms, throughput=204478/s
[LIBRDKAFKA] 52450000 msgs, avg_lat=148.08ms, throughput=180617/s
[LIBRDKAFKA] 52500000 msgs, avg_lat=148.08ms, throughput=215048/s
[LIBRDKAFKA] 52550000 msgs, avg_lat=148.08ms, throughput=215765/s
[LIBRDKAFKA] 52600000 msgs, avg_lat=148.07ms, throughput=197931/s
[LIBRDKAFKA] 52650000 msgs, avg_lat=148.07ms, throughput=207269/s
[LIBRDKAFKA] 52700000 msgs, avg_lat=148.07ms, throughput=206082/s
[LIBRDKAFKA] 52750000 msgs, avg_lat=148.07ms, throughput=182147/s
[LIBRDKAFKA] 52800000 msgs, avg_lat=148.07ms, throughput=217186/s
[LIBRDKAFKA] 52850000 msgs, avg_lat=148.07ms, throughput=195559/s
[LIBRDKAFKA] 52900000 msgs, avg_lat=148.07ms, throughput=179725/s
[LIBRDKAFKA] 52950000 msgs, avg_lat=148.07ms, throughput=233471/s
[LIBRDKAFKA] 53000000 msgs, avg_lat=148.07ms, throughput=177876/s
[LIBRDKAFKA] 53050000 msgs, avg_lat=148.07ms, throughput=195057/s
[LIBRDKAFKA] 53100000 msgs, avg_lat=148.07ms, throughput=192899/s
[LIBRDKAFKA] 53150000 msgs, avg_lat=148.07ms, throughput=224700/s
[LIBRDKAFKA] 53200000 msgs, avg_lat=148.07ms, throughput=192744/s
[LIBRDKAFKA] 53250000 msgs, avg_lat=148.07ms, throughput=205842/s
[LIBRDKAFKA] 53300000 msgs, avg_lat=148.07ms, throughput=190932/s
[LIBRDKAFKA] 53350000 msgs, avg_lat=148.07ms, throughput=212894/s
[LIBRDKAFKA] 53400000 msgs, avg_lat=148.08ms, throughput=210006/s
[LIBRDKAFKA] 53450000 msgs, avg_lat=148.07ms, throughput=186541/s
[LIBRDKAFKA] 53500000 msgs, avg_lat=148.07ms, throughput=216363/s
[LIBRDKAFKA] 53550000 msgs, avg_lat=148.08ms, throughput=183425/s
[LIBRDKAFKA] 53600000 msgs, avg_lat=148.08ms, throughput=213418/s
[LIBRDKAFKA] 53650000 msgs, avg_lat=148.08ms, throughput=203871/s
[LIBRDKAFKA] 53700000 msgs, avg_lat=148.07ms, throughput=193859/s
[LIBRDKAFKA] 53750000 msgs, avg_lat=148.07ms, throughput=222732/s
[LIBRDKAFKA] 53800000 msgs, avg_lat=148.08ms, throughput=183302/s
[LIBRDKAFKA] 53850000 msgs, avg_lat=148.07ms, throughput=218023/s
[LIBRDKAFKA] 53900000 msgs, avg_lat=148.07ms, throughput=209996/s
[LIBRDKAFKA] 53950000 msgs, avg_lat=148.08ms, throughput=172961/s
[LIBRDKAFKA] 54000000 msgs, avg_lat=148.08ms, throughput=201185/s
[LIBRDKAFKA] 54050000 msgs, avg_lat=148.08ms, throughput=205648/s
[LIBRDKAFKA] 54100000 msgs, avg_lat=148.08ms, throughput=147602/s
[LIBRDKAFKA] 54150000 msgs, avg_lat=148.08ms, throughput=217163/s
[INTERVAL 23] msgs=2010000, throughput=199408/s, p99=278.00ms, cpu=32.0%, mem=100.7MB
[LIBRDKAFKA] 54200000 msgs, avg_lat=148.08ms, throughput=206489/s
[LIBRDKAFKA] 54250000 msgs, avg_lat=148.08ms, throughput=190963/s
[LIBRDKAFKA] 54300000 msgs, avg_lat=148.08ms, throughput=202202/s
[LIBRDKAFKA] 54350000 msgs, avg_lat=148.08ms, throughput=224872/s
[LIBRDKAFKA] 54400000 msgs, avg_lat=148.08ms, throughput=212138/s
[LIBRDKAFKA] 54450000 msgs, avg_lat=148.08ms, throughput=208686/s
[LIBRDKAFKA] 54500000 msgs, avg_lat=148.08ms, throughput=181753/s
[LIBRDKAFKA] 54550000 msgs, avg_lat=148.07ms, throughput=228498/s
[LIBRDKAFKA] 54600000 msgs, avg_lat=148.08ms, throughput=194889/s
[LIBRDKAFKA] 54650000 msgs, avg_lat=148.08ms, throughput=210947/s
[LIBRDKAFKA] 54700000 msgs, avg_lat=148.08ms, throughput=199739/s
[LIBRDKAFKA] 54750000 msgs, avg_lat=148.08ms, throughput=221478/s
[LIBRDKAFKA] 54800000 msgs, avg_lat=148.07ms, throughput=200663/s
[LIBRDKAFKA] 54850000 msgs, avg_lat=148.07ms, throughput=169369/s
[LIBRDKAFKA] 54900000 msgs, avg_lat=148.07ms, throughput=213278/s
[LIBRDKAFKA] 54950000 msgs, avg_lat=148.07ms, throughput=200619/s
[LIBRDKAFKA] 55000000 msgs, avg_lat=148.06ms, throughput=185382/s
[LIBRDKAFKA] 55050000 msgs, avg_lat=148.06ms, throughput=205533/s
[LIBRDKAFKA] 55100000 msgs, avg_lat=148.06ms, throughput=206289/s
[LIBRDKAFKA] 55150000 msgs, avg_lat=148.06ms, throughput=209927/s
[LIBRDKAFKA] 55200000 msgs, avg_lat=148.05ms, throughput=183183/s
[LIBRDKAFKA] 55250000 msgs, avg_lat=148.06ms, throughput=208902/s
[LIBRDKAFKA] 55300000 msgs, avg_lat=148.06ms, throughput=209627/s
[LIBRDKAFKA] 55350000 msgs, avg_lat=148.05ms, throughput=199217/s
[LIBRDKAFKA] 55400000 msgs, avg_lat=148.05ms, throughput=210308/s
[LIBRDKAFKA] 55450000 msgs, avg_lat=148.06ms, throughput=195495/s
[LIBRDKAFKA] 55500000 msgs, avg_lat=148.05ms, throughput=197131/s
[LIBRDKAFKA] 55550000 msgs, avg_lat=148.05ms, throughput=209718/s
[LIBRDKAFKA] 55600000 msgs, avg_lat=148.05ms, throughput=183821/s
[LIBRDKAFKA] 55650000 msgs, avg_lat=148.05ms, throughput=197677/s
[LIBRDKAFKA] 55700000 msgs, avg_lat=148.06ms, throughput=192604/s
[LIBRDKAFKA] 55750000 msgs, avg_lat=148.06ms, throughput=204879/s
[LIBRDKAFKA] 55800000 msgs, avg_lat=148.05ms, throughput=197594/s
[LIBRDKAFKA] 55850000 msgs, avg_lat=148.05ms, throughput=217532/s
[LIBRDKAFKA] 55900000 msgs, avg_lat=148.05ms, throughput=193961/s
[LIBRDKAFKA] 55950000 msgs, avg_lat=148.05ms, throughput=201765/s
[LIBRDKAFKA] 56000000 msgs, avg_lat=148.05ms, throughput=211005/s
[LIBRDKAFKA] 56050000 msgs, avg_lat=148.05ms, throughput=186287/s
[LIBRDKAFKA] 56100000 msgs, avg_lat=148.05ms, throughput=195158/s
[LIBRDKAFKA] 56150000 msgs, avg_lat=148.05ms, throughput=204395/s
[LIBRDKAFKA] 56200000 msgs, avg_lat=148.06ms, throughput=196990/s
[INTERVAL 24] msgs=2014000, throughput=201026/s, p99=279.00ms, cpu=32.2%, mem=100.7MB
[LIBRDKAFKA] 56250000 msgs, avg_lat=148.05ms, throughput=206189/s
[LIBRDKAFKA] 56300000 msgs, avg_lat=148.05ms, throughput=178965/s
[LIBRDKAFKA] 56350000 msgs, avg_lat=148.06ms, throughput=200362/s
[LIBRDKAFKA] 56400000 msgs, avg_lat=148.07ms, throughput=217364/s
[LIBRDKAFKA] 56450000 msgs, avg_lat=148.07ms, throughput=196127/s
[LIBRDKAFKA] 56500000 msgs, avg_lat=148.07ms, throughput=234045/s
[LIBRDKAFKA] 56550000 msgs, avg_lat=148.08ms, throughput=201188/s
[LIBRDKAFKA] 56600000 msgs, avg_lat=148.07ms, throughput=199291/s
[LIBRDKAFKA] 56650000 msgs, avg_lat=148.07ms, throughput=203629/s
[LIBRDKAFKA] 56700000 msgs, avg_lat=148.07ms, throughput=200986/s
[LIBRDKAFKA] 56750000 msgs, avg_lat=148.08ms, throughput=202638/s
[LIBRDKAFKA] 56800000 msgs, avg_lat=148.07ms, throughput=191731/s
[LIBRDKAFKA] 56850000 msgs, avg_lat=148.07ms, throughput=169328/s
[LIBRDKAFKA] 56900000 msgs, avg_lat=148.08ms, throughput=195830/s
[LIBRDKAFKA] 56950000 msgs, avg_lat=148.08ms, throughput=194897/s
[LIBRDKAFKA] 57000000 msgs, avg_lat=148.08ms, throughput=213246/s
[LIBRDKAFKA] 57050000 msgs, avg_lat=148.08ms, throughput=201686/s
[LIBRDKAFKA] 57100000 msgs, avg_lat=148.08ms, throughput=203240/s
[LIBRDKAFKA] 57150000 msgs, avg_lat=148.08ms, throughput=184313/s
[LIBRDKAFKA] 57200000 msgs, avg_lat=148.08ms, throughput=210248/s
[LIBRDKAFKA] 57250000 msgs, avg_lat=148.08ms, throughput=214513/s
[LIBRDKAFKA] 57300000 msgs, avg_lat=148.08ms, throughput=200810/s
[LIBRDKAFKA] 57350000 msgs, avg_lat=148.08ms, throughput=196330/s
[LIBRDKAFKA] 57400000 msgs, avg_lat=148.08ms, throughput=183470/s
[LIBRDKAFKA] 57450000 msgs, avg_lat=148.08ms, throughput=198347/s
[LIBRDKAFKA] 57500000 msgs, avg_lat=148.08ms, throughput=220566/s
[LIBRDKAFKA] 57550000 msgs, avg_lat=148.08ms, throughput=189206/s
[LIBRDKAFKA] 57600000 msgs, avg_lat=148.08ms, throughput=210347/s
[LIBRDKAFKA] 57650000 msgs, avg_lat=148.08ms, throughput=189000/s
[LIBRDKAFKA] 57700000 msgs, avg_lat=148.08ms, throughput=210577/s
[LIBRDKAFKA] 57750000 msgs, avg_lat=148.07ms, throughput=194662/s
[LIBRDKAFKA] 57800000 msgs, avg_lat=148.08ms, throughput=200424/s
[LIBRDKAFKA] 57850000 msgs, avg_lat=148.08ms, throughput=193117/s
[LIBRDKAFKA] 57900000 msgs, avg_lat=148.08ms, throughput=206805/s
[LIBRDKAFKA] 57950000 msgs, avg_lat=148.08ms, throughput=203652/s
[LIBRDKAFKA] 58000000 msgs, avg_lat=148.09ms, throughput=201677/s
[LIBRDKAFKA] 58050000 msgs, avg_lat=148.09ms, throughput=202060/s
[LIBRDKAFKA] 58100000 msgs, avg_lat=148.08ms, throughput=207962/s
[LIBRDKAFKA] 58150000 msgs, avg_lat=148.08ms, throughput=225392/s
[LIBRDKAFKA] 58200000 msgs, avg_lat=148.08ms, throughput=199500/s
[INTERVAL 25] msgs=2006000, throughput=200094/s, p99=280.00ms, cpu=32.2%, mem=100.7MB
[LIBRDKAFKA] 58250000 msgs, avg_lat=148.08ms, throughput=167537/s
[LIBRDKAFKA] 58300000 msgs, avg_lat=148.08ms, throughput=218458/s
[LIBRDKAFKA] 58350000 msgs, avg_lat=148.08ms, throughput=199133/s
[LIBRDKAFKA] 58400000 msgs, avg_lat=148.07ms, throughput=204720/s
[LIBRDKAFKA] 58450000 msgs, avg_lat=148.07ms, throughput=213626/s
[LIBRDKAFKA] 58500000 msgs, avg_lat=148.07ms, throughput=187364/s
[LIBRDKAFKA] 58550000 msgs, avg_lat=148.08ms, throughput=206558/s
[LIBRDKAFKA] 58600000 msgs, avg_lat=148.08ms, throughput=195761/s
[LIBRDKAFKA] 58650000 msgs, avg_lat=148.07ms, throughput=177442/s
[LIBRDKAFKA] 58700000 msgs, avg_lat=148.07ms, throughput=206427/s
[LIBRDKAFKA] 58750000 msgs, avg_lat=148.08ms, throughput=195292/s
[LIBRDKAFKA] 58800000 msgs, avg_lat=148.08ms, throughput=212868/s
[LIBRDKAFKA] 58850000 msgs, avg_lat=148.08ms, throughput=203796/s
[LIBRDKAFKA] 58900000 msgs, avg_lat=148.08ms, throughput=193043/s
[LIBRDKAFKA] 58950000 msgs, avg_lat=148.08ms, throughput=195377/s
[LIBRDKAFKA] 59000000 msgs, avg_lat=148.08ms, throughput=201362/s
[LIBRDKAFKA] 59050000 msgs, avg_lat=148.08ms, throughput=201886/s
[LIBRDKAFKA] 59100000 msgs, avg_lat=148.08ms, throughput=198787/s
[LIBRDKAFKA] 59150000 msgs, avg_lat=148.08ms, throughput=224902/s
[LIBRDKAFKA] 59200000 msgs, avg_lat=148.07ms, throughput=184407/s
[LIBRDKAFKA] 59250000 msgs, avg_lat=148.07ms, throughput=196215/s
[LIBRDKAFKA] 59300000 msgs, avg_lat=148.08ms, throughput=207034/s
[LIBRDKAFKA] 59350000 msgs, avg_lat=148.07ms, throughput=205129/s
[LIBRDKAFKA] 59400000 msgs, avg_lat=148.08ms, throughput=204360/s
[LIBRDKAFKA] 59450000 msgs, avg_lat=148.08ms, throughput=190159/s
[LIBRDKAFKA] 59500000 msgs, avg_lat=148.08ms, throughput=221656/s
[LIBRDKAFKA] 59550000 msgs, avg_lat=148.08ms, throughput=211238/s
[LIBRDKAFKA] 59600000 msgs, avg_lat=148.08ms, throughput=181806/s
[LIBRDKAFKA] 59650000 msgs, avg_lat=148.08ms, throughput=211077/s
[LIBRDKAFKA] 59700000 msgs, avg_lat=148.08ms, throughput=192865/s
[LIBRDKAFKA] 59750000 msgs, avg_lat=148.08ms, throughput=212152/s
[LIBRDKAFKA] 59800000 msgs, avg_lat=148.08ms, throughput=203490/s
[LIBRDKAFKA] 59850000 msgs, avg_lat=148.09ms, throughput=195030/s
[LIBRDKAFKA] 59900000 msgs, avg_lat=148.09ms, throughput=189449/s
[LIBRDKAFKA] 59950000 msgs, avg_lat=148.09ms, throughput=194968/s
[LIBRDKAFKA] 60000000 msgs, avg_lat=148.08ms, throughput=196451/s
[LIBRDKAFKA] 60050000 msgs, avg_lat=148.09ms, throughput=206534/s
[LIBRDKAFKA] 60100000 msgs, avg_lat=148.09ms, throughput=187420/s
[LIBRDKAFKA] 60150000 msgs, avg_lat=148.08ms, throughput=199758/s
[LIBRDKAFKA] 60200000 msgs, avg_lat=148.09ms, throughput=216795/s
[INTERVAL 26] msgs=1996000, throughput=199270/s, p99=280.00ms, cpu=31.9%, mem=100.8MB
[LIBRDKAFKA] 60250000 msgs, avg_lat=148.09ms, throughput=187092/s
[LIBRDKAFKA] 60300000 msgs, avg_lat=148.08ms, throughput=209179/s
[LIBRDKAFKA] 60350000 msgs, avg_lat=148.08ms, throughput=209323/s
[LIBRDKAFKA] 60400000 msgs, avg_lat=148.08ms, throughput=175023/s
[LIBRDKAFKA] 60450000 msgs, avg_lat=148.08ms, throughput=226838/s
[LIBRDKAFKA] 60500000 msgs, avg_lat=148.09ms, throughput=213884/s
[LIBRDKAFKA] 60550000 msgs, avg_lat=148.08ms, throughput=197260/s
[LIBRDKAFKA] 60600000 msgs, avg_lat=148.08ms, throughput=180133/s
[LIBRDKAFKA] 60650000 msgs, avg_lat=148.08ms, throughput=219226/s
[LIBRDKAFKA] 60700000 msgs, avg_lat=148.09ms, throughput=176253/s
[LIBRDKAFKA] 60750000 msgs, avg_lat=148.09ms, throughput=201688/s
[LIBRDKAFKA] 60800000 msgs, avg_lat=148.09ms, throughput=204365/s
[LIBRDKAFKA] 60850000 msgs, avg_lat=148.08ms, throughput=193616/s
[LIBRDKAFKA] 60900000 msgs, avg_lat=148.08ms, throughput=212701/s
[LIBRDKAFKA] 60950000 msgs, avg_lat=148.09ms, throughput=211714/s
[LIBRDKAFKA] 61000000 msgs, avg_lat=148.08ms, throughput=193918/s
[LIBRDKAFKA] 61050000 msgs, avg_lat=148.09ms, throughput=212617/s
[LIBRDKAFKA] 61100000 msgs, avg_lat=148.09ms, throughput=177078/s
[LIBRDKAFKA] 61150000 msgs, avg_lat=148.09ms, throughput=203234/s
[LIBRDKAFKA] 61200000 msgs, avg_lat=148.09ms, throughput=215915/s
[LIBRDKAFKA] 61250000 msgs, avg_lat=148.08ms, throughput=196055/s
[LIBRDKAFKA] 61300000 msgs, avg_lat=148.08ms, throughput=224514/s
[LIBRDKAFKA] 61350000 msgs, avg_lat=148.08ms, throughput=187588/s
[LIBRDKAFKA] 61400000 msgs, avg_lat=148.08ms, throughput=184127/s
[LIBRDKAFKA] 61450000 msgs, avg_lat=148.08ms, throughput=233926/s
[LIBRDKAFKA] 61500000 msgs, avg_lat=148.08ms, throughput=188804/s
[LIBRDKAFKA] 61550000 msgs, avg_lat=148.08ms, throughput=198595/s
[LIBRDKAFKA] 61600000 msgs, avg_lat=148.08ms, throughput=205031/s
[LIBRDKAFKA] 61650000 msgs, avg_lat=148.08ms, throughput=187327/s
[LIBRDKAFKA] 61700000 msgs, avg_lat=148.08ms, throughput=202775/s
[LIBRDKAFKA] 61750000 msgs, avg_lat=148.08ms, throughput=210513/s
[LIBRDKAFKA] 61800000 msgs, avg_lat=148.08ms, throughput=181699/s
[LIBRDKAFKA] 61850000 msgs, avg_lat=148.08ms, throughput=208798/s
[LIBRDKAFKA] 61900000 msgs, avg_lat=148.08ms, throughput=195662/s
[LIBRDKAFKA] 61950000 msgs, avg_lat=148.08ms, throughput=200251/s
[LIBRDKAFKA] 62000000 msgs, avg_lat=148.08ms, throughput=207278/s
[LIBRDKAFKA] 62050000 msgs, avg_lat=148.09ms, throughput=215964/s
[LIBRDKAFKA] 62100000 msgs, avg_lat=148.08ms, throughput=183319/s
[LIBRDKAFKA] 62150000 msgs, avg_lat=148.08ms, throughput=195510/s
[LIBRDKAFKA] 62200000 msgs, avg_lat=148.08ms, throughput=191140/s
[INTERVAL 27] msgs=2002000, throughput=200076/s, p99=278.00ms, cpu=32.1%, mem=100.1MB
[LIBRDKAFKA] 62250000 msgs, avg_lat=148.09ms, throughput=201559/s
[LIBRDKAFKA] 62300000 msgs, avg_lat=148.09ms, throughput=208619/s
[LIBRDKAFKA] 62350000 msgs, avg_lat=148.08ms, throughput=197074/s
[LIBRDKAFKA] 62400000 msgs, avg_lat=148.08ms, throughput=202280/s
[LIBRDKAFKA] 62450000 msgs, avg_lat=148.09ms, throughput=189256/s
[LIBRDKAFKA] 62500000 msgs, avg_lat=148.08ms, throughput=199298/s
[LIBRDKAFKA] 62550000 msgs, avg_lat=148.08ms, throughput=213685/s
[LIBRDKAFKA] 62600000 msgs, avg_lat=148.08ms, throughput=199213/s
[LIBRDKAFKA] 62650000 msgs, avg_lat=148.08ms, throughput=205937/s
[LIBRDKAFKA] 62700000 msgs, avg_lat=148.08ms, throughput=214555/s
[LIBRDKAFKA] 62750000 msgs, avg_lat=148.08ms, throughput=178702/s
[LIBRDKAFKA] 62800000 msgs, avg_lat=148.08ms, throughput=224656/s
[LIBRDKAFKA] 62850000 msgs, avg_lat=148.08ms, throughput=194135/s
[LIBRDKAFKA] 62900000 msgs, avg_lat=148.08ms, throughput=181103/s
[LIBRDKAFKA] 62950000 msgs, avg_lat=148.08ms, throughput=209865/s
[LIBRDKAFKA] 63000000 msgs, avg_lat=148.08ms, throughput=202402/s
[LIBRDKAFKA] 63050000 msgs, avg_lat=148.08ms, throughput=179746/s
[LIBRDKAFKA] 63100000 msgs, avg_lat=148.08ms, throughput=217336/s
[LIBRDKAFKA] 63150000 msgs, avg_lat=148.08ms, throughput=194006/s
[LIBRDKAFKA] 63200000 msgs, avg_lat=148.08ms, throughput=200389/s
[LIBRDKAFKA] 63250000 msgs, avg_lat=148.08ms, throughput=210766/s
[LIBRDKAFKA] 63300000 msgs, avg_lat=148.08ms, throughput=192547/s
[LIBRDKAFKA] 63350000 msgs, avg_lat=148.08ms, throughput=214951/s
[LIBRDKAFKA] 63400000 msgs, avg_lat=148.08ms, throughput=199910/s
[LIBRDKAFKA] 63450000 msgs, avg_lat=148.08ms, throughput=194459/s
[LIBRDKAFKA] 63500000 msgs, avg_lat=148.08ms, throughput=205230/s
[LIBRDKAFKA] 63550000 msgs, avg_lat=148.09ms, throughput=185901/s
[LIBRDKAFKA] 63600000 msgs, avg_lat=148.08ms, throughput=217303/s
[LIBRDKAFKA] 63650000 msgs, avg_lat=148.08ms, throughput=204778/s
[LIBRDKAFKA] 63700000 msgs, avg_lat=148.08ms, throughput=179120/s
[LIBRDKAFKA] 63750000 msgs, avg_lat=148.08ms, throughput=222383/s
[LIBRDKAFKA] 63800000 msgs, avg_lat=148.08ms, throughput=224102/s
[LIBRDKAFKA] 63850000 msgs, avg_lat=148.08ms, throughput=191634/s
[LIBRDKAFKA] 63900000 msgs, avg_lat=148.08ms, throughput=201985/s
[LIBRDKAFKA] 63950000 msgs, avg_lat=148.08ms, throughput=198851/s
[LIBRDKAFKA] 64000000 msgs, avg_lat=148.08ms, throughput=203298/s
[LIBRDKAFKA] 64050000 msgs, avg_lat=148.09ms, throughput=188633/s
[LIBRDKAFKA] 64100000 msgs, avg_lat=148.09ms, throughput=201016/s
[LIBRDKAFKA] 64150000 msgs, avg_lat=148.08ms, throughput=204173/s
[LIBRDKAFKA] 64200000 msgs, avg_lat=148.08ms, throughput=197799/s
[INTERVAL 28] msgs=2006000, throughput=200319/s, p99=279.00ms, cpu=31.7%, mem=97.0MB
[LIBRDKAFKA] 64250000 msgs, avg_lat=148.08ms, throughput=217966/s
[LIBRDKAFKA] 64300000 msgs, avg_lat=148.08ms, throughput=194237/s
[LIBRDKAFKA] 64350000 msgs, avg_lat=148.08ms, throughput=203591/s
[LIBRDKAFKA] 64400000 msgs, avg_lat=148.08ms, throughput=192167/s
[LIBRDKAFKA] 64450000 msgs, avg_lat=148.08ms, throughput=185270/s
[LIBRDKAFKA] 64500000 msgs, avg_lat=148.08ms, throughput=203995/s
[LIBRDKAFKA] 64550000 msgs, avg_lat=148.08ms, throughput=205601/s
[LIBRDKAFKA] 64600000 msgs, avg_lat=148.08ms, throughput=184917/s
[LIBRDKAFKA] 64650000 msgs, avg_lat=148.08ms, throughput=221573/s
[LIBRDKAFKA] 64700000 msgs, avg_lat=148.07ms, throughput=194626/s
[LIBRDKAFKA] 64750000 msgs, avg_lat=148.08ms, throughput=186734/s
[LIBRDKAFKA] 64800000 msgs, avg_lat=148.08ms, throughput=198604/s
[LIBRDKAFKA] 64850000 msgs, avg_lat=148.08ms, throughput=215578/s
[LIBRDKAFKA] 64900000 msgs, avg_lat=148.08ms, throughput=195216/s
[LIBRDKAFKA] 64950000 msgs, avg_lat=148.07ms, throughput=209917/s
[LIBRDKAFKA] 65000000 msgs, avg_lat=148.08ms, throughput=202735/s
[LIBRDKAFKA] 65050000 msgs, avg_lat=148.08ms, throughput=220872/s
[LIBRDKAFKA] 65100000 msgs, avg_lat=148.08ms, throughput=184711/s
[LIBRDKAFKA] 65150000 msgs, avg_lat=148.07ms, throughput=199622/s
[LIBRDKAFKA] 65200000 msgs, avg_lat=148.08ms, throughput=196346/s
[LIBRDKAFKA] 65250000 msgs, avg_lat=148.07ms, throughput=185831/s
[LIBRDKAFKA] 65300000 msgs, avg_lat=148.07ms, throughput=174231/s
[LIBRDKAFKA] 65350000 msgs, avg_lat=148.08ms, throughput=212091/s
[LIBRDKAFKA] 65400000 msgs, avg_lat=148.07ms, throughput=214081/s
[LIBRDKAFKA] 65450000 msgs, avg_lat=148.07ms, throughput=215308/s
[LIBRDKAFKA] 65500000 msgs, avg_lat=148.07ms, throughput=184222/s
[LIBRDKAFKA] 65550000 msgs, avg_lat=148.07ms, throughput=179123/s
[LIBRDKAFKA] 65600000 msgs, avg_lat=148.07ms, throughput=220393/s
[LIBRDKAFKA] 65650000 msgs, avg_lat=148.07ms, throughput=191830/s
[LIBRDKAFKA] 65700000 msgs, avg_lat=148.07ms, throughput=221143/s
[LIBRDKAFKA] 65750000 msgs, avg_lat=148.07ms, throughput=193104/s
[LIBRDKAFKA] 65800000 msgs, avg_lat=148.07ms, throughput=195828/s
[LIBRDKAFKA] 65850000 msgs, avg_lat=148.07ms, throughput=206782/s
[LIBRDKAFKA] 65900000 msgs, avg_lat=148.07ms, throughput=192622/s
[LIBRDKAFKA] 65950000 msgs, avg_lat=148.07ms, throughput=201269/s
[LIBRDKAFKA] 66000000 msgs, avg_lat=148.07ms, throughput=209411/s
[LIBRDKAFKA] 66050000 msgs, avg_lat=148.07ms, throughput=196031/s
[LIBRDKAFKA] 66100000 msgs, avg_lat=148.06ms, throughput=195506/s
[LIBRDKAFKA] 66150000 msgs, avg_lat=148.07ms, throughput=201279/s
[LIBRDKAFKA] 66200000 msgs, avg_lat=148.06ms, throughput=204406/s
[INTERVAL 29] msgs=2006000, throughput=200446/s, p99=276.00ms, cpu=31.9%, mem=97.0MB
[LIBRDKAFKA] 66250000 msgs, avg_lat=148.06ms, throughput=198170/s
[LIBRDKAFKA] 66300000 msgs, avg_lat=148.07ms, throughput=202652/s
[LIBRDKAFKA] 66350000 msgs, avg_lat=148.06ms, throughput=214262/s
[LIBRDKAFKA] 66400000 msgs, avg_lat=148.07ms, throughput=190982/s
[LIBRDKAFKA] 66450000 msgs, avg_lat=148.07ms, throughput=210642/s
[LIBRDKAFKA] 66500000 msgs, avg_lat=148.07ms, throughput=203279/s
[LIBRDKAFKA] 66550000 msgs, avg_lat=148.07ms, throughput=208732/s
[LIBRDKAFKA] 66600000 msgs, avg_lat=148.07ms, throughput=183433/s
[LIBRDKAFKA] 66650000 msgs, avg_lat=148.07ms, throughput=206095/s
[LIBRDKAFKA] 66700000 msgs, avg_lat=148.07ms, throughput=216670/s
[LIBRDKAFKA] 66750000 msgs, avg_lat=148.07ms, throughput=193919/s
[LIBRDKAFKA] 66800000 msgs, avg_lat=148.07ms, throughput=200889/s
[LIBRDKAFKA] 66850000 msgs, avg_lat=148.07ms, throughput=209668/s
[LIBRDKAFKA] 66900000 msgs, avg_lat=148.06ms, throughput=194327/s
[LIBRDKAFKA] 66950000 msgs, avg_lat=148.06ms, throughput=193621/s
[LIBRDKAFKA] 67000000 msgs, avg_lat=148.07ms, throughput=191134/s
[LIBRDKAFKA] 67050000 msgs, avg_lat=148.07ms, throughput=211556/s
[LIBRDKAFKA] 67100000 msgs, avg_lat=148.06ms, throughput=200439/s
[LIBRDKAFKA] 67150000 msgs, avg_lat=148.06ms, throughput=193476/s
[LIBRDKAFKA] 67200000 msgs, avg_lat=148.07ms, throughput=202595/s
[LIBRDKAFKA] 67250000 msgs, avg_lat=148.07ms, throughput=214297/s
[LIBRDKAFKA] 67300000 msgs, avg_lat=148.07ms, throughput=184832/s
[LIBRDKAFKA] 67350000 msgs, avg_lat=148.07ms, throughput=225419/s
[LIBRDKAFKA] 67400000 msgs, avg_lat=148.07ms, throughput=189773/s
[LIBRDKAFKA] 67450000 msgs, avg_lat=148.06ms, throughput=173636/s
[LIBRDKAFKA] 67500000 msgs, avg_lat=148.06ms, throughput=214425/s
[LIBRDKAFKA] 67550000 msgs, avg_lat=148.06ms, throughput=183867/s
[LIBRDKAFKA] 67600000 msgs, avg_lat=148.06ms, throughput=185390/s
[LIBRDKAFKA] 67650000 msgs, avg_lat=148.06ms, throughput=213008/s
[LIBRDKAFKA] 67700000 msgs, avg_lat=148.06ms, throughput=196843/s
[LIBRDKAFKA] 67750000 msgs, avg_lat=148.07ms, throughput=206538/s
[LIBRDKAFKA] 67800000 msgs, avg_lat=148.07ms, throughput=213578/s
[LIBRDKAFKA] 67850000 msgs, avg_lat=148.06ms, throughput=205741/s
[LIBRDKAFKA] 67900000 msgs, avg_lat=148.06ms, throughput=199680/s
[LIBRDKAFKA] 67950000 msgs, avg_lat=148.06ms, throughput=203127/s
[LIBRDKAFKA] 68000000 msgs, avg_lat=148.06ms, throughput=206478/s
[LIBRDKAFKA] 68050000 msgs, avg_lat=148.06ms, throughput=201820/s
[LIBRDKAFKA] 68100000 msgs, avg_lat=148.07ms, throughput=197048/s
[LIBRDKAFKA] 68150000 msgs, avg_lat=148.07ms, throughput=209728/s
[LIBRDKAFKA] 68200000 msgs, avg_lat=148.07ms, throughput=200810/s
[INTERVAL 30] msgs=1990000, throughput=198980/s, p99=277.00ms, cpu=32.1%, mem=97.0MB
[LIBRDKAFKA] 68250000 msgs, avg_lat=148.07ms, throughput=195289/s
[LIBRDKAFKA] 68300000 msgs, avg_lat=148.07ms, throughput=198701/s
[LIBRDKAFKA] 68350000 msgs, avg_lat=148.07ms, throughput=212881/s
[LIBRDKAFKA] 68400000 msgs, avg_lat=148.06ms, throughput=186783/s
[LIBRDKAFKA] 68450000 msgs, avg_lat=148.07ms, throughput=225209/s
[LIBRDKAFKA] 68500000 msgs, avg_lat=148.07ms, throughput=195604/s
[LIBRDKAFKA] 68550000 msgs, avg_lat=148.06ms, throughput=197148/s
[LIBRDKAFKA] 68600000 msgs, avg_lat=148.06ms, throughput=203953/s
[LIBRDKAFKA] 68650000 msgs, avg_lat=148.07ms, throughput=219422/s
[LIBRDKAFKA] 68700000 msgs, avg_lat=148.07ms, throughput=198986/s
[LIBRDKAFKA] 68750000 msgs, avg_lat=148.07ms, throughput=195406/s
[LIBRDKAFKA] 68800000 msgs, avg_lat=148.07ms, throughput=150725/s
[LIBRDKAFKA] 68850000 msgs, avg_lat=148.07ms, throughput=222255/s
[LIBRDKAFKA] 68900000 msgs, avg_lat=148.07ms, throughput=227875/s
[LIBRDKAFKA] 68950000 msgs, avg_lat=148.07ms, throughput=161373/s
[LIBRDKAFKA] 69000000 msgs, avg_lat=148.07ms, throughput=223473/s
[LIBRDKAFKA] 69050000 msgs, avg_lat=148.07ms, throughput=175500/s
[LIBRDKAFKA] 69100000 msgs, avg_lat=148.07ms, throughput=217494/s
[LIBRDKAFKA] 69150000 msgs, avg_lat=148.07ms, throughput=208413/s
[LIBRDKAFKA] 69200000 msgs, avg_lat=148.07ms, throughput=212495/s
[LIBRDKAFKA] 69250000 msgs, avg_lat=148.07ms, throughput=198379/s
[LIBRDKAFKA] 69300000 msgs, avg_lat=148.07ms, throughput=200972/s
[LIBRDKAFKA] 69350000 msgs, avg_lat=148.07ms, throughput=206903/s
[LIBRDKAFKA] 69400000 msgs, avg_lat=148.07ms, throughput=190362/s
[LIBRDKAFKA] 69450000 msgs, avg_lat=148.07ms, throughput=222061/s
[LIBRDKAFKA] 69500000 msgs, avg_lat=148.07ms, throughput=163700/s
[LIBRDKAFKA] 69550000 msgs, avg_lat=148.07ms, throughput=197855/s
[LIBRDKAFKA] 69600000 msgs, avg_lat=148.07ms, throughput=192772/s
[LIBRDKAFKA] 69650000 msgs, avg_lat=148.07ms, throughput=223910/s
[LIBRDKAFKA] 69700000 msgs, avg_lat=148.07ms, throughput=210639/s
[LIBRDKAFKA] 69750000 msgs, avg_lat=148.06ms, throughput=199575/s
[LIBRDKAFKA] 69800000 msgs, avg_lat=148.06ms, throughput=200975/s
[LIBRDKAFKA] 69850000 msgs, avg_lat=148.06ms, throughput=203954/s
[LIBRDKAFKA] 69900000 msgs, avg_lat=148.06ms, throughput=188733/s
[LIBRDKAFKA] 69950000 msgs, avg_lat=148.06ms, throughput=218378/s
[LIBRDKAFKA] 70000000 msgs, avg_lat=148.07ms, throughput=196102/s
[LIBRDKAFKA] 70050000 msgs, avg_lat=148.06ms, throughput=192717/s
[LIBRDKAFKA] 70100000 msgs, avg_lat=148.06ms, throughput=220060/s
[LIBRDKAFKA] 70150000 msgs, avg_lat=148.06ms, throughput=187812/s
[LIBRDKAFKA] 70200000 msgs, avg_lat=148.07ms, throughput=213537/s
[INTERVAL 31] msgs=2014000, throughput=200418/s, p99=278.00ms, cpu=32.2%, mem=97.0MB
[LIBRDKAFKA] 70250000 msgs, avg_lat=148.07ms, throughput=183448/s
[LIBRDKAFKA] 70300000 msgs, avg_lat=148.07ms, throughput=193118/s
[LIBRDKAFKA] 70350000 msgs, avg_lat=148.06ms, throughput=214341/s
[LIBRDKAFKA] 70400000 msgs, avg_lat=148.07ms, throughput=203584/s
[LIBRDKAFKA] 70450000 msgs, avg_lat=148.07ms, throughput=188097/s
[LIBRDKAFKA] 70500000 msgs, avg_lat=148.07ms, throughput=211646/s
[LIBRDKAFKA] 70550000 msgs, avg_lat=148.07ms, throughput=218903/s
[LIBRDKAFKA] 70600000 msgs, avg_lat=148.06ms, throughput=190242/s
[LIBRDKAFKA] 70650000 msgs, avg_lat=148.06ms, throughput=205900/s
[LIBRDKAFKA] 70700000 msgs, avg_lat=148.06ms, throughput=207838/s
[LIBRDKAFKA] 70750000 msgs, avg_lat=148.06ms, throughput=201476/s
[LIBRDKAFKA] 70800000 msgs, avg_lat=148.06ms, throughput=195617/s
[LIBRDKAFKA] 70850000 msgs, avg_lat=148.06ms, throughput=163157/s
[LIBRDKAFKA] 70900000 msgs, avg_lat=148.06ms, throughput=242185/s
[LIBRDKAFKA] 70950000 msgs, avg_lat=148.06ms, throughput=204064/s
[LIBRDKAFKA] 71000000 msgs, avg_lat=148.06ms, throughput=186958/s
[LIBRDKAFKA] 71050000 msgs, avg_lat=148.06ms, throughput=201919/s
[LIBRDKAFKA] 71100000 msgs, avg_lat=148.06ms, throughput=177323/s
[LIBRDKAFKA] 71150000 msgs, avg_lat=148.06ms, throughput=194700/s
[LIBRDKAFKA] 71200000 msgs, avg_lat=148.06ms, throughput=205945/s
[LIBRDKAFKA] 71250000 msgs, avg_lat=148.06ms, throughput=188050/s
[LIBRDKAFKA] 71300000 msgs, avg_lat=148.06ms, throughput=218913/s
[LIBRDKAFKA] 71350000 msgs, avg_lat=148.06ms, throughput=216134/s
[LIBRDKAFKA] 71400000 msgs, avg_lat=148.06ms, throughput=193771/s
[LIBRDKAFKA] 71450000 msgs, avg_lat=148.06ms, throughput=183941/s
[LIBRDKAFKA] 71500000 msgs, avg_lat=148.06ms, throughput=218398/s
[LIBRDKAFKA] 71550000 msgs, avg_lat=148.06ms, throughput=213197/s
[LIBRDKAFKA] 71600000 msgs, avg_lat=148.06ms, throughput=208687/s
[LIBRDKAFKA] 71650000 msgs, avg_lat=148.06ms, throughput=217405/s
[LIBRDKAFKA] 71700000 msgs, avg_lat=148.06ms, throughput=199033/s
[LIBRDKAFKA] 71750000 msgs, avg_lat=148.07ms, throughput=207558/s
[LIBRDKAFKA] 71800000 msgs, avg_lat=148.07ms, throughput=180657/s
[LIBRDKAFKA] 71850000 msgs, avg_lat=148.07ms, throughput=220235/s
[LIBRDKAFKA] 71900000 msgs, avg_lat=148.07ms, throughput=194229/s
[LIBRDKAFKA] 71950000 msgs, avg_lat=148.07ms, throughput=172716/s
[LIBRDKAFKA] 72000000 msgs, avg_lat=148.08ms, throughput=200918/s
[LIBRDKAFKA] 72050000 msgs, avg_lat=148.08ms, throughput=227047/s
[LIBRDKAFKA] 72100000 msgs, avg_lat=148.08ms, throughput=178368/s
[LIBRDKAFKA] 72150000 msgs, avg_lat=148.08ms, throughput=210385/s
[LIBRDKAFKA] 72200000 msgs, avg_lat=148.08ms, throughput=201597/s
[INTERVAL 32] msgs=2010000, throughput=200442/s, p99=279.00ms, cpu=32.4%, mem=97.3MB
[LIBRDKAFKA] 72250000 msgs, avg_lat=148.08ms, throughput=165802/s
[LIBRDKAFKA] 72300000 msgs, avg_lat=148.09ms, throughput=193203/s
[LIBRDKAFKA] 72350000 msgs, avg_lat=148.09ms, throughput=200371/s
[LIBRDKAFKA] 72400000 msgs, avg_lat=148.09ms, throughput=217186/s
[LIBRDKAFKA] 72450000 msgs, avg_lat=148.08ms, throughput=218299/s
[LIBRDKAFKA] 72500000 msgs, avg_lat=148.08ms, throughput=194525/s
[LIBRDKAFKA] 72550000 msgs, avg_lat=148.09ms, throughput=198223/s
[LIBRDKAFKA] 72600000 msgs, avg_lat=148.09ms, throughput=204372/s
[LIBRDKAFKA] 72650000 msgs, avg_lat=148.09ms, throughput=212136/s
[LIBRDKAFKA] 72700000 msgs, avg_lat=148.09ms, throughput=197731/s
[LIBRDKAFKA] 72750000 msgs, avg_lat=148.08ms, throughput=220390/s
[LIBRDKAFKA] 72800000 msgs, avg_lat=148.08ms, throughput=176272/s
[LIBRDKAFKA] 72850000 msgs, avg_lat=148.09ms, throughput=199435/s
[LIBRDKAFKA] 72900000 msgs, avg_lat=148.09ms, throughput=199514/s
[LIBRDKAFKA] 72950000 msgs, avg_lat=148.08ms, throughput=206930/s
[LIBRDKAFKA] 73000000 msgs, avg_lat=148.09ms, throughput=209791/s
[LIBRDKAFKA] 73050000 msgs, avg_lat=148.09ms, throughput=206793/s
[LIBRDKAFKA] 73100000 msgs, avg_lat=148.09ms, throughput=196434/s
[LIBRDKAFKA] 73150000 msgs, avg_lat=148.09ms, throughput=206920/s
[LIBRDKAFKA] 73200000 msgs, avg_lat=148.09ms, throughput=190021/s
[LIBRDKAFKA] 73250000 msgs, avg_lat=148.09ms, throughput=207582/s
[LIBRDKAFKA] 73300000 msgs, avg_lat=148.09ms, throughput=185815/s
[LIBRDKAFKA] 73350000 msgs, avg_lat=148.09ms, throughput=224108/s
[LIBRDKAFKA] 73400000 msgs, avg_lat=148.09ms, throughput=200190/s
[LIBRDKAFKA] 73450000 msgs, avg_lat=148.09ms, throughput=199485/s
[LIBRDKAFKA] 73500000 msgs, avg_lat=148.09ms, throughput=209631/s
[LIBRDKAFKA] 73550000 msgs, avg_lat=148.09ms, throughput=197772/s
[LIBRDKAFKA] 73600000 msgs, avg_lat=148.09ms, throughput=192455/s
[LIBRDKAFKA] 73650000 msgs, avg_lat=148.09ms, throughput=203528/s
[LIBRDKAFKA] 73700000 msgs, avg_lat=148.09ms, throughput=218975/s
[LIBRDKAFKA] 73750000 msgs, avg_lat=148.09ms, throughput=198251/s
[LIBRDKAFKA] 73800000 msgs, avg_lat=148.09ms, throughput=175045/s
[LIBRDKAFKA] 73850000 msgs, avg_lat=148.09ms, throughput=212935/s
[LIBRDKAFKA] 73900000 msgs, avg_lat=148.09ms, throughput=182505/s
[LIBRDKAFKA] 73950000 msgs, avg_lat=148.09ms, throughput=192720/s
[LIBRDKAFKA] 74000000 msgs, avg_lat=148.09ms, throughput=214250/s
[LIBRDKAFKA] 74050000 msgs, avg_lat=148.08ms, throughput=203212/s
[LIBRDKAFKA] 74100000 msgs, avg_lat=148.09ms, throughput=190233/s
[LIBRDKAFKA] 74150000 msgs, avg_lat=148.09ms, throughput=190197/s
[LIBRDKAFKA] 74200000 msgs, avg_lat=148.08ms, throughput=210410/s
[INTERVAL 33] msgs=1996000, throughput=199591/s, p99=280.00ms, cpu=31.9%, mem=97.6MB
[LIBRDKAFKA] 74250000 msgs, avg_lat=148.08ms, throughput=202058/s
[LIBRDKAFKA] 74300000 msgs, avg_lat=148.08ms, throughput=202993/s
[LIBRDKAFKA] 74350000 msgs, avg_lat=148.08ms, throughput=210720/s
[LIBRDKAFKA] 74400000 msgs, avg_lat=148.09ms, throughput=201790/s
[LIBRDKAFKA] 74450000 msgs, avg_lat=148.08ms, throughput=173754/s
[LIBRDKAFKA] 74500000 msgs, avg_lat=148.08ms, throughput=224061/s
[LIBRDKAFKA] 74550000 msgs, avg_lat=148.08ms, throughput=189027/s
[LIBRDKAFKA] 74600000 msgs, avg_lat=148.07ms, throughput=204191/s
[LIBRDKAFKA] 74650000 msgs, avg_lat=148.08ms, throughput=196382/s
[LIBRDKAFKA] 74700000 msgs, avg_lat=148.08ms, throughput=174522/s
[LIBRDKAFKA] 74750000 msgs, avg_lat=148.08ms, throughput=233653/s
[LIBRDKAFKA] 74800000 msgs, avg_lat=148.08ms, throughput=221064/s
[LIBRDKAFKA] 74850000 msgs, avg_lat=148.08ms, throughput=209481/s
[LIBRDKAFKA] 74900000 msgs, avg_lat=148.08ms, throughput=186351/s
[LIBRDKAFKA] 74950000 msgs, avg_lat=148.08ms, throughput=231815/s
[LIBRDKAFKA] 75000000 msgs, avg_lat=148.08ms, throughput=171124/s
[LIBRDKAFKA] 75050000 msgs, avg_lat=148.08ms, throughput=179918/s
[LIBRDKAFKA] 75100000 msgs, avg_lat=148.08ms, throughput=198861/s
[LIBRDKAFKA] 75150000 msgs, avg_lat=148.08ms, throughput=212438/s
[LIBRDKAFKA] 75200000 msgs, avg_lat=148.08ms, throughput=204676/s
[LIBRDKAFKA] 75250000 msgs, avg_lat=148.08ms, throughput=187628/s
[LIBRDKAFKA] 75300000 msgs, avg_lat=148.08ms, throughput=198185/s
[LIBRDKAFKA] 75350000 msgs, avg_lat=148.08ms, throughput=220700/s
[LIBRDKAFKA] 75400000 msgs, avg_lat=148.08ms, throughput=199488/s
[LIBRDKAFKA] 75450000 msgs, avg_lat=148.08ms, throughput=218079/s
[LIBRDKAFKA] 75500000 msgs, avg_lat=148.08ms, throughput=198062/s
[LIBRDKAFKA] 75550000 msgs, avg_lat=148.08ms, throughput=208754/s
[LIBRDKAFKA] 75600000 msgs, avg_lat=148.08ms, throughput=198388/s
[LIBRDKAFKA] 75650000 msgs, avg_lat=148.08ms, throughput=195494/s
[LIBRDKAFKA] 75700000 msgs, avg_lat=148.08ms, throughput=192947/s
[LIBRDKAFKA] 75750000 msgs, avg_lat=148.08ms, throughput=207608/s
[LIBRDKAFKA] 75800000 msgs, avg_lat=148.08ms, throughput=197208/s
[LIBRDKAFKA] 75850000 msgs, avg_lat=148.09ms, throughput=205227/s
[LIBRDKAFKA] 75900000 msgs, avg_lat=148.08ms, throughput=208448/s
[LIBRDKAFKA] 75950000 msgs, avg_lat=148.09ms, throughput=184058/s
[LIBRDKAFKA] 76000000 msgs, avg_lat=148.09ms, throughput=201258/s
[LIBRDKAFKA] 76050000 msgs, avg_lat=148.09ms, throughput=187658/s
[LIBRDKAFKA] 76100000 msgs, avg_lat=148.09ms, throughput=200178/s
[LIBRDKAFKA] 76150000 msgs, avg_lat=148.09ms, throughput=203224/s
[LIBRDKAFKA] 76200000 msgs, avg_lat=148.09ms, throughput=210440/s
[INTERVAL 34] msgs=1998000, throughput=199783/s, p99=280.00ms, cpu=32.0%, mem=97.8MB
[LIBRDKAFKA] 76250000 msgs, avg_lat=148.09ms, throughput=199172/s
[LIBRDKAFKA] 76300000 msgs, avg_lat=148.09ms, throughput=202442/s
[LIBRDKAFKA] 76350000 msgs, avg_lat=148.09ms, throughput=183341/s
[LIBRDKAFKA] 76400000 msgs, avg_lat=148.08ms, throughput=207942/s
[LIBRDKAFKA] 76450000 msgs, avg_lat=148.09ms, throughput=199504/s
[LIBRDKAFKA] 76500000 msgs, avg_lat=148.08ms, throughput=190442/s
[LIBRDKAFKA] 76550000 msgs, avg_lat=148.09ms, throughput=197273/s
[LIBRDKAFKA] 76600000 msgs, avg_lat=148.09ms, throughput=218857/s
[LIBRDKAFKA] 76650000 msgs, avg_lat=148.08ms, throughput=213373/s
[LIBRDKAFKA] 76700000 msgs, avg_lat=148.09ms, throughput=191760/s
[LIBRDKAFKA] 76750000 msgs, avg_lat=148.09ms, throughput=212079/s
[LIBRDKAFKA] 76800000 msgs, avg_lat=148.09ms, throughput=207937/s
[LIBRDKAFKA] 76850000 msgs, avg_lat=148.09ms, throughput=211500/s
[LIBRDKAFKA] 76900000 msgs, avg_lat=148.09ms, throughput=190493/s
[LIBRDKAFKA] 76950000 msgs, avg_lat=148.09ms, throughput=209419/s
[LIBRDKAFKA] 77000000 msgs, avg_lat=148.10ms, throughput=195770/s
[LIBRDKAFKA] 77050000 msgs, avg_lat=148.09ms, throughput=189090/s
[LIBRDKAFKA] 77100000 msgs, avg_lat=148.09ms, throughput=207999/s
[LIBRDKAFKA] 77150000 msgs, avg_lat=148.09ms, throughput=195980/s
[LIBRDKAFKA] 77200000 msgs, avg_lat=148.09ms, throughput=203135/s
[LIBRDKAFKA] 77250000 msgs, avg_lat=148.09ms, throughput=201129/s
[LIBRDKAFKA] 77300000 msgs, avg_lat=148.10ms, throughput=192471/s
[LIBRDKAFKA] 77350000 msgs, avg_lat=148.10ms, throughput=214971/s
[LIBRDKAFKA] 77400000 msgs, avg_lat=148.09ms, throughput=204159/s
[LIBRDKAFKA] 77450000 msgs, avg_lat=148.09ms, throughput=194976/s
[LIBRDKAFKA] 77500000 msgs, avg_lat=148.09ms, throughput=194715/s
[LIBRDKAFKA] 77550000 msgs, avg_lat=148.09ms, throughput=183959/s
[LIBRDKAFKA] 77600000 msgs, avg_lat=148.09ms, throughput=230137/s
[LIBRDKAFKA] 77650000 msgs, avg_lat=148.09ms, throughput=197183/s
[LIBRDKAFKA] 77700000 msgs, avg_lat=148.09ms, throughput=196115/s
[LIBRDKAFKA] 77750000 msgs, avg_lat=148.10ms, throughput=158425/s
[LIBRDKAFKA] 77800000 msgs, avg_lat=148.10ms, throughput=237776/s
[LIBRDKAFKA] 77850000 msgs, avg_lat=148.10ms, throughput=208208/s
[LIBRDKAFKA] 77900000 msgs, avg_lat=148.09ms, throughput=182470/s
[LIBRDKAFKA] 77950000 msgs, avg_lat=148.09ms, throughput=215028/s
[LIBRDKAFKA] 78000000 msgs, avg_lat=148.09ms, throughput=195784/s
[LIBRDKAFKA] 78050000 msgs, avg_lat=148.10ms, throughput=197820/s
[LIBRDKAFKA] 78100000 msgs, avg_lat=148.09ms, throughput=220210/s
[LIBRDKAFKA] 78150000 msgs, avg_lat=148.09ms, throughput=185989/s
[LIBRDKAFKA] 78200000 msgs, avg_lat=148.09ms, throughput=198352/s
[INTERVAL 35] msgs=2012000, throughput=200358/s, p99=279.00ms, cpu=32.3%, mem=97.8MB
[LIBRDKAFKA] 78250000 msgs, avg_lat=148.09ms, throughput=196009/s
[LIBRDKAFKA] 78300000 msgs, avg_lat=148.09ms, throughput=199695/s
[LIBRDKAFKA] 78350000 msgs, avg_lat=148.09ms, throughput=196098/s
[LIBRDKAFKA] 78400000 msgs, avg_lat=148.09ms, throughput=184229/s
[LIBRDKAFKA] 78450000 msgs, avg_lat=148.09ms, throughput=208872/s
[LIBRDKAFKA] 78500000 msgs, avg_lat=148.09ms, throughput=216863/s
[LIBRDKAFKA] 78550000 msgs, avg_lat=148.09ms, throughput=195137/s
[LIBRDKAFKA] 78600000 msgs, avg_lat=148.09ms, throughput=208462/s
[LIBRDKAFKA] 78650000 msgs, avg_lat=148.09ms, throughput=201429/s
[LIBRDKAFKA] 78700000 msgs, avg_lat=148.09ms, throughput=202446/s
[LIBRDKAFKA] 78750000 msgs, avg_lat=148.09ms, throughput=210294/s
[LIBRDKAFKA] 78800000 msgs, avg_lat=148.09ms, throughput=214451/s
[LIBRDKAFKA] 78850000 msgs, avg_lat=148.09ms, throughput=187815/s
[LIBRDKAFKA] 78900000 msgs, avg_lat=148.09ms, throughput=201532/s
[LIBRDKAFKA] 78950000 msgs, avg_lat=148.09ms, throughput=197440/s
[LIBRDKAFKA] 79000000 msgs, avg_lat=148.09ms, throughput=176472/s
[LIBRDKAFKA] 79050000 msgs, avg_lat=148.09ms, throughput=191226/s
[LIBRDKAFKA] 79100000 msgs, avg_lat=148.09ms, throughput=204907/s
[LIBRDKAFKA] 79150000 msgs, avg_lat=148.09ms, throughput=203081/s
[LIBRDKAFKA] 79200000 msgs, avg_lat=148.09ms, throughput=208913/s
[LIBRDKAFKA] 79250000 msgs, avg_lat=148.09ms, throughput=221028/s
[LIBRDKAFKA] 79300000 msgs, avg_lat=148.09ms, throughput=190808/s
[LIBRDKAFKA] 79350000 msgs, avg_lat=148.09ms, throughput=214674/s
[LIBRDKAFKA] 79400000 msgs, avg_lat=148.09ms, throughput=201932/s
[LIBRDKAFKA] 79450000 msgs, avg_lat=148.09ms, throughput=198382/s
[LIBRDKAFKA] 79500000 msgs, avg_lat=148.09ms, throughput=175047/s
[LIBRDKAFKA] 79550000 msgs, avg_lat=148.09ms, throughput=262546/s
[LIBRDKAFKA] 79600000 msgs, avg_lat=148.09ms, throughput=176333/s
[LIBRDKAFKA] 79650000 msgs, avg_lat=148.09ms, throughput=191902/s
[LIBRDKAFKA] 79700000 msgs, avg_lat=148.09ms, throughput=218147/s
[LIBRDKAFKA] 79750000 msgs, avg_lat=148.09ms, throughput=190811/s
[LIBRDKAFKA] 79800000 msgs, avg_lat=148.09ms, throughput=196508/s
[LIBRDKAFKA] 79850000 msgs, avg_lat=148.09ms, throughput=212523/s
[LIBRDKAFKA] 79900000 msgs, avg_lat=148.09ms, throughput=197608/s
[LIBRDKAFKA] 79950000 msgs, avg_lat=148.09ms, throughput=205961/s
[LIBRDKAFKA] 80000000 msgs, avg_lat=148.09ms, throughput=198581/s
[LIBRDKAFKA] 80050000 msgs, avg_lat=148.09ms, throughput=219924/s
[LIBRDKAFKA] 80100000 msgs, avg_lat=148.09ms, throughput=176807/s
[LIBRDKAFKA] 80150000 msgs, avg_lat=148.09ms, throughput=189859/s
[LIBRDKAFKA] 80200000 msgs, avg_lat=148.09ms, throughput=167576/s
[LIBRDKAFKA] 80250000 msgs, avg_lat=148.09ms, throughput=211930/s
[INTERVAL 36] msgs=2002000, throughput=199598/s, p99=279.00ms, cpu=32.3%, mem=97.8MB
[LIBRDKAFKA] 80300000 msgs, avg_lat=148.09ms, throughput=246374/s
[LIBRDKAFKA] 80350000 msgs, avg_lat=148.09ms, throughput=177775/s
[LIBRDKAFKA] 80400000 msgs, avg_lat=148.09ms, throughput=215830/s
[LIBRDKAFKA] 80450000 msgs, avg_lat=148.10ms, throughput=210136/s
[LIBRDKAFKA] 80500000 msgs, avg_lat=148.09ms, throughput=185237/s
[LIBRDKAFKA] 80550000 msgs, avg_lat=148.09ms, throughput=208668/s
[LIBRDKAFKA] 80600000 msgs, avg_lat=148.09ms, throughput=191041/s
[LIBRDKAFKA] 80650000 msgs, avg_lat=148.09ms, throughput=219960/s
[LIBRDKAFKA] 80700000 msgs, avg_lat=148.09ms, throughput=191387/s
[LIBRDKAFKA] 80750000 msgs, avg_lat=148.09ms, throughput=215658/s
[LIBRDKAFKA] 80800000 msgs, avg_lat=148.09ms, throughput=200623/s
[LIBRDKAFKA] 80850000 msgs, avg_lat=148.09ms, throughput=195156/s
[LIBRDKAFKA] 80900000 msgs, avg_lat=148.09ms, throughput=190882/s
[LIBRDKAFKA] 80950000 msgs, avg_lat=148.09ms, throughput=217117/s
[LIBRDKAFKA] 81000000 msgs, avg_lat=148.10ms, throughput=175061/s
[LIBRDKAFKA] 81050000 msgs, avg_lat=148.09ms, throughput=203588/s
[LIBRDKAFKA] 81100000 msgs, avg_lat=148.09ms, throughput=213141/s
[LIBRDKAFKA] 81150000 msgs, avg_lat=148.09ms, throughput=200711/s
[LIBRDKAFKA] 81200000 msgs, avg_lat=148.09ms, throughput=210348/s
[LIBRDKAFKA] 81250000 msgs, avg_lat=148.09ms, throughput=198961/s
[LIBRDKAFKA] 81300000 msgs, avg_lat=148.09ms, throughput=193446/s
[LIBRDKAFKA] 81350000 msgs, avg_lat=148.09ms, throughput=194974/s
[LIBRDKAFKA] 81400000 msgs, avg_lat=148.08ms, throughput=216201/s
[LIBRDKAFKA] 81450000 msgs, avg_lat=148.08ms, throughput=184570/s
[LIBRDKAFKA] 81500000 msgs, avg_lat=148.09ms, throughput=218264/s
[LIBRDKAFKA] 81550000 msgs, avg_lat=148.09ms, throughput=190619/s
[LIBRDKAFKA] 81600000 msgs, avg_lat=148.09ms, throughput=161014/s
[LIBRDKAFKA] 81650000 msgs, avg_lat=148.09ms, throughput=202856/s
[LIBRDKAFKA] 81700000 msgs, avg_lat=148.09ms, throughput=197295/s
[LIBRDKAFKA] 81750000 msgs, avg_lat=148.09ms, throughput=197806/s
[LIBRDKAFKA] 81800000 msgs, avg_lat=148.09ms, throughput=218420/s
[LIBRDKAFKA] 81850000 msgs, avg_lat=148.09ms, throughput=201056/s
[LIBRDKAFKA] 81900000 msgs, avg_lat=148.10ms, throughput=204670/s
[LIBRDKAFKA] 81950000 msgs, avg_lat=148.09ms, throughput=209958/s
[LIBRDKAFKA] 82000000 msgs, avg_lat=148.09ms, throughput=193984/s
[LIBRDKAFKA] 82050000 msgs, avg_lat=148.09ms, throughput=205841/s
[LIBRDKAFKA] 82100000 msgs, avg_lat=148.09ms, throughput=188206/s
[LIBRDKAFKA] 82150000 msgs, avg_lat=148.09ms, throughput=227921/s
[LIBRDKAFKA] 82200000 msgs, avg_lat=148.09ms, throughput=196729/s
[LIBRDKAFKA] 82250000 msgs, avg_lat=148.09ms, throughput=202843/s
[INTERVAL 37] msgs=2012000, throughput=200484/s, p99=279.00ms, cpu=32.2%, mem=97.8MB
[LIBRDKAFKA] 82300000 msgs, avg_lat=148.09ms, throughput=197279/s
[LIBRDKAFKA] 82350000 msgs, avg_lat=148.08ms, throughput=217742/s
[LIBRDKAFKA] 82400000 msgs, avg_lat=148.08ms, throughput=207572/s
[LIBRDKAFKA] 82450000 msgs, avg_lat=148.08ms, throughput=204621/s
[LIBRDKAFKA] 82500000 msgs, avg_lat=148.08ms, throughput=182068/s
[LIBRDKAFKA] 82550000 msgs, avg_lat=148.08ms, throughput=196611/s
[LIBRDKAFKA] 82600000 msgs, avg_lat=148.08ms, throughput=192962/s
[LIBRDKAFKA] 82650000 msgs, avg_lat=148.08ms, throughput=201753/s
[LIBRDKAFKA] 82700000 msgs, avg_lat=148.08ms, throughput=194182/s
[LIBRDKAFKA] 82750000 msgs, avg_lat=148.08ms, throughput=196063/s
[LIBRDKAFKA] 82800000 msgs, avg_lat=148.08ms, throughput=202444/s
[LIBRDKAFKA] 82850000 msgs, avg_lat=148.08ms, throughput=214214/s
[LIBRDKAFKA] 82900000 msgs, avg_lat=148.08ms, throughput=188701/s
[LIBRDKAFKA] 82950000 msgs, avg_lat=148.09ms, throughput=188384/s
[LIBRDKAFKA] 83000000 msgs, avg_lat=148.09ms, throughput=251068/s
[LIBRDKAFKA] 83050000 msgs, avg_lat=148.09ms, throughput=194528/s
[LIBRDKAFKA] 83100000 msgs, avg_lat=148.09ms, throughput=172852/s
[LIBRDKAFKA] 83150000 msgs, avg_lat=148.09ms, throughput=207154/s
[LIBRDKAFKA] 83200000 msgs, avg_lat=148.09ms, throughput=196908/s
[LIBRDKAFKA] 83250000 msgs, avg_lat=148.09ms, throughput=187592/s
[LIBRDKAFKA] 83300000 msgs, avg_lat=148.09ms, throughput=236323/s
[LIBRDKAFKA] 83350000 msgs, avg_lat=148.09ms, throughput=181292/s
[LIBRDKAFKA] 83400000 msgs, avg_lat=148.10ms, throughput=203267/s
[LIBRDKAFKA] 83450000 msgs, avg_lat=148.10ms, throughput=217217/s
[LIBRDKAFKA] 83500000 msgs, avg_lat=148.09ms, throughput=169817/s
[LIBRDKAFKA] 83550000 msgs, avg_lat=148.10ms, throughput=225330/s
[LIBRDKAFKA] 83600000 msgs, avg_lat=148.09ms, throughput=203340/s
[LIBRDKAFKA] 83650000 msgs, avg_lat=148.10ms, throughput=191273/s
[LIBRDKAFKA] 83700000 msgs, avg_lat=148.09ms, throughput=218271/s
[LIBRDKAFKA] 83750000 msgs, avg_lat=148.10ms, throughput=223904/s
[LIBRDKAFKA] 83800000 msgs, avg_lat=148.09ms, throughput=190656/s
[LIBRDKAFKA] 83850000 msgs, avg_lat=148.09ms, throughput=196894/s
[LIBRDKAFKA] 83900000 msgs, avg_lat=148.09ms, throughput=196733/s
[LIBRDKAFKA] 83950000 msgs, avg_lat=148.09ms, throughput=212316/s
[LIBRDKAFKA] 84000000 msgs, avg_lat=148.09ms, throughput=213454/s
[LIBRDKAFKA] 84050000 msgs, avg_lat=148.09ms, throughput=145063/s
[LIBRDKAFKA] 84100000 msgs, avg_lat=148.09ms, throughput=217314/s
[LIBRDKAFKA] 84150000 msgs, avg_lat=148.09ms, throughput=210197/s
[LIBRDKAFKA] 84200000 msgs, avg_lat=148.09ms, throughput=200250/s
[LIBRDKAFKA] 84250000 msgs, avg_lat=148.09ms, throughput=201993/s
[INTERVAL 38] msgs=2006000, throughput=199962/s, p99=279.00ms, cpu=32.1%, mem=97.8MB
[LIBRDKAFKA] 84300000 msgs, avg_lat=148.09ms, throughput=240963/s
[LIBRDKAFKA] 84350000 msgs, avg_lat=148.09ms, throughput=172885/s
[LIBRDKAFKA] 84400000 msgs, avg_lat=148.09ms, throughput=201177/s
[LIBRDKAFKA] 84450000 msgs, avg_lat=148.09ms, throughput=189382/s
[LIBRDKAFKA] 84500000 msgs, avg_lat=148.09ms, throughput=199748/s
[LIBRDKAFKA] 84550000 msgs, avg_lat=148.09ms, throughput=225714/s
[LIBRDKAFKA] 84600000 msgs, avg_lat=148.09ms, throughput=185704/s
[LIBRDKAFKA] 84650000 msgs, avg_lat=148.09ms, throughput=187465/s
[LIBRDKAFKA] 84700000 msgs, avg_lat=148.09ms, throughput=216410/s
[LIBRDKAFKA] 84750000 msgs, avg_lat=148.09ms, throughput=205881/s
[LIBRDKAFKA] 84800000 msgs, avg_lat=148.09ms, throughput=194955/s
[LIBRDKAFKA] 84850000 msgs, avg_lat=148.09ms, throughput=208246/s
[LIBRDKAFKA] 84900000 msgs, avg_lat=148.09ms, throughput=203512/s
[LIBRDKAFKA] 84950000 msgs, avg_lat=148.09ms, throughput=208216/s
[LIBRDKAFKA] 85000000 msgs, avg_lat=148.09ms, throughput=171382/s
[LIBRDKAFKA] 85050000 msgs, avg_lat=148.09ms, throughput=214127/s
[LIBRDKAFKA] 85100000 msgs, avg_lat=148.09ms, throughput=213450/s
[LIBRDKAFKA] 85150000 msgs, avg_lat=148.09ms, throughput=174876/s
[LIBRDKAFKA] 85200000 msgs, avg_lat=148.09ms, throughput=212217/s
[LIBRDKAFKA] 85250000 msgs, avg_lat=148.09ms, throughput=200853/s
[LIBRDKAFKA] 85300000 msgs, avg_lat=148.09ms, throughput=209607/s
[LIBRDKAFKA] 85350000 msgs, avg_lat=148.09ms, throughput=216703/s
[LIBRDKAFKA] 85400000 msgs, avg_lat=148.09ms, throughput=196980/s
[LIBRDKAFKA] 85450000 msgs, avg_lat=148.09ms, throughput=219917/s
[LIBRDKAFKA] 85500000 msgs, avg_lat=148.09ms, throughput=181161/s
[LIBRDKAFKA] 85550000 msgs, avg_lat=148.09ms, throughput=209405/s
[LIBRDKAFKA] 85600000 msgs, avg_lat=148.09ms, throughput=194876/s
[LIBRDKAFKA] 85650000 msgs, avg_lat=148.09ms, throughput=221798/s
[LIBRDKAFKA] 85700000 msgs, avg_lat=148.09ms, throughput=172649/s
[LIBRDKAFKA] 85750000 msgs, avg_lat=148.09ms, throughput=222402/s
[LIBRDKAFKA] 85800000 msgs, avg_lat=148.09ms, throughput=195614/s
[LIBRDKAFKA] 85850000 msgs, avg_lat=148.08ms, throughput=167817/s
[LIBRDKAFKA] 85900000 msgs, avg_lat=148.08ms, throughput=201170/s
[LIBRDKAFKA] 85950000 msgs, avg_lat=148.09ms, throughput=218933/s
[LIBRDKAFKA] 86000000 msgs, avg_lat=148.08ms, throughput=234657/s
[LIBRDKAFKA] 86050000 msgs, avg_lat=148.08ms, throughput=204444/s
[LIBRDKAFKA] 86100000 msgs, avg_lat=148.08ms, throughput=193510/s
[LIBRDKAFKA] 86150000 msgs, avg_lat=148.08ms, throughput=194901/s
[LIBRDKAFKA] 86200000 msgs, avg_lat=148.08ms, throughput=197920/s
[LIBRDKAFKA] 86250000 msgs, avg_lat=148.08ms, throughput=174106/s
[INTERVAL 39] msgs=2010000, throughput=200559/s, p99=280.00ms, cpu=32.4%, mem=97.8MB
[LIBRDKAFKA] 86300000 msgs, avg_lat=148.08ms, throughput=209575/s
[LIBRDKAFKA] 86350000 msgs, avg_lat=148.08ms, throughput=204820/s
[LIBRDKAFKA] 86400000 msgs, avg_lat=148.07ms, throughput=207222/s
[LIBRDKAFKA] 86450000 msgs, avg_lat=148.08ms, throughput=202490/s
[LIBRDKAFKA] 86500000 msgs, avg_lat=148.08ms, throughput=199238/s
[LIBRDKAFKA] 86550000 msgs, avg_lat=148.08ms, throughput=202920/s
[LIBRDKAFKA] 86600000 msgs, avg_lat=148.07ms, throughput=194396/s
[LIBRDKAFKA] 86650000 msgs, avg_lat=148.07ms, throughput=206682/s
[LIBRDKAFKA] 86700000 msgs, avg_lat=148.07ms, throughput=213295/s
[LIBRDKAFKA] 86750000 msgs, avg_lat=148.07ms, throughput=204057/s
[LIBRDKAFKA] 86800000 msgs, avg_lat=148.07ms, throughput=198357/s
[LIBRDKAFKA] 86850000 msgs, avg_lat=148.07ms, throughput=207024/s
[LIBRDKAFKA] 86900000 msgs, avg_lat=148.07ms, throughput=199384/s
[LIBRDKAFKA] 86950000 msgs, avg_lat=148.07ms, throughput=197100/s
[LIBRDKAFKA] 87000000 msgs, avg_lat=148.07ms, throughput=203902/s
[LIBRDKAFKA] 87050000 msgs, avg_lat=148.07ms, throughput=188260/s
[LIBRDKAFKA] 87100000 msgs, avg_lat=148.07ms, throughput=186137/s
[LIBRDKAFKA] 87150000 msgs, avg_lat=148.07ms, throughput=210187/s
[LIBRDKAFKA] 87200000 msgs, avg_lat=148.07ms, throughput=210828/s
[LIBRDKAFKA] 87250000 msgs, avg_lat=148.07ms, throughput=180626/s
[LIBRDKAFKA] 87300000 msgs, avg_lat=148.07ms, throughput=219435/s
[LIBRDKAFKA] 87350000 msgs, avg_lat=148.07ms, throughput=171465/s
[LIBRDKAFKA] 87400000 msgs, avg_lat=148.07ms, throughput=195957/s
[LIBRDKAFKA] 87450000 msgs, avg_lat=148.07ms, throughput=203004/s
[LIBRDKAFKA] 87500000 msgs, avg_lat=148.07ms, throughput=195250/s
[LIBRDKAFKA] 87550000 msgs, avg_lat=148.07ms, throughput=203658/s
[LIBRDKAFKA] 87600000 msgs, avg_lat=148.08ms, throughput=193595/s
[LIBRDKAFKA] 87650000 msgs, avg_lat=148.07ms, throughput=219893/s
[LIBRDKAFKA] 87700000 msgs, avg_lat=148.08ms, throughput=198030/s
[LIBRDKAFKA] 87750000 msgs, avg_lat=148.07ms, throughput=198758/s
[LIBRDKAFKA] 87800000 msgs, avg_lat=148.08ms, throughput=201135/s
[LIBRDKAFKA] 87850000 msgs, avg_lat=148.07ms, throughput=213769/s
[LIBRDKAFKA] 87900000 msgs, avg_lat=148.07ms, throughput=201253/s
[LIBRDKAFKA] 87950000 msgs, avg_lat=148.07ms, throughput=204988/s
[LIBRDKAFKA] 88000000 msgs, avg_lat=148.07ms, throughput=186474/s
[LIBRDKAFKA] 88050000 msgs, avg_lat=148.07ms, throughput=207867/s
[LIBRDKAFKA] 88100000 msgs, avg_lat=148.07ms, throughput=183248/s
[LIBRDKAFKA] 88150000 msgs, avg_lat=148.07ms, throughput=218015/s
[LIBRDKAFKA] 88200000 msgs, avg_lat=148.07ms, throughput=204094/s
[LIBRDKAFKA] 88250000 msgs, avg_lat=148.07ms, throughput=203707/s
[INTERVAL 40] msgs=1998000, throughput=199388/s, p99=279.00ms, cpu=31.9%, mem=97.8MB
[LIBRDKAFKA] 88300000 msgs, avg_lat=148.07ms, throughput=194879/s
[LIBRDKAFKA] 88350000 msgs, avg_lat=148.07ms, throughput=202321/s
[LIBRDKAFKA] 88400000 msgs, avg_lat=148.07ms, throughput=205053/s
[LIBRDKAFKA] 88450000 msgs, avg_lat=148.07ms, throughput=197306/s
[LIBRDKAFKA] 88500000 msgs, avg_lat=148.07ms, throughput=200937/s
[LIBRDKAFKA] 88550000 msgs, avg_lat=148.07ms, throughput=223012/s
[LIBRDKAFKA] 88600000 msgs, avg_lat=148.07ms, throughput=160196/s
[LIBRDKAFKA] 88650000 msgs, avg_lat=148.08ms, throughput=199549/s
[LIBRDKAFKA] 88700000 msgs, avg_lat=148.08ms, throughput=211935/s
[LIBRDKAFKA] 88750000 msgs, avg_lat=148.08ms, throughput=195850/s
[LIBRDKAFKA] 88800000 msgs, avg_lat=148.08ms, throughput=209545/s
[LIBRDKAFKA] 88850000 msgs, avg_lat=148.08ms, throughput=196078/s
[LIBRDKAFKA] 88900000 msgs, avg_lat=148.08ms, throughput=192363/s
[LIBRDKAFKA] 88950000 msgs, avg_lat=148.08ms, throughput=216767/s
[LIBRDKAFKA] 89000000 msgs, avg_lat=148.08ms, throughput=185916/s
[LIBRDKAFKA] 89050000 msgs, avg_lat=148.08ms, throughput=211514/s
[LIBRDKAFKA] 89100000 msgs, avg_lat=148.08ms, throughput=202327/s
[LIBRDKAFKA] 89150000 msgs, avg_lat=148.07ms, throughput=204979/s
[LIBRDKAFKA] 89200000 msgs, avg_lat=148.07ms, throughput=202615/s
[LIBRDKAFKA] 89250000 msgs, avg_lat=148.07ms, throughput=197588/s
[LIBRDKAFKA] 89300000 msgs, avg_lat=148.07ms, throughput=207381/s
[LIBRDKAFKA] 89350000 msgs, avg_lat=148.07ms, throughput=215828/s
[LIBRDKAFKA] 89400000 msgs, avg_lat=148.07ms, throughput=206760/s
[LIBRDKAFKA] 89450000 msgs, avg_lat=148.07ms, throughput=200105/s
[LIBRDKAFKA] 89500000 msgs, avg_lat=148.08ms, throughput=204362/s
[LIBRDKAFKA] 89550000 msgs, avg_lat=148.07ms, throughput=196943/s
[LIBRDKAFKA] 89600000 msgs, avg_lat=148.08ms, throughput=194944/s
[LIBRDKAFKA] 89650000 msgs, avg_lat=148.08ms, throughput=204044/s
[LIBRDKAFKA] 89700000 msgs, avg_lat=148.07ms, throughput=182745/s
[LIBRDKAFKA] 89750000 msgs, avg_lat=148.07ms, throughput=194577/s
[LIBRDKAFKA] 89800000 msgs, avg_lat=148.07ms, throughput=197591/s
[LIBRDKAFKA] 89850000 msgs, avg_lat=148.07ms, throughput=190524/s
[LIBRDKAFKA] 89900000 msgs, avg_lat=148.07ms, throughput=222829/s
[LIBRDKAFKA] 89950000 msgs, avg_lat=148.07ms, throughput=192412/s
[LIBRDKAFKA] 90000000 msgs, avg_lat=148.07ms, throughput=192747/s
[LIBRDKAFKA] 90050000 msgs, avg_lat=148.07ms, throughput=233817/s
[LIBRDKAFKA] 90100000 msgs, avg_lat=148.07ms, throughput=165742/s
[LIBRDKAFKA] 90150000 msgs, avg_lat=148.07ms, throughput=201276/s
[LIBRDKAFKA] 90200000 msgs, avg_lat=148.07ms, throughput=208392/s
[LIBRDKAFKA] 90250000 msgs, avg_lat=148.07ms, throughput=201110/s
[INTERVAL 41] msgs=2000000, throughput=199990/s, p99=278.00ms, cpu=31.7%, mem=97.8MB
[LIBRDKAFKA] 90300000 msgs, avg_lat=148.07ms, throughput=203149/s
[LIBRDKAFKA] 90350000 msgs, avg_lat=148.07ms, throughput=197737/s
[LIBRDKAFKA] 90400000 msgs, avg_lat=148.07ms, throughput=195695/s
[LIBRDKAFKA] 90450000 msgs, avg_lat=148.07ms, throughput=212235/s
[LIBRDKAFKA] 90500000 msgs, avg_lat=148.07ms, throughput=209102/s
[LIBRDKAFKA] 90550000 msgs, avg_lat=148.07ms, throughput=196252/s
[LIBRDKAFKA] 90600000 msgs, avg_lat=148.07ms, throughput=205084/s
[LIBRDKAFKA] 90650000 msgs, avg_lat=148.06ms, throughput=211258/s
[LIBRDKAFKA] 90700000 msgs, avg_lat=148.06ms, throughput=205705/s
[LIBRDKAFKA] 90750000 msgs, avg_lat=148.07ms, throughput=191150/s
[LIBRDKAFKA] 90800000 msgs, avg_lat=148.07ms, throughput=186378/s
[LIBRDKAFKA] 90850000 msgs, avg_lat=148.07ms, throughput=209977/s
[LIBRDKAFKA] 90900000 msgs, avg_lat=148.07ms, throughput=195286/s
[LIBRDKAFKA] 90950000 msgs, avg_lat=148.06ms, throughput=195649/s
[LIBRDKAFKA] 91000000 msgs, avg_lat=148.06ms, throughput=206806/s
[LIBRDKAFKA] 91050000 msgs, avg_lat=148.07ms, throughput=173705/s
[LIBRDKAFKA] 91100000 msgs, avg_lat=148.06ms, throughput=200991/s
[LIBRDKAFKA] 91150000 msgs, avg_lat=148.06ms, throughput=224692/s
[LIBRDKAFKA] 91200000 msgs, avg_lat=148.06ms, throughput=201671/s
[LIBRDKAFKA] 91250000 msgs, avg_lat=148.07ms, throughput=200861/s
[LIBRDKAFKA] 91300000 msgs, avg_lat=148.07ms, throughput=199427/s
[LIBRDKAFKA] 91350000 msgs, avg_lat=148.06ms, throughput=213403/s
[LIBRDKAFKA] 91400000 msgs, avg_lat=148.06ms, throughput=198951/s
[LIBRDKAFKA] 91450000 msgs, avg_lat=148.06ms, throughput=189251/s
[LIBRDKAFKA] 91500000 msgs, avg_lat=148.06ms, throughput=215323/s
[LIBRDKAFKA] 91550000 msgs, avg_lat=148.06ms, throughput=194445/s
[LIBRDKAFKA] 91600000 msgs, avg_lat=148.06ms, throughput=188094/s
[LIBRDKAFKA] 91650000 msgs, avg_lat=148.06ms, throughput=227250/s
[LIBRDKAFKA] 91700000 msgs, avg_lat=148.06ms, throughput=199323/s
[LIBRDKAFKA] 91750000 msgs, avg_lat=148.06ms, throughput=189349/s
[LIBRDKAFKA] 91800000 msgs, avg_lat=148.06ms, throughput=207357/s
[LIBRDKAFKA] 91850000 msgs, avg_lat=148.06ms, throughput=180424/s
[LIBRDKAFKA] 91900000 msgs, avg_lat=148.06ms, throughput=206641/s
[LIBRDKAFKA] 91950000 msgs, avg_lat=148.06ms, throughput=184695/s
[LIBRDKAFKA] 92000000 msgs, avg_lat=148.07ms, throughput=188150/s
[LIBRDKAFKA] 92050000 msgs, avg_lat=148.07ms, throughput=202749/s
[LIBRDKAFKA] 92100000 msgs, avg_lat=148.07ms, throughput=204931/s
[LIBRDKAFKA] 92150000 msgs, avg_lat=148.07ms, throughput=182449/s
[LIBRDKAFKA] 92200000 msgs, avg_lat=148.07ms, throughput=219140/s
[LIBRDKAFKA] 92250000 msgs, avg_lat=148.07ms, throughput=227142/s
[INTERVAL 42] msgs=2000000, throughput=199809/s, p99=280.00ms, cpu=32.2%, mem=97.8MB
[LIBRDKAFKA] 92300000 msgs, avg_lat=148.07ms, throughput=191456/s
[LIBRDKAFKA] 92350000 msgs, avg_lat=148.07ms, throughput=220707/s
[LIBRDKAFKA] 92400000 msgs, avg_lat=148.07ms, throughput=182302/s
[LIBRDKAFKA] 92450000 msgs, avg_lat=148.07ms, throughput=214659/s
[LIBRDKAFKA] 92500000 msgs, avg_lat=148.06ms, throughput=219791/s
[LIBRDKAFKA] 92550000 msgs, avg_lat=148.06ms, throughput=194391/s
[LIBRDKAFKA] 92600000 msgs, avg_lat=148.07ms, throughput=203075/s
[LIBRDKAFKA] 92650000 msgs, avg_lat=148.07ms, throughput=205039/s
[LIBRDKAFKA] 92700000 msgs, avg_lat=148.07ms, throughput=177404/s
[LIBRDKAFKA] 92750000 msgs, avg_lat=148.07ms, throughput=202469/s
[LIBRDKAFKA] 92800000 msgs, avg_lat=148.07ms, throughput=195573/s
[LIBRDKAFKA] 92850000 msgs, avg_lat=148.07ms, throughput=184072/s
[LIBRDKAFKA] 92900000 msgs, avg_lat=148.07ms, throughput=197675/s
[LIBRDKAFKA] 92950000 msgs, avg_lat=148.07ms, throughput=201519/s
[LIBRDKAFKA] 93000000 msgs, avg_lat=148.07ms, throughput=193568/s
[LIBRDKAFKA] 93050000 msgs, avg_lat=148.07ms, throughput=226248/s
[LIBRDKAFKA] 93100000 msgs, avg_lat=148.07ms, throughput=179238/s
[LIBRDKAFKA] 93150000 msgs, avg_lat=148.07ms, throughput=239665/s
[LIBRDKAFKA] 93200000 msgs, avg_lat=148.07ms, throughput=199934/s
[LIBRDKAFKA] 93250000 msgs, avg_lat=148.07ms, throughput=203659/s
[LIBRDKAFKA] 93300000 msgs, avg_lat=148.07ms, throughput=187107/s
[LIBRDKAFKA] 93350000 msgs, avg_lat=148.07ms, throughput=191780/s
[LIBRDKAFKA] 93400000 msgs, avg_lat=148.06ms, throughput=186844/s
[LIBRDKAFKA] 93450000 msgs, avg_lat=148.07ms, throughput=209244/s
[LIBRDKAFKA] 93500000 msgs, avg_lat=148.07ms, throughput=221160/s
[LIBRDKAFKA] 93550000 msgs, avg_lat=148.07ms, throughput=195169/s
[LIBRDKAFKA] 93600000 msgs, avg_lat=148.07ms, throughput=218283/s
[LIBRDKAFKA] 93650000 msgs, avg_lat=148.07ms, throughput=184225/s
[LIBRDKAFKA] 93700000 msgs, avg_lat=148.07ms, throughput=201477/s
[LIBRDKAFKA] 93750000 msgs, avg_lat=148.07ms, throughput=205080/s
[LIBRDKAFKA] 93800000 msgs, avg_lat=148.07ms, throughput=208642/s
[LIBRDKAFKA] 93850000 msgs, avg_lat=148.07ms, throughput=190630/s
[LIBRDKAFKA] 93900000 msgs, avg_lat=148.07ms, throughput=204947/s
[LIBRDKAFKA] 93950000 msgs, avg_lat=148.07ms, throughput=180670/s
[LIBRDKAFKA] 94000000 msgs, avg_lat=148.07ms, throughput=213501/s
[LIBRDKAFKA] 94050000 msgs, avg_lat=148.07ms, throughput=199587/s
[LIBRDKAFKA] 94100000 msgs, avg_lat=148.06ms, throughput=190875/s
[LIBRDKAFKA] 94150000 msgs, avg_lat=148.06ms, throughput=214248/s
[LIBRDKAFKA] 94200000 msgs, avg_lat=148.07ms, throughput=171301/s
[LIBRDKAFKA] 94250000 msgs, avg_lat=148.07ms, throughput=209804/s
[INTERVAL 43] msgs=2010000, throughput=200783/s, p99=281.00ms, cpu=31.8%, mem=97.8MB
[LIBRDKAFKA] 94300000 msgs, avg_lat=148.07ms, throughput=201030/s
[LIBRDKAFKA] 94350000 msgs, avg_lat=148.06ms, throughput=196927/s
[LIBRDKAFKA] 94400000 msgs, avg_lat=148.06ms, throughput=192025/s
[LIBRDKAFKA] 94450000 msgs, avg_lat=148.06ms, throughput=218352/s
[LIBRDKAFKA] 94500000 msgs, avg_lat=148.06ms, throughput=198831/s
[LIBRDKAFKA] 94550000 msgs, avg_lat=148.06ms, throughput=216434/s
[LIBRDKAFKA] 94600000 msgs, avg_lat=148.06ms, throughput=191550/s
[LIBRDKAFKA] 94650000 msgs, avg_lat=148.06ms, throughput=203812/s
[LIBRDKAFKA] 94700000 msgs, avg_lat=148.06ms, throughput=194382/s
[LIBRDKAFKA] 94750000 msgs, avg_lat=148.06ms, throughput=201007/s
[LIBRDKAFKA] 94800000 msgs, avg_lat=148.06ms, throughput=205348/s
[LIBRDKAFKA] 94850000 msgs, avg_lat=148.06ms, throughput=209246/s
[LIBRDKAFKA] 94900000 msgs, avg_lat=148.06ms, throughput=195413/s
[LIBRDKAFKA] 94950000 msgs, avg_lat=148.07ms, throughput=215782/s
[LIBRDKAFKA] 95000000 msgs, avg_lat=148.07ms, throughput=196123/s
[LIBRDKAFKA] 95050000 msgs, avg_lat=148.06ms, throughput=189727/s
[LIBRDKAFKA] 95100000 msgs, avg_lat=148.06ms, throughput=217417/s
[LIBRDKAFKA] 95150000 msgs, avg_lat=148.06ms, throughput=191453/s
[LIBRDKAFKA] 95200000 msgs, avg_lat=148.06ms, throughput=200239/s
[LIBRDKAFKA] 95250000 msgs, avg_lat=148.06ms, throughput=198378/s
[LIBRDKAFKA] 95300000 msgs, avg_lat=148.06ms, throughput=186446/s
[LIBRDKAFKA] 95350000 msgs, avg_lat=148.06ms, throughput=212730/s
[LIBRDKAFKA] 95400000 msgs, avg_lat=148.06ms, throughput=220767/s
[LIBRDKAFKA] 95450000 msgs, avg_lat=148.06ms, throughput=185983/s
[LIBRDKAFKA] 95500000 msgs, avg_lat=148.06ms, throughput=220366/s
[LIBRDKAFKA] 95550000 msgs, avg_lat=148.07ms, throughput=204067/s
[LIBRDKAFKA] 95600000 msgs, avg_lat=148.06ms, throughput=185007/s
[LIBRDKAFKA] 95650000 msgs, avg_lat=148.06ms, throughput=195908/s
[LIBRDKAFKA] 95700000 msgs, avg_lat=148.06ms, throughput=195344/s
[LIBRDKAFKA] 95750000 msgs, avg_lat=148.06ms, throughput=193661/s
[LIBRDKAFKA] 95800000 msgs, avg_lat=148.06ms, throughput=201511/s
[LIBRDKAFKA] 95850000 msgs, avg_lat=148.06ms, throughput=205305/s
[LIBRDKAFKA] 95900000 msgs, avg_lat=148.06ms, throughput=204879/s
[LIBRDKAFKA] 95950000 msgs, avg_lat=148.07ms, throughput=215020/s
[LIBRDKAFKA] 96000000 msgs, avg_lat=148.07ms, throughput=163592/s
[LIBRDKAFKA] 96050000 msgs, avg_lat=148.07ms, throughput=235480/s
[LIBRDKAFKA] 96100000 msgs, avg_lat=148.07ms, throughput=216565/s
[LIBRDKAFKA] 96150000 msgs, avg_lat=148.06ms, throughput=195264/s
[LIBRDKAFKA] 96200000 msgs, avg_lat=148.06ms, throughput=180454/s
[LIBRDKAFKA] 96250000 msgs, avg_lat=148.06ms, throughput=194466/s
[INTERVAL 44] msgs=1994000, throughput=199131/s, p99=279.00ms, cpu=32.2%, mem=97.8MB
[LIBRDKAFKA] 96300000 msgs, avg_lat=148.06ms, throughput=195711/s
[LIBRDKAFKA] 96350000 msgs, avg_lat=148.06ms, throughput=229975/s
[LIBRDKAFKA] 96400000 msgs, avg_lat=148.06ms, throughput=188442/s
[LIBRDKAFKA] 96450000 msgs, avg_lat=148.06ms, throughput=189985/s
[LIBRDKAFKA] 96500000 msgs, avg_lat=148.06ms, throughput=189763/s
[LIBRDKAFKA] 96550000 msgs, avg_lat=148.06ms, throughput=195617/s
[LIBRDKAFKA] 96600000 msgs, avg_lat=148.06ms, throughput=212996/s
[LIBRDKAFKA] 96650000 msgs, avg_lat=148.06ms, throughput=206631/s
[LIBRDKAFKA] 96700000 msgs, avg_lat=148.05ms, throughput=188912/s
[LIBRDKAFKA] 96750000 msgs, avg_lat=148.05ms, throughput=210721/s
[LIBRDKAFKA] 96800000 msgs, avg_lat=148.06ms, throughput=176559/s
[LIBRDKAFKA] 96850000 msgs, avg_lat=148.05ms, throughput=199856/s
[LIBRDKAFKA] 96900000 msgs, avg_lat=148.06ms, throughput=242506/s
[LIBRDKAFKA] 96950000 msgs, avg_lat=148.05ms, throughput=162515/s
[LIBRDKAFKA] 97000000 msgs, avg_lat=148.06ms, throughput=212446/s
[LIBRDKAFKA] 97050000 msgs, avg_lat=148.06ms, throughput=211993/s
[LIBRDKAFKA] 97100000 msgs, avg_lat=148.06ms, throughput=196422/s
[LIBRDKAFKA] 97150000 msgs, avg_lat=148.06ms, throughput=213872/s
[LIBRDKAFKA] 97200000 msgs, avg_lat=148.05ms, throughput=224178/s
[LIBRDKAFKA] 97250000 msgs, avg_lat=148.05ms, throughput=183818/s
[LIBRDKAFKA] 97300000 msgs, avg_lat=148.05ms, throughput=236002/s
[LIBRDKAFKA] 97350000 msgs, avg_lat=148.06ms, throughput=182699/s
[LIBRDKAFKA] 97400000 msgs, avg_lat=148.06ms, throughput=235508/s
[LIBRDKAFKA] 97450000 msgs, avg_lat=148.06ms, throughput=199228/s
[LIBRDKAFKA] 97500000 msgs, avg_lat=148.05ms, throughput=184469/s
[LIBRDKAFKA] 97550000 msgs, avg_lat=148.05ms, throughput=205282/s
[LIBRDKAFKA] 97600000 msgs, avg_lat=148.05ms, throughput=181851/s
[LIBRDKAFKA] 97650000 msgs, avg_lat=148.05ms, throughput=201492/s
[LIBRDKAFKA] 97700000 msgs, avg_lat=148.05ms, throughput=184446/s
[LIBRDKAFKA] 97750000 msgs, avg_lat=148.05ms, throughput=219370/s
[LIBRDKAFKA] 97800000 msgs, avg_lat=148.05ms, throughput=185073/s
[LIBRDKAFKA] 97850000 msgs, avg_lat=148.06ms, throughput=204829/s
[LIBRDKAFKA] 97900000 msgs, avg_lat=148.06ms, throughput=178669/s
[LIBRDKAFKA] 97950000 msgs, avg_lat=148.06ms, throughput=206143/s
[LIBRDKAFKA] 98000000 msgs, avg_lat=148.06ms, throughput=215416/s
[LIBRDKAFKA] 98050000 msgs, avg_lat=148.05ms, throughput=192503/s
[LIBRDKAFKA] 98100000 msgs, avg_lat=148.05ms, throughput=204995/s
[LIBRDKAFKA] 98150000 msgs, avg_lat=148.05ms, throughput=215420/s
[LIBRDKAFKA] 98200000 msgs, avg_lat=148.05ms, throughput=195465/s
[LIBRDKAFKA] 98250000 msgs, avg_lat=148.05ms, throughput=198106/s
[INTERVAL 45] msgs=2006000, throughput=200066/s, p99=278.00ms, cpu=31.9%, mem=97.8MB
[LIBRDKAFKA] 98300000 msgs, avg_lat=148.05ms, throughput=207925/s
[LIBRDKAFKA] 98350000 msgs, avg_lat=148.05ms, throughput=189599/s
[LIBRDKAFKA] 98400000 msgs, avg_lat=148.05ms, throughput=207705/s
[LIBRDKAFKA] 98450000 msgs, avg_lat=148.05ms, throughput=195415/s
[LIBRDKAFKA] 98500000 msgs, avg_lat=148.05ms, throughput=201051/s
[LIBRDKAFKA] 98550000 msgs, avg_lat=148.05ms, throughput=206849/s
[LIBRDKAFKA] 98600000 msgs, avg_lat=148.05ms, throughput=206580/s
[LIBRDKAFKA] 98650000 msgs, avg_lat=148.05ms, throughput=217726/s
[LIBRDKAFKA] 98700000 msgs, avg_lat=148.05ms, throughput=214114/s
[LIBRDKAFKA] 98750000 msgs, avg_lat=148.05ms, throughput=183978/s
[LIBRDKAFKA] 98800000 msgs, avg_lat=148.05ms, throughput=214756/s
[LIBRDKAFKA] 98850000 msgs, avg_lat=148.05ms, throughput=193364/s
[LIBRDKAFKA] 98900000 msgs, avg_lat=148.05ms, throughput=188413/s
[LIBRDKAFKA] 98950000 msgs, avg_lat=148.05ms, throughput=193431/s
[LIBRDKAFKA] 99000000 msgs, avg_lat=148.05ms, throughput=196914/s
[LIBRDKAFKA] 99050000 msgs, avg_lat=148.05ms, throughput=223761/s
[LIBRDKAFKA] 99100000 msgs, avg_lat=148.05ms, throughput=201298/s
[LIBRDKAFKA] 99150000 msgs, avg_lat=148.05ms, throughput=153776/s
[LIBRDKAFKA] 99200000 msgs, avg_lat=148.05ms, throughput=221502/s
[LIBRDKAFKA] 99250000 msgs, avg_lat=148.05ms, throughput=216118/s
[LIBRDKAFKA] 99300000 msgs, avg_lat=148.05ms, throughput=177125/s
[LIBRDKAFKA] 99350000 msgs, avg_lat=148.05ms, throughput=212897/s
[LIBRDKAFKA] 99400000 msgs, avg_lat=148.05ms, throughput=223645/s
[LIBRDKAFKA] 99450000 msgs, avg_lat=148.05ms, throughput=206622/s
[LIBRDKAFKA] 99500000 msgs, avg_lat=148.05ms, throughput=204067/s
[LIBRDKAFKA] 99550000 msgs, avg_lat=148.05ms, throughput=178715/s
[LIBRDKAFKA] 99600000 msgs, avg_lat=148.05ms, throughput=196868/s
[LIBRDKAFKA] 99650000 msgs, avg_lat=148.05ms, throughput=194797/s
[LIBRDKAFKA] 99700000 msgs, avg_lat=148.06ms, throughput=203767/s
[LIBRDKAFKA] 99750000 msgs, avg_lat=148.06ms, throughput=222394/s
[LIBRDKAFKA] 99800000 msgs, avg_lat=148.05ms, throughput=192685/s
[LIBRDKAFKA] 99850000 msgs, avg_lat=148.05ms, throughput=185975/s
[LIBRDKAFKA] 99900000 msgs, avg_lat=148.06ms, throughput=210754/s
[LIBRDKAFKA] 99950000 msgs, avg_lat=148.06ms, throughput=188804/s
[LIBRDKAFKA] 100000000 msgs, avg_lat=148.05ms, throughput=211908/s
[LIBRDKAFKA] 100050000 msgs, avg_lat=148.06ms, throughput=192314/s
[LIBRDKAFKA] 100100000 msgs, avg_lat=148.06ms, throughput=210438/s
[LIBRDKAFKA] 100150000 msgs, avg_lat=148.06ms, throughput=211377/s
[LIBRDKAFKA] 100200000 msgs, avg_lat=148.06ms, throughput=196808/s
[LIBRDKAFKA] 100250000 msgs, avg_lat=148.06ms, throughput=207395/s
[INTERVAL 46] msgs=1996000, throughput=199511/s, p99=281.00ms, cpu=31.8%, mem=97.8MB
[LIBRDKAFKA] 100300000 msgs, avg_lat=148.06ms, throughput=199426/s
[LIBRDKAFKA] 100350000 msgs, avg_lat=148.06ms, throughput=186268/s
[LIBRDKAFKA] 100400000 msgs, avg_lat=148.06ms, throughput=209952/s
[LIBRDKAFKA] 100450000 msgs, avg_lat=148.06ms, throughput=204775/s
[LIBRDKAFKA] 100500000 msgs, avg_lat=148.06ms, throughput=188531/s
[LIBRDKAFKA] 100550000 msgs, avg_lat=148.06ms, throughput=203526/s
[LIBRDKAFKA] 100600000 msgs, avg_lat=148.06ms, throughput=191913/s
[LIBRDKAFKA] 100650000 msgs, avg_lat=148.05ms, throughput=193732/s
[LIBRDKAFKA] 100700000 msgs, avg_lat=148.05ms, throughput=220176/s
[LIBRDKAFKA] 100750000 msgs, avg_lat=148.05ms, throughput=199033/s
[LIBRDKAFKA] 100800000 msgs, avg_lat=148.06ms, throughput=198364/s
[LIBRDKAFKA] 100850000 msgs, avg_lat=148.05ms, throughput=197655/s
[LIBRDKAFKA] 100900000 msgs, avg_lat=148.05ms, throughput=191036/s
[LIBRDKAFKA] 100950000 msgs, avg_lat=148.05ms, throughput=201484/s
[LIBRDKAFKA] 101000000 msgs, avg_lat=148.05ms, throughput=227198/s
[LIBRDKAFKA] 101050000 msgs, avg_lat=148.06ms, throughput=175965/s
[LIBRDKAFKA] 101100000 msgs, avg_lat=148.06ms, throughput=210217/s
[LIBRDKAFKA] 101150000 msgs, avg_lat=148.06ms, throughput=231794/s
[LIBRDKAFKA] 101200000 msgs, avg_lat=148.06ms, throughput=189931/s
[LIBRDKAFKA] 101250000 msgs, avg_lat=148.06ms, throughput=188091/s
[LIBRDKAFKA] 101300000 msgs, avg_lat=148.06ms, throughput=226584/s
[LIBRDKAFKA] 101350000 msgs, avg_lat=148.06ms, throughput=198004/s
[LIBRDKAFKA] 101400000 msgs, avg_lat=148.06ms, throughput=203674/s
[LIBRDKAFKA] 101450000 msgs, avg_lat=148.06ms, throughput=206750/s
[LIBRDKAFKA] 101500000 msgs, avg_lat=148.06ms, throughput=141011/s
[LIBRDKAFKA] 101550000 msgs, avg_lat=148.06ms, throughput=224611/s
[LIBRDKAFKA] 101600000 msgs, avg_lat=148.06ms, throughput=209234/s
[LIBRDKAFKA] 101650000 msgs, avg_lat=148.06ms, throughput=201017/s
[LIBRDKAFKA] 101700000 msgs, avg_lat=148.06ms, throughput=234136/s
[LIBRDKAFKA] 101750000 msgs, avg_lat=148.06ms, throughput=164688/s
[LIBRDKAFKA] 101800000 msgs, avg_lat=148.06ms, throughput=213678/s
[LIBRDKAFKA] 101850000 msgs, avg_lat=148.06ms, throughput=199039/s
[LIBRDKAFKA] 101900000 msgs, avg_lat=148.06ms, throughput=206241/s
[LIBRDKAFKA] 101950000 msgs, avg_lat=148.06ms, throughput=227628/s
[LIBRDKAFKA] 102000000 msgs, avg_lat=148.06ms, throughput=196973/s
[LIBRDKAFKA] 102050000 msgs, avg_lat=148.07ms, throughput=177571/s
[LIBRDKAFKA] 102100000 msgs, avg_lat=148.07ms, throughput=205956/s
[LIBRDKAFKA] 102150000 msgs, avg_lat=148.07ms, throughput=225784/s
[LIBRDKAFKA] 102200000 msgs, avg_lat=148.07ms, throughput=185386/s
[LIBRDKAFKA] 102250000 msgs, avg_lat=148.07ms, throughput=210526/s
[INTERVAL 47] msgs=2006000, throughput=200410/s, p99=281.00ms, cpu=32.5%, mem=97.8MB
[LIBRDKAFKA] 102300000 msgs, avg_lat=148.07ms, throughput=198517/s
[LIBRDKAFKA] 102350000 msgs, avg_lat=148.07ms, throughput=207688/s
[LIBRDKAFKA] 102400000 msgs, avg_lat=148.07ms, throughput=197600/s
[LIBRDKAFKA] 102450000 msgs, avg_lat=148.07ms, throughput=209771/s
[LIBRDKAFKA] 102500000 msgs, avg_lat=148.07ms, throughput=185624/s
[LIBRDKAFKA] 102550000 msgs, avg_lat=148.07ms, throughput=191763/s
[LIBRDKAFKA] 102600000 msgs, avg_lat=148.07ms, throughput=190688/s
[LIBRDKAFKA] 102650000 msgs, avg_lat=148.07ms, throughput=212925/s
[LIBRDKAFKA] 102700000 msgs, avg_lat=148.07ms, throughput=219907/s
[LIBRDKAFKA] 102750000 msgs, avg_lat=148.07ms, throughput=160048/s
[LIBRDKAFKA] 102800000 msgs, avg_lat=148.07ms, throughput=238972/s
[LIBRDKAFKA] 102850000 msgs, avg_lat=148.07ms, throughput=177073/s
[LIBRDKAFKA] 102900000 msgs, avg_lat=148.07ms, throughput=221907/s
[LIBRDKAFKA] 102950000 msgs, avg_lat=148.07ms, throughput=195590/s
[LIBRDKAFKA] 103000000 msgs, avg_lat=148.07ms, throughput=206597/s
[LIBRDKAFKA] 103050000 msgs, avg_lat=148.07ms, throughput=210700/s
[LIBRDKAFKA] 103100000 msgs, avg_lat=148.07ms, throughput=208252/s
[LIBRDKAFKA] 103150000 msgs, avg_lat=148.07ms, throughput=170379/s
[LIBRDKAFKA] 103200000 msgs, avg_lat=148.07ms, throughput=222456/s
[LIBRDKAFKA] 103250000 msgs, avg_lat=148.07ms, throughput=205999/s
[LIBRDKAFKA] 103300000 msgs, avg_lat=148.07ms, throughput=188739/s
[LIBRDKAFKA] 103350000 msgs, avg_lat=148.07ms, throughput=210984/s
[LIBRDKAFKA] 103400000 msgs, avg_lat=148.07ms, throughput=202810/s
[LIBRDKAFKA] 103450000 msgs, avg_lat=148.08ms, throughput=194815/s
[LIBRDKAFKA] 103500000 msgs, avg_lat=148.08ms, throughput=200949/s
[LIBRDKAFKA] 103550000 msgs, avg_lat=148.08ms, throughput=199476/s
[LIBRDKAFKA] 103600000 msgs, avg_lat=148.08ms, throughput=211376/s
[LIBRDKAFKA] 103650000 msgs, avg_lat=148.08ms, throughput=214729/s
[LIBRDKAFKA] 103700000 msgs, avg_lat=148.08ms, throughput=174829/s
[LIBRDKAFKA] 103750000 msgs, avg_lat=148.08ms, throughput=221523/s
[LIBRDKAFKA] 103800000 msgs, avg_lat=148.08ms, throughput=193373/s
[LIBRDKAFKA] 103850000 msgs, avg_lat=148.08ms, throughput=171346/s
[LIBRDKAFKA] 103900000 msgs, avg_lat=148.08ms, throughput=211637/s
[LIBRDKAFKA] 103950000 msgs, avg_lat=148.08ms, throughput=180061/s
[LIBRDKAFKA] 104000000 msgs, avg_lat=148.08ms, throughput=225939/s
[LIBRDKAFKA] 104050000 msgs, avg_lat=148.08ms, throughput=190580/s
[LIBRDKAFKA] 104100000 msgs, avg_lat=148.08ms, throughput=191426/s
[LIBRDKAFKA] 104150000 msgs, avg_lat=148.08ms, throughput=211345/s
[LIBRDKAFKA] 104200000 msgs, avg_lat=148.08ms, throughput=193036/s
[LIBRDKAFKA] 104250000 msgs, avg_lat=148.08ms, throughput=180576/s
[INTERVAL 48] msgs=2006000, throughput=199639/s, p99=280.00ms, cpu=31.6%, mem=97.8MB
[LIBRDKAFKA] 104300000 msgs, avg_lat=148.08ms, throughput=194575/s
[LIBRDKAFKA] 104350000 msgs, avg_lat=148.08ms, throughput=225123/s
[LIBRDKAFKA] 104400000 msgs, avg_lat=148.08ms, throughput=205537/s
[LIBRDKAFKA] 104450000 msgs, avg_lat=148.08ms, throughput=212008/s
[LIBRDKAFKA] 104500000 msgs, avg_lat=148.08ms, throughput=198592/s
[LIBRDKAFKA] 104550000 msgs, avg_lat=148.08ms, throughput=223371/s
[LIBRDKAFKA] 104600000 msgs, avg_lat=148.08ms, throughput=207739/s
[LIBRDKAFKA] 104650000 msgs, avg_lat=148.08ms, throughput=199201/s
[LIBRDKAFKA] 104700000 msgs, avg_lat=148.08ms, throughput=213435/s
[LIBRDKAFKA] 104750000 msgs, avg_lat=148.08ms, throughput=204146/s
[LIBRDKAFKA] 104800000 msgs, avg_lat=148.08ms, throughput=173558/s
[LIBRDKAFKA] 104850000 msgs, avg_lat=148.08ms, throughput=207186/s
[LIBRDKAFKA] 104900000 msgs, avg_lat=148.08ms, throughput=192700/s
[LIBRDKAFKA] 104950000 msgs, avg_lat=148.08ms, throughput=190891/s
[LIBRDKAFKA] 105000000 msgs, avg_lat=148.08ms, throughput=178697/s
[LIBRDKAFKA] 105050000 msgs, avg_lat=148.08ms, throughput=200708/s
[LIBRDKAFKA] 105100000 msgs, avg_lat=148.08ms, throughput=214756/s
[LIBRDKAFKA] 105150000 msgs, avg_lat=148.08ms, throughput=211977/s
[LIBRDKAFKA] 105200000 msgs, avg_lat=148.08ms, throughput=191412/s
[LIBRDKAFKA] 105250000 msgs, avg_lat=148.08ms, throughput=205498/s
[LIBRDKAFKA] 105300000 msgs, avg_lat=148.08ms, throughput=208939/s
[LIBRDKAFKA] 105350000 msgs, avg_lat=148.08ms, throughput=208679/s
[LIBRDKAFKA] 105400000 msgs, avg_lat=148.08ms, throughput=202484/s
[LIBRDKAFKA] 105450000 msgs, avg_lat=148.08ms, throughput=198773/s
[LIBRDKAFKA] 105500000 msgs, avg_lat=148.08ms, throughput=197840/s
[LIBRDKAFKA] 105550000 msgs, avg_lat=148.08ms, throughput=197688/s
[LIBRDKAFKA] 105600000 msgs, avg_lat=148.08ms, throughput=204312/s
[LIBRDKAFKA] 105650000 msgs, avg_lat=148.08ms, throughput=200271/s
[LIBRDKAFKA] 105700000 msgs, avg_lat=148.08ms, throughput=215115/s
[LIBRDKAFKA] 105750000 msgs, avg_lat=148.08ms, throughput=195617/s
[LIBRDKAFKA] 105800000 msgs, avg_lat=148.08ms, throughput=197055/s
[LIBRDKAFKA] 105850000 msgs, avg_lat=148.08ms, throughput=211295/s
[LIBRDKAFKA] 105900000 msgs, avg_lat=148.08ms, throughput=199106/s
[LIBRDKAFKA] 105950000 msgs, avg_lat=148.08ms, throughput=207011/s
[LIBRDKAFKA] 106000000 msgs, avg_lat=148.08ms, throughput=192388/s
[LIBRDKAFKA] 106050000 msgs, avg_lat=148.08ms, throughput=212115/s
[LIBRDKAFKA] 106100000 msgs, avg_lat=148.08ms, throughput=196438/s
[LIBRDKAFKA] 106150000 msgs, avg_lat=148.08ms, throughput=192130/s
[LIBRDKAFKA] 106200000 msgs, avg_lat=148.08ms, throughput=182906/s
[LIBRDKAFKA] 106250000 msgs, avg_lat=148.08ms, throughput=182943/s
[INTERVAL 49] msgs=2002000, throughput=199728/s, p99=278.00ms, cpu=32.0%, mem=97.8MB
[LIBRDKAFKA] 106300000 msgs, avg_lat=148.08ms, throughput=188870/s
[LIBRDKAFKA] 106350000 msgs, avg_lat=148.08ms, throughput=217421/s
[LIBRDKAFKA] 106400000 msgs, avg_lat=148.08ms, throughput=200077/s
[LIBRDKAFKA] 106450000 msgs, avg_lat=148.08ms, throughput=203982/s
[LIBRDKAFKA] 106500000 msgs, avg_lat=148.08ms, throughput=205738/s
[LIBRDKAFKA] 106550000 msgs, avg_lat=148.08ms, throughput=192525/s
[LIBRDKAFKA] 106600000 msgs, avg_lat=148.08ms, throughput=215150/s
[LIBRDKAFKA] 106650000 msgs, avg_lat=148.07ms, throughput=208411/s
[LIBRDKAFKA] 106700000 msgs, avg_lat=148.07ms, throughput=192357/s
[LIBRDKAFKA] 106750000 msgs, avg_lat=148.07ms, throughput=202203/s
[LIBRDKAFKA] 106800000 msgs, avg_lat=148.07ms, throughput=204263/s
[LIBRDKAFKA] 106850000 msgs, avg_lat=148.07ms, throughput=198014/s
[LIBRDKAFKA] 106900000 msgs, avg_lat=148.07ms, throughput=201131/s
[LIBRDKAFKA] 106950000 msgs, avg_lat=148.07ms, throughput=198499/s
[LIBRDKAFKA] 107000000 msgs, avg_lat=148.07ms, throughput=193788/s
[LIBRDKAFKA] 107050000 msgs, avg_lat=148.07ms, throughput=198551/s
[LIBRDKAFKA] 107100000 msgs, avg_lat=148.07ms, throughput=216186/s
[LIBRDKAFKA] 107150000 msgs, avg_lat=148.07ms, throughput=194741/s
[LIBRDKAFKA] 107200000 msgs, avg_lat=148.07ms, throughput=204215/s
[LIBRDKAFKA] 107250000 msgs, avg_lat=148.07ms, throughput=199253/s
[LIBRDKAFKA] 107300000 msgs, avg_lat=148.07ms, throughput=207534/s
[LIBRDKAFKA] 107350000 msgs, avg_lat=148.07ms, throughput=183017/s
[LIBRDKAFKA] 107400000 msgs, avg_lat=148.07ms, throughput=185913/s
[LIBRDKAFKA] 107450000 msgs, avg_lat=148.07ms, throughput=217598/s
[LIBRDKAFKA] 107500000 msgs, avg_lat=148.07ms, throughput=199669/s
[LIBRDKAFKA] 107550000 msgs, avg_lat=148.07ms, throughput=205916/s
[LIBRDKAFKA] 107600000 msgs, avg_lat=148.07ms, throughput=212895/s
[LIBRDKAFKA] 107650000 msgs, avg_lat=148.07ms, throughput=188986/s
[LIBRDKAFKA] 107700000 msgs, avg_lat=148.07ms, throughput=218091/s
[LIBRDKAFKA] 107750000 msgs, avg_lat=148.07ms, throughput=201395/s
[LIBRDKAFKA] 107800000 msgs, avg_lat=148.07ms, throughput=160958/s
[LIBRDKAFKA] 107850000 msgs, avg_lat=148.07ms, throughput=217550/s
[LIBRDKAFKA] 107900000 msgs, avg_lat=148.07ms, throughput=212954/s
[LIBRDKAFKA] 107950000 msgs, avg_lat=148.07ms, throughput=177844/s
[LIBRDKAFKA] 108000000 msgs, avg_lat=148.07ms, throughput=199159/s
[LIBRDKAFKA] 108050000 msgs, avg_lat=148.07ms, throughput=199021/s
[LIBRDKAFKA] 108100000 msgs, avg_lat=148.07ms, throughput=220029/s
[LIBRDKAFKA] 108150000 msgs, avg_lat=148.07ms, throughput=190110/s
[LIBRDKAFKA] 108200000 msgs, avg_lat=148.07ms, throughput=207553/s
[LIBRDKAFKA] 108250000 msgs, avg_lat=148.07ms, throughput=206354/s
[LIBRDKAFKA] 108300000 msgs, avg_lat=148.07ms, throughput=206117/s
[INTERVAL 50] msgs=2012000, throughput=201186/s, p99=281.00ms, cpu=32.2%, mem=97.8MB
[LIBRDKAFKA] 108350000 msgs, avg_lat=148.07ms, throughput=186858/s
[LIBRDKAFKA] 108400000 msgs, avg_lat=148.07ms, throughput=208327/s
[LIBRDKAFKA] 108450000 msgs, avg_lat=148.07ms, throughput=193817/s
[LIBRDKAFKA] 108500000 msgs, avg_lat=148.07ms, throughput=202245/s
[LIBRDKAFKA] 108550000 msgs, avg_lat=148.07ms, throughput=215686/s
[LIBRDKAFKA] 108600000 msgs, avg_lat=148.07ms, throughput=195011/s
[LIBRDKAFKA] 108650000 msgs, avg_lat=148.07ms, throughput=198633/s
[LIBRDKAFKA] 108700000 msgs, avg_lat=148.07ms, throughput=211949/s
[LIBRDKAFKA] 108750000 msgs, avg_lat=148.07ms, throughput=184193/s
[LIBRDKAFKA] 108800000 msgs, avg_lat=148.07ms, throughput=203350/s
[LIBRDKAFKA] 108850000 msgs, avg_lat=148.07ms, throughput=214763/s
[LIBRDKAFKA] 108900000 msgs, avg_lat=148.07ms, throughput=200436/s
[LIBRDKAFKA] 108950000 msgs, avg_lat=148.07ms, throughput=192291/s
[LIBRDKAFKA] 109000000 msgs, avg_lat=148.07ms, throughput=188758/s
[LIBRDKAFKA] 109050000 msgs, avg_lat=148.06ms, throughput=199857/s
[LIBRDKAFKA] 109100000 msgs, avg_lat=148.06ms, throughput=213526/s
[LIBRDKAFKA] 109150000 msgs, avg_lat=148.06ms, throughput=211422/s
[LIBRDKAFKA] 109200000 msgs, avg_lat=148.06ms, throughput=187504/s
[LIBRDKAFKA] 109250000 msgs, avg_lat=148.06ms, throughput=210930/s
[LIBRDKAFKA] 109300000 msgs, avg_lat=148.07ms, throughput=216909/s
[LIBRDKAFKA] 109350000 msgs, avg_lat=148.06ms, throughput=180795/s
[LIBRDKAFKA] 109400000 msgs, avg_lat=148.06ms, throughput=211844/s
[LIBRDKAFKA] 109450000 msgs, avg_lat=148.06ms, throughput=186108/s
[LIBRDKAFKA] 109500000 msgs, avg_lat=148.06ms, throughput=208135/s
[LIBRDKAFKA] 109550000 msgs, avg_lat=148.06ms, throughput=191853/s
[LIBRDKAFKA] 109600000 msgs, avg_lat=148.06ms, throughput=200538/s
[LIBRDKAFKA] 109650000 msgs, avg_lat=148.06ms, throughput=207209/s
[LIBRDKAFKA] 109700000 msgs, avg_lat=148.06ms, throughput=208991/s
[LIBRDKAFKA] 109750000 msgs, avg_lat=148.06ms, throughput=194925/s
[LIBRDKAFKA] 109800000 msgs, avg_lat=148.06ms, throughput=203105/s
[LIBRDKAFKA] 109850000 msgs, avg_lat=148.06ms, throughput=187757/s
[LIBRDKAFKA] 109900000 msgs, avg_lat=148.05ms, throughput=168145/s
[LIBRDKAFKA] 109950000 msgs, avg_lat=148.05ms, throughput=248806/s
[LIBRDKAFKA] 110000000 msgs, avg_lat=148.05ms, throughput=177611/s
[LIBRDKAFKA] 110050000 msgs, avg_lat=148.05ms, throughput=219415/s
[LIBRDKAFKA] 110100000 msgs, avg_lat=148.05ms, throughput=200898/s
[LIBRDKAFKA] 110150000 msgs, avg_lat=148.05ms, throughput=195487/s
[LIBRDKAFKA] 110200000 msgs, avg_lat=148.05ms, throughput=208686/s
[LIBRDKAFKA] 110250000 msgs, avg_lat=148.05ms, throughput=204542/s
[LIBRDKAFKA] 110300000 msgs, avg_lat=148.05ms, throughput=202751/s
[INTERVAL 51] msgs=2004000, throughput=199475/s, p99=281.00ms, cpu=32.2%, mem=97.8MB
[LIBRDKAFKA] 110350000 msgs, avg_lat=148.05ms, throughput=202085/s
[LIBRDKAFKA] 110400000 msgs, avg_lat=148.05ms, throughput=203408/s
[LIBRDKAFKA] 110450000 msgs, avg_lat=148.05ms, throughput=203882/s
[LIBRDKAFKA] 110500000 msgs, avg_lat=148.05ms, throughput=191330/s
[LIBRDKAFKA] 110550000 msgs, avg_lat=148.05ms, throughput=193260/s
[LIBRDKAFKA] 110600000 msgs, avg_lat=148.05ms, throughput=189085/s
[LIBRDKAFKA] 110650000 msgs, avg_lat=148.05ms, throughput=240743/s
[LIBRDKAFKA] 110700000 msgs, avg_lat=148.05ms, throughput=179819/s
[LIBRDKAFKA] 110750000 msgs, avg_lat=148.05ms, throughput=204441/s
[LIBRDKAFKA] 110800000 msgs, avg_lat=148.05ms, throughput=210564/s
[LIBRDKAFKA] 110850000 msgs, avg_lat=148.05ms, throughput=193276/s
[LIBRDKAFKA] 110900000 msgs, avg_lat=148.05ms, throughput=203379/s
[LIBRDKAFKA] 110950000 msgs, avg_lat=148.05ms, throughput=196125/s
[LIBRDKAFKA] 111000000 msgs, avg_lat=148.05ms, throughput=193374/s
[LIBRDKAFKA] 111050000 msgs, avg_lat=148.05ms, throughput=213692/s
[LIBRDKAFKA] 111100000 msgs, avg_lat=148.05ms, throughput=184257/s
[LIBRDKAFKA] 111150000 msgs, avg_lat=148.06ms, throughput=205257/s
[LIBRDKAFKA] 111200000 msgs, avg_lat=148.05ms, throughput=202134/s
[LIBRDKAFKA] 111250000 msgs, avg_lat=148.05ms, throughput=187001/s
[LIBRDKAFKA] 111300000 msgs, avg_lat=148.05ms, throughput=211410/s
[LIBRDKAFKA] 111350000 msgs, avg_lat=148.06ms, throughput=221247/s
[LIBRDKAFKA] 111400000 msgs, avg_lat=148.06ms, throughput=187331/s
[LIBRDKAFKA] 111450000 msgs, avg_lat=148.06ms, throughput=198968/s
[LIBRDKAFKA] 111500000 msgs, avg_lat=148.06ms, throughput=199361/s
[LIBRDKAFKA] 111550000 msgs, avg_lat=148.05ms, throughput=188061/s
[LIBRDKAFKA] 111600000 msgs, avg_lat=148.05ms, throughput=187446/s
[LIBRDKAFKA] 111650000 msgs, avg_lat=148.05ms, throughput=196206/s
[LIBRDKAFKA] 111700000 msgs, avg_lat=148.06ms, throughput=224337/s
[LIBRDKAFKA] 111750000 msgs, avg_lat=148.05ms, throughput=216944/s
[LIBRDKAFKA] 111800000 msgs, avg_lat=148.05ms, throughput=190912/s
[LIBRDKAFKA] 111850000 msgs, avg_lat=148.05ms, throughput=226654/s
[LIBRDKAFKA] 111900000 msgs, avg_lat=148.05ms, throughput=178644/s
[LIBRDKAFKA] 111950000 msgs, avg_lat=148.05ms, throughput=169980/s
[LIBRDKAFKA] 112000000 msgs, avg_lat=148.06ms, throughput=222919/s
[LIBRDKAFKA] 112050000 msgs, avg_lat=148.06ms, throughput=188408/s
[LIBRDKAFKA] 112100000 msgs, avg_lat=148.05ms, throughput=208253/s
[LIBRDKAFKA] 112150000 msgs, avg_lat=148.05ms, throughput=214720/s
[LIBRDKAFKA] 112200000 msgs, avg_lat=148.05ms, throughput=208380/s
[LIBRDKAFKA] 112250000 msgs, avg_lat=148.05ms, throughput=204512/s
[LIBRDKAFKA] 112300000 msgs, avg_lat=148.05ms, throughput=195477/s
[INTERVAL 52] msgs=2010000, throughput=199826/s, p99=278.00ms, cpu=32.0%, mem=97.8MB
[LIBRDKAFKA] 112350000 msgs, avg_lat=148.05ms, throughput=204489/s
[LIBRDKAFKA] 112400000 msgs, avg_lat=148.05ms, throughput=212484/s
[LIBRDKAFKA] 112450000 msgs, avg_lat=148.05ms, throughput=216449/s
[LIBRDKAFKA] 112500000 msgs, avg_lat=148.05ms, throughput=207842/s
[LIBRDKAFKA] 112550000 msgs, avg_lat=148.05ms, throughput=198041/s
[LIBRDKAFKA] 112600000 msgs, avg_lat=148.05ms, throughput=173209/s
[LIBRDKAFKA] 112650000 msgs, avg_lat=148.05ms, throughput=201917/s
[LIBRDKAFKA] 112700000 msgs, avg_lat=148.05ms, throughput=219947/s
[LIBRDKAFKA] 112750000 msgs, avg_lat=148.05ms, throughput=167936/s
[LIBRDKAFKA] 112800000 msgs, avg_lat=148.05ms, throughput=201751/s
[LIBRDKAFKA] 112850000 msgs, avg_lat=148.05ms, throughput=205678/s
[LIBRDKAFKA] 112900000 msgs, avg_lat=148.05ms, throughput=179797/s
[LIBRDKAFKA] 112950000 msgs, avg_lat=148.05ms, throughput=209972/s
[LIBRDKAFKA] 113000000 msgs, avg_lat=148.06ms, throughput=204574/s
[LIBRDKAFKA] 113050000 msgs, avg_lat=148.05ms, throughput=186831/s
[LIBRDKAFKA] 113100000 msgs, avg_lat=148.06ms, throughput=211535/s
[LIBRDKAFKA] 113150000 msgs, avg_lat=148.06ms, throughput=199602/s
[LIBRDKAFKA] 113200000 msgs, avg_lat=148.06ms, throughput=197660/s
[LIBRDKAFKA] 113250000 msgs, avg_lat=148.06ms, throughput=196461/s
[LIBRDKAFKA] 113300000 msgs, avg_lat=148.06ms, throughput=194458/s
[LIBRDKAFKA] 113350000 msgs, avg_lat=148.06ms, throughput=209866/s
[LIBRDKAFKA] 113400000 msgs, avg_lat=148.06ms, throughput=210301/s
[LIBRDKAFKA] 113450000 msgs, avg_lat=148.06ms, throughput=190828/s
[LIBRDKAFKA] 113500000 msgs, avg_lat=148.06ms, throughput=207237/s
[LIBRDKAFKA] 113550000 msgs, avg_lat=148.06ms, throughput=202884/s
[LIBRDKAFKA] 113600000 msgs, avg_lat=148.06ms, throughput=193509/s
[LIBRDKAFKA] 113650000 msgs, avg_lat=148.06ms, throughput=204649/s
[LIBRDKAFKA] 113700000 msgs, avg_lat=148.06ms, throughput=197631/s
[LIBRDKAFKA] 113750000 msgs, avg_lat=148.06ms, throughput=200152/s
[LIBRDKAFKA] 113800000 msgs, avg_lat=148.06ms, throughput=204932/s
[LIBRDKAFKA] 113850000 msgs, avg_lat=148.05ms, throughput=199752/s
[LIBRDKAFKA] 113900000 msgs, avg_lat=148.06ms, throughput=200504/s
[LIBRDKAFKA] 113950000 msgs, avg_lat=148.06ms, throughput=203659/s
[LIBRDKAFKA] 114000000 msgs, avg_lat=148.06ms, throughput=201663/s
[LIBRDKAFKA] 114050000 msgs, avg_lat=148.06ms, throughput=199961/s
[LIBRDKAFKA] 114100000 msgs, avg_lat=148.06ms, throughput=218812/s
[LIBRDKAFKA] 114150000 msgs, avg_lat=148.06ms, throughput=196693/s
[LIBRDKAFKA] 114200000 msgs, avg_lat=148.06ms, throughput=205511/s
[LIBRDKAFKA] 114250000 msgs, avg_lat=148.06ms, throughput=193974/s
[LIBRDKAFKA] 114300000 msgs, avg_lat=148.06ms, throughput=188043/s
[INTERVAL 53] msgs=2010000, throughput=200321/s, p99=283.00ms, cpu=32.0%, mem=97.8MB
[LIBRDKAFKA] 114350000 msgs, avg_lat=148.06ms, throughput=215275/s
[LIBRDKAFKA] 114400000 msgs, avg_lat=148.06ms, throughput=181094/s
[LIBRDKAFKA] 114450000 msgs, avg_lat=148.06ms, throughput=188929/s
[LIBRDKAFKA] 114500000 msgs, avg_lat=148.06ms, throughput=194513/s
[LIBRDKAFKA] 114550000 msgs, avg_lat=148.06ms, throughput=200750/s
[LIBRDKAFKA] 114600000 msgs, avg_lat=148.06ms, throughput=203822/s
[LIBRDKAFKA] 114650000 msgs, avg_lat=148.06ms, throughput=194659/s
[LIBRDKAFKA] 114700000 msgs, avg_lat=148.06ms, throughput=205817/s
[LIBRDKAFKA] 114750000 msgs, avg_lat=148.06ms, throughput=202563/s
[LIBRDKAFKA] 114800000 msgs, avg_lat=148.06ms, throughput=189708/s
[LIBRDKAFKA] 114850000 msgs, avg_lat=148.06ms, throughput=229125/s
[LIBRDKAFKA] 114900000 msgs, avg_lat=148.06ms, throughput=200963/s
[LIBRDKAFKA] 114950000 msgs, avg_lat=148.06ms, throughput=191429/s
[LIBRDKAFKA] 115000000 msgs, avg_lat=148.06ms, throughput=214955/s
[LIBRDKAFKA] 115050000 msgs, avg_lat=148.06ms, throughput=186024/s
[LIBRDKAFKA] 115100000 msgs, avg_lat=148.06ms, throughput=204879/s
[LIBRDKAFKA] 115150000 msgs, avg_lat=148.06ms, throughput=216412/s
[LIBRDKAFKA] 115200000 msgs, avg_lat=148.06ms, throughput=207009/s
[LIBRDKAFKA] 115250000 msgs, avg_lat=148.05ms, throughput=179088/s
[LIBRDKAFKA] 115300000 msgs, avg_lat=148.06ms, throughput=209513/s
[LIBRDKAFKA] 115350000 msgs, avg_lat=148.06ms, throughput=197127/s
[LIBRDKAFKA] 115400000 msgs, avg_lat=148.06ms, throughput=224701/s
[LIBRDKAFKA] 115450000 msgs, avg_lat=148.06ms, throughput=210356/s
[LIBRDKAFKA] 115500000 msgs, avg_lat=148.06ms, throughput=186175/s
[LIBRDKAFKA] 115550000 msgs, avg_lat=148.06ms, throughput=204730/s
[LIBRDKAFKA] 115600000 msgs, avg_lat=148.06ms, throughput=200880/s
[LIBRDKAFKA] 115650000 msgs, avg_lat=148.06ms, throughput=177488/s
[LIBRDKAFKA] 115700000 msgs, avg_lat=148.06ms, throughput=177097/s
[LIBRDKAFKA] 115750000 msgs, avg_lat=148.06ms, throughput=229962/s
[LIBRDKAFKA] 115800000 msgs, avg_lat=148.06ms, throughput=191690/s
[LIBRDKAFKA] 115850000 msgs, avg_lat=148.06ms, throughput=208327/s
[LIBRDKAFKA] 115900000 msgs, avg_lat=148.06ms, throughput=182177/s
[LIBRDKAFKA] 115950000 msgs, avg_lat=148.06ms, throughput=208234/s
[LIBRDKAFKA] 116000000 msgs, avg_lat=148.06ms, throughput=205699/s
[LIBRDKAFKA] 116050000 msgs, avg_lat=148.06ms, throughput=210349/s
[LIBRDKAFKA] 116100000 msgs, avg_lat=148.06ms, throughput=205765/s
[LIBRDKAFKA] 116150000 msgs, avg_lat=148.06ms, throughput=204138/s
[LIBRDKAFKA] 116200000 msgs, avg_lat=148.06ms, throughput=203866/s
[LIBRDKAFKA] 116250000 msgs, avg_lat=148.06ms, throughput=185853/s
[LIBRDKAFKA] 116300000 msgs, avg_lat=148.06ms, throughput=219989/s
[INTERVAL 54] msgs=2006000, throughput=200444/s, p99=281.00ms, cpu=32.2%, mem=97.8MB
[LIBRDKAFKA] 116350000 msgs, avg_lat=148.06ms, throughput=183248/s
[LIBRDKAFKA] 116400000 msgs, avg_lat=148.06ms, throughput=193348/s
[LIBRDKAFKA] 116450000 msgs, avg_lat=148.07ms, throughput=178275/s
[LIBRDKAFKA] 116500000 msgs, avg_lat=148.07ms, throughput=218868/s
[LIBRDKAFKA] 116550000 msgs, avg_lat=148.07ms, throughput=181851/s
[LIBRDKAFKA] 116600000 msgs, avg_lat=148.07ms, throughput=210451/s
[LIBRDKAFKA] 116650000 msgs, avg_lat=148.07ms, throughput=237054/s
[LIBRDKAFKA] 116700000 msgs, avg_lat=148.07ms, throughput=202863/s
[LIBRDKAFKA] 116750000 msgs, avg_lat=148.07ms, throughput=181181/s
[LIBRDKAFKA] 116800000 msgs, avg_lat=148.07ms, throughput=213909/s
[LIBRDKAFKA] 116850000 msgs, avg_lat=148.07ms, throughput=192656/s
[LIBRDKAFKA] 116900000 msgs, avg_lat=148.07ms, throughput=206912/s
[LIBRDKAFKA] 116950000 msgs, avg_lat=148.07ms, throughput=220718/s
[LIBRDKAFKA] 117000000 msgs, avg_lat=148.07ms, throughput=185896/s
[LIBRDKAFKA] 117050000 msgs, avg_lat=148.07ms, throughput=188877/s
[LIBRDKAFKA] 117100000 msgs, avg_lat=148.07ms, throughput=191866/s
[LIBRDKAFKA] 117150000 msgs, avg_lat=148.07ms, throughput=200597/s
[LIBRDKAFKA] 117200000 msgs, avg_lat=148.07ms, throughput=203720/s
[LIBRDKAFKA] 117250000 msgs, avg_lat=148.07ms, throughput=199811/s
[LIBRDKAFKA] 117300000 msgs, avg_lat=148.07ms, throughput=202094/s
[LIBRDKAFKA] 117350000 msgs, avg_lat=148.07ms, throughput=198434/s
[LIBRDKAFKA] 117400000 msgs, avg_lat=148.07ms, throughput=197515/s
[LIBRDKAFKA] 117450000 msgs, avg_lat=148.07ms, throughput=199313/s
[LIBRDKAFKA] 117500000 msgs, avg_lat=148.07ms, throughput=223771/s
[LIBRDKAFKA] 117550000 msgs, avg_lat=148.07ms, throughput=202722/s
[LIBRDKAFKA] 117600000 msgs, avg_lat=148.06ms, throughput=197039/s
[LIBRDKAFKA] 117650000 msgs, avg_lat=148.06ms, throughput=204928/s
[LIBRDKAFKA] 117700000 msgs, avg_lat=148.07ms, throughput=180461/s
[LIBRDKAFKA] 117750000 msgs, avg_lat=148.06ms, throughput=197664/s
[LIBRDKAFKA] 117800000 msgs, avg_lat=148.06ms, throughput=211538/s
[LIBRDKAFKA] 117850000 msgs, avg_lat=148.06ms, throughput=199014/s
[LIBRDKAFKA] 117900000 msgs, avg_lat=148.06ms, throughput=219363/s
[LIBRDKAFKA] 117950000 msgs, avg_lat=148.06ms, throughput=209599/s
[LIBRDKAFKA] 118000000 msgs, avg_lat=148.06ms, throughput=177323/s
[LIBRDKAFKA] 118050000 msgs, avg_lat=148.06ms, throughput=204768/s
[LIBRDKAFKA] 118100000 msgs, avg_lat=148.06ms, throughput=195899/s
[LIBRDKAFKA] 118150000 msgs, avg_lat=148.06ms, throughput=198172/s
[LIBRDKAFKA] 118200000 msgs, avg_lat=148.06ms, throughput=202261/s
[LIBRDKAFKA] 118250000 msgs, avg_lat=148.06ms, throughput=219588/s
[LIBRDKAFKA] 118300000 msgs, avg_lat=148.06ms, throughput=203021/s
[INTERVAL 55] msgs=2006000, throughput=199982/s, p99=282.00ms, cpu=32.1%, mem=97.8MB
[LIBRDKAFKA] 118350000 msgs, avg_lat=148.06ms, throughput=198134/s
[LIBRDKAFKA] 118400000 msgs, avg_lat=148.06ms, throughput=185978/s
[LIBRDKAFKA] 118450000 msgs, avg_lat=148.06ms, throughput=207780/s
[LIBRDKAFKA] 118500000 msgs, avg_lat=148.06ms, throughput=190038/s
[LIBRDKAFKA] 118550000 msgs, avg_lat=148.06ms, throughput=216610/s
[LIBRDKAFKA] 118600000 msgs, avg_lat=148.06ms, throughput=199286/s
[LIBRDKAFKA] 118650000 msgs, avg_lat=148.06ms, throughput=190832/s
[LIBRDKAFKA] 118700000 msgs, avg_lat=148.06ms, throughput=198257/s
[LIBRDKAFKA] 118750000 msgs, avg_lat=148.06ms, throughput=187849/s
[LIBRDKAFKA] 118800000 msgs, avg_lat=148.06ms, throughput=210499/s
[LIBRDKAFKA] 118850000 msgs, avg_lat=148.06ms, throughput=221806/s
[LIBRDKAFKA] 118900000 msgs, avg_lat=148.06ms, throughput=219928/s
[LIBRDKAFKA] 118950000 msgs, avg_lat=148.06ms, throughput=187677/s
[LIBRDKAFKA] 119000000 msgs, avg_lat=148.06ms, throughput=194952/s
[LIBRDKAFKA] 119050000 msgs, avg_lat=148.07ms, throughput=222834/s
[LIBRDKAFKA] 119100000 msgs, avg_lat=148.06ms, throughput=152131/s
[LIBRDKAFKA] 119150000 msgs, avg_lat=148.06ms, throughput=221931/s
[LIBRDKAFKA] 119200000 msgs, avg_lat=148.06ms, throughput=165999/s
[LIBRDKAFKA] 119250000 msgs, avg_lat=148.07ms, throughput=204839/s
[LIBRDKAFKA] 119300000 msgs, avg_lat=148.07ms, throughput=264280/s
[LIBRDKAFKA] 119350000 msgs, avg_lat=148.07ms, throughput=187604/s
[LIBRDKAFKA] 119400000 msgs, avg_lat=148.07ms, throughput=197129/s
[LIBRDKAFKA] 119450000 msgs, avg_lat=148.07ms, throughput=205898/s
[LIBRDKAFKA] 119500000 msgs, avg_lat=148.07ms, throughput=183847/s
[LIBRDKAFKA] 119550000 msgs, avg_lat=148.07ms, throughput=202146/s
[LIBRDKAFKA] 119600000 msgs, avg_lat=148.07ms, throughput=211416/s
[LIBRDKAFKA] 119650000 msgs, avg_lat=148.07ms, throughput=201602/s
[LIBRDKAFKA] 119700000 msgs, avg_lat=148.07ms, throughput=217782/s
[LIBRDKAFKA] 119750000 msgs, avg_lat=148.07ms, throughput=190316/s
[LIBRDKAFKA] 119800000 msgs, avg_lat=148.07ms, throughput=198537/s
[LIBRDKAFKA] 119850000 msgs, avg_lat=148.07ms, throughput=216386/s
[LIBRDKAFKA] 119900000 msgs, avg_lat=148.07ms, throughput=189017/s
[LIBRDKAFKA] 119950000 msgs, avg_lat=148.06ms, throughput=194510/s
[LIBRDKAFKA] 120000000 msgs, avg_lat=148.07ms, throughput=204908/s
[LIBRDKAFKA] 120050000 msgs, avg_lat=148.06ms, throughput=202628/s
[LIBRDKAFKA] 120100000 msgs, avg_lat=148.06ms, throughput=199694/s
[LIBRDKAFKA] 120150000 msgs, avg_lat=148.07ms, throughput=228608/s
[LIBRDKAFKA] 120200000 msgs, avg_lat=148.07ms, throughput=176791/s
[LIBRDKAFKA] 120250000 msgs, avg_lat=148.07ms, throughput=192193/s
[LIBRDKAFKA] 120300000 msgs, avg_lat=148.07ms, throughput=174840/s
[INTERVAL 56] msgs=2004000, throughput=199038/s, p99=282.00ms, cpu=32.1%, mem=97.8MB
[LIBRDKAFKA] 120350000 msgs, avg_lat=148.07ms, throughput=204272/s
[LIBRDKAFKA] 120400000 msgs, avg_lat=148.07ms, throughput=218312/s
[LIBRDKAFKA] 120450000 msgs, avg_lat=148.07ms, throughput=189495/s
[LIBRDKAFKA] 120500000 msgs, avg_lat=148.07ms, throughput=213553/s
[LIBRDKAFKA] 120550000 msgs, avg_lat=148.07ms, throughput=209499/s
[LIBRDKAFKA] 120600000 msgs, avg_lat=148.07ms, throughput=191973/s
[LIBRDKAFKA] 120650000 msgs, avg_lat=148.07ms, throughput=209960/s
[LIBRDKAFKA] 120700000 msgs, avg_lat=148.07ms, throughput=197127/s
[LIBRDKAFKA] 120750000 msgs, avg_lat=148.07ms, throughput=195123/s
[LIBRDKAFKA] 120800000 msgs, avg_lat=148.07ms, throughput=208772/s
[LIBRDKAFKA] 120850000 msgs, avg_lat=148.07ms, throughput=189090/s
[LIBRDKAFKA] 120900000 msgs, avg_lat=148.07ms, throughput=217695/s
[LIBRDKAFKA] 120950000 msgs, avg_lat=148.07ms, throughput=211095/s
[LIBRDKAFKA] 121000000 msgs, avg_lat=148.07ms, throughput=179294/s
[LIBRDKAFKA] 121050000 msgs, avg_lat=148.07ms, throughput=202067/s
[LIBRDKAFKA] 121100000 msgs, avg_lat=148.07ms, throughput=209216/s
[LIBRDKAFKA] 121150000 msgs, avg_lat=148.07ms, throughput=180668/s
[LIBRDKAFKA] 121200000 msgs, avg_lat=148.07ms, throughput=206311/s
[LIBRDKAFKA] 121250000 msgs, avg_lat=148.07ms, throughput=216793/s
[LIBRDKAFKA] 121300000 msgs, avg_lat=148.07ms, throughput=187690/s
[LIBRDKAFKA] 121350000 msgs, avg_lat=148.07ms, throughput=224726/s
[LIBRDKAFKA] 121400000 msgs, avg_lat=148.07ms, throughput=176823/s
[LIBRDKAFKA] 121450000 msgs, avg_lat=148.07ms, throughput=193199/s
[LIBRDKAFKA] 121500000 msgs, avg_lat=148.07ms, throughput=184751/s
[LIBRDKAFKA] 121550000 msgs, avg_lat=148.07ms, throughput=201563/s
[LIBRDKAFKA] 121600000 msgs, avg_lat=148.07ms, throughput=223873/s
[LIBRDKAFKA] 121650000 msgs, avg_lat=148.07ms, throughput=189238/s
[LIBRDKAFKA] 121700000 msgs, avg_lat=148.06ms, throughput=202139/s
[LIBRDKAFKA] 121750000 msgs, avg_lat=148.07ms, throughput=222401/s
[LIBRDKAFKA] 121800000 msgs, avg_lat=148.07ms, throughput=191186/s
[LIBRDKAFKA] 121850000 msgs, avg_lat=148.07ms, throughput=201606/s
[LIBRDKAFKA] 121900000 msgs, avg_lat=148.07ms, throughput=198010/s
[LIBRDKAFKA] 121950000 msgs, avg_lat=148.07ms, throughput=206648/s
[LIBRDKAFKA] 122000000 msgs, avg_lat=148.07ms, throughput=210727/s
[LIBRDKAFKA] 122050000 msgs, avg_lat=148.07ms, throughput=189944/s
[LIBRDKAFKA] 122100000 msgs, avg_lat=148.07ms, throughput=224547/s
[LIBRDKAFKA] 122150000 msgs, avg_lat=148.07ms, throughput=202005/s
[LIBRDKAFKA] 122200000 msgs, avg_lat=148.07ms, throughput=207799/s
[LIBRDKAFKA] 122250000 msgs, avg_lat=148.07ms, throughput=196019/s
[LIBRDKAFKA] 122300000 msgs, avg_lat=148.07ms, throughput=205753/s
[LIBRDKAFKA] 122350000 msgs, avg_lat=148.07ms, throughput=195454/s
[INTERVAL 57] msgs=2010000, throughput=200937/s, p99=280.00ms, cpu=32.1%, mem=97.8MB
[LIBRDKAFKA] 122400000 msgs, avg_lat=148.07ms, throughput=189899/s
[LIBRDKAFKA] 122450000 msgs, avg_lat=148.07ms, throughput=190782/s
[LIBRDKAFKA] 122500000 msgs, avg_lat=148.07ms, throughput=204562/s
[LIBRDKAFKA] 122550000 msgs, avg_lat=148.07ms, throughput=199389/s
[LIBRDKAFKA] 122600000 msgs, avg_lat=148.07ms, throughput=207287/s
[LIBRDKAFKA] 122650000 msgs, avg_lat=148.07ms, throughput=221281/s
[LIBRDKAFKA] 122700000 msgs, avg_lat=148.07ms, throughput=176739/s
[LIBRDKAFKA] 122750000 msgs, avg_lat=148.08ms, throughput=217247/s
[LIBRDKAFKA] 122800000 msgs, avg_lat=148.07ms, throughput=181824/s
[LIBRDKAFKA] 122850000 msgs, avg_lat=148.07ms, throughput=193258/s
[LIBRDKAFKA] 122900000 msgs, avg_lat=148.08ms, throughput=192357/s
[LIBRDKAFKA] 122950000 msgs, avg_lat=148.07ms, throughput=198697/s
[LIBRDKAFKA] 123000000 msgs, avg_lat=148.07ms, throughput=211660/s
[LIBRDKAFKA] 123050000 msgs, avg_lat=148.08ms, throughput=215449/s
[LIBRDKAFKA] 123100000 msgs, avg_lat=148.07ms, throughput=193430/s
[LIBRDKAFKA] 123150000 msgs, avg_lat=148.07ms, throughput=224505/s
[LIBRDKAFKA] 123200000 msgs, avg_lat=148.07ms, throughput=196441/s
[LIBRDKAFKA] 123250000 msgs, avg_lat=148.07ms, throughput=187363/s
[LIBRDKAFKA] 123300000 msgs, avg_lat=148.08ms, throughput=199852/s
[LIBRDKAFKA] 123350000 msgs, avg_lat=148.07ms, throughput=162095/s
[LIBRDKAFKA] 123400000 msgs, avg_lat=148.08ms, throughput=205693/s
[LIBRDKAFKA] 123450000 msgs, avg_lat=148.08ms, throughput=208601/s
[LIBRDKAFKA] 123500000 msgs, avg_lat=148.08ms, throughput=218602/s
[LIBRDKAFKA] 123550000 msgs, avg_lat=148.08ms, throughput=203492/s
[LIBRDKAFKA] 123600000 msgs, avg_lat=148.08ms, throughput=193886/s
[LIBRDKAFKA] 123650000 msgs, avg_lat=148.08ms, throughput=215087/s
[LIBRDKAFKA] 123700000 msgs, avg_lat=148.08ms, throughput=202589/s
[LIBRDKAFKA] 123750000 msgs, avg_lat=148.08ms, throughput=194926/s
[LIBRDKAFKA] 123800000 msgs, avg_lat=148.08ms, throughput=200134/s
[LIBRDKAFKA] 123850000 msgs, avg_lat=148.08ms, throughput=210827/s
[LIBRDKAFKA] 123900000 msgs, avg_lat=148.07ms, throughput=194544/s
[LIBRDKAFKA] 123950000 msgs, avg_lat=148.08ms, throughput=210383/s
[LIBRDKAFKA] 124000000 msgs, avg_lat=148.08ms, throughput=185400/s
[LIBRDKAFKA] 124050000 msgs, avg_lat=148.08ms, throughput=202224/s
[LIBRDKAFKA] 124100000 msgs, avg_lat=148.08ms, throughput=202986/s
[LIBRDKAFKA] 124150000 msgs, avg_lat=148.08ms, throughput=189600/s
[LIBRDKAFKA] 124200000 msgs, avg_lat=148.08ms, throughput=222949/s
[LIBRDKAFKA] 124250000 msgs, avg_lat=148.08ms, throughput=195214/s
[LIBRDKAFKA] 124300000 msgs, avg_lat=148.08ms, throughput=190043/s
[LIBRDKAFKA] 124350000 msgs, avg_lat=148.08ms, throughput=206754/s
[INTERVAL 58] msgs=2002000, throughput=199889/s, p99=280.00ms, cpu=31.6%, mem=97.8MB
[LIBRDKAFKA] 124400000 msgs, avg_lat=148.08ms, throughput=230334/s
[LIBRDKAFKA] 124450000 msgs, avg_lat=148.08ms, throughput=193771/s
[LIBRDKAFKA] 124500000 msgs, avg_lat=148.08ms, throughput=199217/s
[LIBRDKAFKA] 124550000 msgs, avg_lat=148.08ms, throughput=189625/s
[LIBRDKAFKA] 124600000 msgs, avg_lat=148.08ms, throughput=191046/s
[LIBRDKAFKA] 124650000 msgs, avg_lat=148.08ms, throughput=220077/s
[LIBRDKAFKA] 124700000 msgs, avg_lat=148.08ms, throughput=179740/s
[LIBRDKAFKA] 124750000 msgs, avg_lat=148.08ms, throughput=180110/s
[LIBRDKAFKA] 124800000 msgs, avg_lat=148.08ms, throughput=177284/s
[LIBRDKAFKA] 124850000 msgs, avg_lat=148.12ms, throughput=227777/s
[LIBRDKAFKA] 124900000 msgs, avg_lat=148.12ms, throughput=198783/s
[LIBRDKAFKA] 124950000 msgs, avg_lat=148.12ms, throughput=233472/s
[LIBRDKAFKA] 125000000 msgs, avg_lat=148.12ms, throughput=203856/s
[LIBRDKAFKA] 125050000 msgs, avg_lat=148.12ms, throughput=195327/s
[LIBRDKAFKA] 125100000 msgs, avg_lat=148.12ms, throughput=172916/s
[LIBRDKAFKA] 125150000 msgs, avg_lat=148.12ms, throughput=237393/s
[LIBRDKAFKA] 125200000 msgs, avg_lat=148.12ms, throughput=206126/s
[LIBRDKAFKA] 125250000 msgs, avg_lat=148.12ms, throughput=169005/s
[LIBRDKAFKA] 125300000 msgs, avg_lat=148.12ms, throughput=235807/s
[LIBRDKAFKA] 125350000 msgs, avg_lat=148.12ms, throughput=187743/s
[LIBRDKAFKA] 125400000 msgs, avg_lat=148.12ms, throughput=190365/s
[LIBRDKAFKA] 125450000 msgs, avg_lat=148.12ms, throughput=229255/s
[LIBRDKAFKA] 125500000 msgs, avg_lat=148.12ms, throughput=196232/s
[LIBRDKAFKA] 125550000 msgs, avg_lat=148.11ms, throughput=190819/s
[LIBRDKAFKA] 125600000 msgs, avg_lat=148.11ms, throughput=200023/s
[LIBRDKAFKA] 125650000 msgs, avg_lat=148.11ms, throughput=196844/s
[LIBRDKAFKA] 125700000 msgs, avg_lat=148.11ms, throughput=199832/s
[LIBRDKAFKA] 125750000 msgs, avg_lat=148.11ms, throughput=201299/s
[LIBRDKAFKA] 125800000 msgs, avg_lat=148.11ms, throughput=209712/s
[LIBRDKAFKA] 125850000 msgs, avg_lat=148.11ms, throughput=201277/s
[LIBRDKAFKA] 125900000 msgs, avg_lat=148.11ms, throughput=197985/s
[LIBRDKAFKA] 125950000 msgs, avg_lat=148.11ms, throughput=211960/s
[LIBRDKAFKA] 126000000 msgs, avg_lat=148.11ms, throughput=210412/s
[LIBRDKAFKA] 126050000 msgs, avg_lat=148.11ms, throughput=205803/s
[LIBRDKAFKA] 126100000 msgs, avg_lat=148.10ms, throughput=214027/s
[LIBRDKAFKA] 126150000 msgs, avg_lat=148.11ms, throughput=193108/s
[LIBRDKAFKA] Reached total test duration of 630 seconds, stopping...
[LIBRDKAFKA] Finished: 126151590 messages consumed
[SNAPSHOT WRITER] Flushed final 59 snapshots

================================================================================
E2E Latency Results - librdkafka
================================================================================
Topic: cmp-librdkafka-bench
Duration: 658.04 seconds
Messages: 120041999

Latency (milliseconds):
  Min:    6.00 ms
  Max:    783.00 ms
  Mean:   148.11 ms
  StDev:  66.68 ms
  P50:    145.00 ms
  P90:    240.00 ms
  P95:    255.00 ms
  P99:    280.00 ms
  P99.9:  303.00 ms
================================================================================

Note: Time-series interval data written to metrics.jsonl
Results saved to: /home/ec2-user/bench/results_gh/20260615_054604_librdkafka/results.json
Config saved to: /home/ec2-user/bench/results_gh/20260615_054604_librdkafka/config.json
Summary saved to: /home/ec2-user/bench/results_gh/20260615_054604_librdkafka/summary.txt
