======================================================================
Consumer E2E Latency Benchmark — Rust Kafka Consumer
======================================================================
Bootstrap:   pkc-devcozvdmy.us-east-1.aws.devel.cpdev.cloud:9092
Topic:       cmp-bench-200p
Group:       dz-rustc-1781723103
Throughput:  50000 msg/s
Duration:    300 s (after warmup)
Msg size:    1024 bytes
Warmup:      600000 messages
Interval:    10 s
======================================================================
Offset reset: latest
Client config: loaded /home/ec2-user/cc.properties (SASL/SSL etc.)
Fetch config: fetch.min.bytes=1 fetch.max.wait.ms=default max.partition.fetch.bytes=1048576 fetch.max.bytes=default max.poll.records=500

>>> Subscribed; waiting for partition assignment (KIP-848 join)...
    assigned 200 partition(s) after 0.5s
>>> --no-produce: drive the producer externally now.

>>> Measuring (warmup 600000 msgs, then 300 s)...

>>> first records arrived 46.0s after producer start (after 92 polls)
    warmup complete (600000 msgs); measuring now
[interval 0] t=  10.0s msgs=1499890 thr=   149985 msg/s  avg=  5.10 p50=4 p99=24 p999=41 max=242 ms  cpu=  0.0% rss=  51.9MB
[interval 1] t=  20.0s msgs=1500419 thr=   150042 msg/s  avg=  4.92 p50=4 p99=21 p999=36 max=67 ms  cpu=  0.0% rss=  52.1MB
[interval 2] t=  30.0s msgs=1500299 thr=   150029 msg/s  avg=  4.83 p50=4 p99=20 p999=33 max=56 ms  cpu=  0.0% rss=  52.1MB
[interval 3] t=  40.0s msgs=1500289 thr=   150028 msg/s  avg=  4.87 p50=4 p99=20 p999=32 max=49 ms  cpu=  0.0% rss=  56.5MB
[interval 4] t=  50.0s msgs=1500508 thr=   150049 msg/s  avg=  4.75 p50=4 p99=19 p999=33 max=74 ms  cpu=  0.0% rss=  60.9MB
[interval 5] t=  60.0s msgs=1500336 thr=   150031 msg/s  avg=  4.96 p50=4 p99=20 p999=93 max=137 ms  cpu=  0.0% rss=  60.9MB
[2026-06-17T19:06:54.087Z WARN  confluent_kafka::network_client] [Consumer clientId=consumer-perf, groupId=dz-rustc-1781723103] Error connecting to node b34-pkc-devcozvdmy.us-east-1.aws.devel.cpdev.cloud:9092 (id: 34 rack: Some("use1-az5") isFenced: false): Connection refused (os error 111)
[2026-06-17T19:06:54.088Z WARN  confluent_kafka::network_client] [Consumer clientId=consumer-perf, groupId=dz-rustc-1781723103] Error connecting to node b0-pkc-devcozvdmy.us-east-1.aws.devel.cpdev.cloud:9092 (id: 0 rack: Some("use1-az5") isFenced: false): Connection refused (os error 111)
[2026-06-17T19:06:54.089Z WARN  confluent_kafka::network_client] [Consumer clientId=consumer-perf, groupId=dz-rustc-1781723103] Error connecting to node b30-pkc-devcozvdmy.us-east-1.aws.devel.cpdev.cloud:9092 (id: 30 rack: Some("use1-az5") isFenced: false): Connection refused (os error 111)
[2026-06-17T19:06:54.090Z WARN  confluent_kafka::network_client] [Consumer clientId=consumer-perf, groupId=dz-rustc-1781723103] Error connecting to node b11-pkc-devcozvdmy.us-east-1.aws.devel.cpdev.cloud:9092 (id: 11 rack: Some("use1-az5") isFenced: false): Connection refused (os error 111)
[2026-06-17T19:06:54.093Z WARN  confluent_kafka::network_client] [Consumer clientId=consumer-perf, groupId=dz-rustc-1781723103] Error connecting to node b4-pkc-devcozvdmy.us-east-1.aws.devel.cpdev.cloud:9092 (id: 4 rack: Some("use1-az5") isFenced: false): Connection refused (os error 111)
[2026-06-17T19:06:54.094Z WARN  confluent_kafka::network_client] [Consumer clientId=consumer-perf, groupId=dz-rustc-1781723103] Error connecting to node b5-pkc-devcozvdmy.us-east-1.aws.devel.cpdev.cloud:9092 (id: 5 rack: Some("use1-az5") isFenced: false): Connection refused (os error 111)
[2026-06-17T19:06:54.095Z WARN  confluent_kafka::network_client] [Consumer clientId=consumer-perf, groupId=dz-rustc-1781723103] Error connecting to node b28-pkc-devcozvdmy.us-east-1.aws.devel.cpdev.cloud:9092 (id: 28 rack: Some("use1-az5") isFenced: false): Connection refused (os error 111)
[2026-06-17T19:06:54.096Z WARN  confluent_kafka::network_client] [Consumer clientId=consumer-perf, groupId=dz-rustc-1781723103] Error connecting to node b25-pkc-devcozvdmy.us-east-1.aws.devel.cpdev.cloud:9092 (id: 25 rack: Some("use1-az5") isFenced: false): Connection refused (os error 111)
[2026-06-17T19:06:54.097Z WARN  confluent_kafka::network_client] [Consumer clientId=consumer-perf, groupId=dz-rustc-1781723103] Error connecting to node b31-pkc-devcozvdmy.us-east-1.aws.devel.cpdev.cloud:9092 (id: 31 rack: Some("use1-az5") isFenced: false): Connection refused (os error 111)
[2026-06-17T19:06:54.098Z WARN  confluent_kafka::network_client] [Consumer clientId=consumer-perf, groupId=dz-rustc-1781723103] Error connecting to node b1-pkc-devcozvdmy.us-east-1.aws.devel.cpdev.cloud:9092 (id: 1 rack: Some("use1-az5") isFenced: false): Connection refused (os error 111)
[2026-06-17T19:06:54.099Z WARN  confluent_kafka::network_client] [Consumer clientId=consumer-perf, groupId=dz-rustc-1781723103] Error connecting to node b22-pkc-devcozvdmy.us-east-1.aws.devel.cpdev.cloud:9092 (id: 22 rack: Some("use1-az5") isFenced: false): Connection refused (os error 111)
[2026-06-17T19:06:54.100Z WARN  confluent_kafka::network_client] [Consumer clientId=consumer-perf, groupId=dz-rustc-1781723103] Error connecting to node b18-pkc-devcozvdmy.us-east-1.aws.devel.cpdev.cloud:9092 (id: 18 rack: Some("use1-az5") isFenced: false): Connection refused (os error 111)
[2026-06-17T19:06:54.102Z WARN  confluent_kafka::network_client] [Consumer clientId=consumer-perf, groupId=dz-rustc-1781723103] Error connecting to node b7-pkc-devcozvdmy.us-east-1.aws.devel.cpdev.cloud:9092 (id: 7 rack: Some("use1-az5") isFenced: false): Connection refused (os error 111)
[2026-06-17T19:06:54.103Z WARN  confluent_kafka::network_client] [Consumer clientId=consumer-perf, groupId=dz-rustc-1781723103] Error connecting to node b10-pkc-devcozvdmy.us-east-1.aws.devel.cpdev.cloud:9092 (id: 10 rack: Some("use1-az5") isFenced: false): Connection refused (os error 111)
[2026-06-17T19:06:54.104Z WARN  confluent_kafka::network_client] [Consumer clientId=consumer-perf, groupId=dz-rustc-1781723103] Error connecting to node b9-pkc-devcozvdmy.us-east-1.aws.devel.cpdev.cloud:9092 (id: 9 rack: Some("use1-az5") isFenced: false): Connection refused (os error 111)
[2026-06-17T19:06:54.105Z WARN  confluent_kafka::network_client] [Consumer clientId=consumer-perf, groupId=dz-rustc-1781723103] Error connecting to node b33-pkc-devcozvdmy.us-east-1.aws.devel.cpdev.cloud:9092 (id: 33 rack: Some("use1-az5") isFenced: false): Connection refused (os error 111)
[2026-06-17T19:06:54.106Z WARN  confluent_kafka::network_client] [Consumer clientId=consumer-perf, groupId=dz-rustc-1781723103] Error connecting to node b35-pkc-devcozvdmy.us-east-1.aws.devel.cpdev.cloud:9092 (id: 35 rack: Some("use1-az5") isFenced: false): Connection refused (os error 111)
[2026-06-17T19:06:54.107Z WARN  confluent_kafka::network_client] [Consumer clientId=consumer-perf, groupId=dz-rustc-1781723103] Error connecting to node b3-pkc-devcozvdmy.us-east-1.aws.devel.cpdev.cloud:9092 (id: 3 rack: Some("use1-az5") isFenced: false): Connection refused (os error 111)
[2026-06-17T19:06:54.108Z WARN  confluent_kafka::network_client] [Consumer clientId=consumer-perf, groupId=dz-rustc-1781723103] Error connecting to node b17-pkc-devcozvdmy.us-east-1.aws.devel.cpdev.cloud:9092 (id: 17 rack: Some("use1-az5") isFenced: false): Connection refused (os error 111)
[2026-06-17T19:06:54.108Z WARN  confluent_kafka::network_client] [Consumer clientId=consumer-perf, groupId=dz-rustc-1781723103] Error connecting to node b23-pkc-devcozvdmy.us-east-1.aws.devel.cpdev.cloud:9092 (id: 23 rack: Some("use1-az5") isFenced: false): Connection refused (os error 111)
[2026-06-17T19:06:54.109Z WARN  confluent_kafka::network_client] [Consumer clientId=consumer-perf, groupId=dz-rustc-1781723103] Error connecting to node b13-pkc-devcozvdmy.us-east-1.aws.devel.cpdev.cloud:9092 (id: 13 rack: Some("use1-az5") isFenced: false): Connection refused (os error 111)
[2026-06-17T19:06:54.110Z WARN  confluent_kafka::network_client] [Consumer clientId=consumer-perf, groupId=dz-rustc-1781723103] Error connecting to node b6-pkc-devcozvdmy.us-east-1.aws.devel.cpdev.cloud:9092 (id: 6 rack: Some("use1-az5") isFenced: false): Connection refused (os error 111)
[2026-06-17T19:06:54.111Z WARN  confluent_kafka::network_client] [Consumer clientId=consumer-perf, groupId=dz-rustc-1781723103] Error connecting to node b15-pkc-devcozvdmy.us-east-1.aws.devel.cpdev.cloud:9092 (id: 15 rack: Some("use1-az5") isFenced: false): Connection refused (os error 111)
[2026-06-17T19:06:54.112Z WARN  confluent_kafka::network_client] [Consumer clientId=consumer-perf, groupId=dz-rustc-1781723103] Error connecting to node b19-pkc-devcozvdmy.us-east-1.aws.devel.cpdev.cloud:9092 (id: 19 rack: Some("use1-az5") isFenced: false): Connection refused (os error 111)
[2026-06-17T19:06:54.113Z WARN  confluent_kafka::network_client] [Consumer clientId=consumer-perf, groupId=dz-rustc-1781723103] Error connecting to node b2-pkc-devcozvdmy.us-east-1.aws.devel.cpdev.cloud:9092 (id: 2 rack: Some("use1-az5") isFenced: false): Connection refused (os error 111)
[2026-06-17T19:06:54.114Z WARN  confluent_kafka::network_client] [Consumer clientId=consumer-perf, groupId=dz-rustc-1781723103] Error connecting to node b16-pkc-devcozvdmy.us-east-1.aws.devel.cpdev.cloud:9092 (id: 16 rack: Some("use1-az5") isFenced: false): Connection refused (os error 111)
[2026-06-17T19:06:54.115Z WARN  confluent_kafka::network_client] [Consumer clientId=consumer-perf, groupId=dz-rustc-1781723103] Error connecting to node b21-pkc-devcozvdmy.us-east-1.aws.devel.cpdev.cloud:9092 (id: 21 rack: Some("use1-az5") isFenced: false): Connection refused (os error 111)
[2026-06-17T19:06:54.116Z WARN  confluent_kafka::network_client] [Consumer clientId=consumer-perf, groupId=dz-rustc-1781723103] Error connecting to node b27-pkc-devcozvdmy.us-east-1.aws.devel.cpdev.cloud:9092 (id: 27 rack: Some("use1-az5") isFenced: false): Connection refused (os error 111)
[2026-06-17T19:06:54.119Z WARN  confluent_kafka::network_client] [Consumer clientId=consumer-perf, groupId=dz-rustc-1781723103] Error connecting to node b14-pkc-devcozvdmy.us-east-1.aws.devel.cpdev.cloud:9092 (id: 14 rack: Some("use1-az5") isFenced: false): Connection refused (os error 111)
[2026-06-17T19:06:54.180Z WARN  confluent_kafka::network_client] [Consumer clientId=consumer-perf, groupId=dz-rustc-1781723103] Error connecting to node b9-pkc-devcozvdmy.us-east-1.aws.devel.cpdev.cloud:9092 (id: 9 rack: Some("use1-az5") isFenced: false): Connection refused (os error 111)
[2026-06-17T19:06:54.181Z WARN  confluent_kafka::network_client] [Consumer clientId=consumer-perf, groupId=dz-rustc-1781723103] Error connecting to node b1-pkc-devcozvdmy.us-east-1.aws.devel.cpdev.cloud:9092 (id: 1 rack: Some("use1-az5") isFenced: false): Connection refused (os error 111)
[2026-06-17T19:06:54.182Z WARN  confluent_kafka::network_client] [Consumer clientId=consumer-perf, groupId=dz-rustc-1781723103] Error connecting to node b18-pkc-devcozvdmy.us-east-1.aws.devel.cpdev.cloud:9092 (id: 18 rack: Some("use1-az5") isFenced: false): Connection refused (os error 111)
[2026-06-17T19:06:54.183Z WARN  confluent_kafka::network_client] [Consumer clientId=consumer-perf, groupId=dz-rustc-1781723103] Error connecting to node b27-pkc-devcozvdmy.us-east-1.aws.devel.cpdev.cloud:9092 (id: 27 rack: Some("use1-az5") isFenced: false): Connection refused (os error 111)
[2026-06-17T19:06:54.184Z WARN  confluent_kafka::network_client] [Consumer clientId=consumer-perf, groupId=dz-rustc-1781723103] Error connecting to node b16-pkc-devcozvdmy.us-east-1.aws.devel.cpdev.cloud:9092 (id: 16 rack: Some("use1-az5") isFenced: false): Connection refused (os error 111)
[2026-06-17T19:06:54.185Z WARN  confluent_kafka::network_client] [Consumer clientId=consumer-perf, groupId=dz-rustc-1781723103] Error connecting to node b3-pkc-devcozvdmy.us-east-1.aws.devel.cpdev.cloud:9092 (id: 3 rack: Some("use1-az5") isFenced: false): Connection refused (os error 111)
[2026-06-17T19:06:54.186Z WARN  confluent_kafka::network_client] [Consumer clientId=consumer-perf, groupId=dz-rustc-1781723103] Error connecting to node b26-pkc-devcozvdmy.us-east-1.aws.devel.cpdev.cloud:9092 (id: 26 rack: Some("use1-az5") isFenced: false): Connection refused (os error 111)
[2026-06-17T19:06:54.187Z WARN  confluent_kafka::network_client] [Consumer clientId=consumer-perf, groupId=dz-rustc-1781723103] Error connecting to node b21-pkc-devcozvdmy.us-east-1.aws.devel.cpdev.cloud:9092 (id: 21 rack: Some("use1-az5") isFenced: false): Connection refused (os error 111)
[2026-06-17T19:06:54.188Z WARN  confluent_kafka::network_client] [Consumer clientId=consumer-perf, groupId=dz-rustc-1781723103] Error connecting to node b14-pkc-devcozvdmy.us-east-1.aws.devel.cpdev.cloud:9092 (id: 14 rack: Some("use1-az5") isFenced: false): Connection refused (os error 111)
[2026-06-17T19:06:54.189Z WARN  confluent_kafka::network_client] [Consumer clientId=consumer-perf, groupId=dz-rustc-1781723103] Error connecting to node b23-pkc-devcozvdmy.us-east-1.aws.devel.cpdev.cloud:9092 (id: 23 rack: Some("use1-az5") isFenced: false): Connection refused (os error 111)
[2026-06-17T19:06:54.190Z WARN  confluent_kafka::network_client] [Consumer clientId=consumer-perf, groupId=dz-rustc-1781723103] Error connecting to node b4-pkc-devcozvdmy.us-east-1.aws.devel.cpdev.cloud:9092 (id: 4 rack: Some("use1-az5") isFenced: false): Connection refused (os error 111)
[2026-06-17T19:06:54.191Z WARN  confluent_kafka::network_client] [Consumer clientId=consumer-perf, groupId=dz-rustc-1781723103] Error connecting to node b6-pkc-devcozvdmy.us-east-1.aws.devel.cpdev.cloud:9092 (id: 6 rack: Some("use1-az5") isFenced: false): Connection refused (os error 111)
[2026-06-17T19:06:54.191Z WARN  confluent_kafka::network_client] [Consumer clientId=consumer-perf, groupId=dz-rustc-1781723103] Error connecting to node b13-pkc-devcozvdmy.us-east-1.aws.devel.cpdev.cloud:9092 (id: 13 rack: Some("use1-az5") isFenced: false): Connection refused (os error 111)
[2026-06-17T19:06:54.375Z WARN  confluent_kafka::network_client] [Consumer clientId=consumer-perf, groupId=dz-rustc-1781723103] Error connecting to node b15-pkc-devcozvdmy.us-east-1.aws.devel.cpdev.cloud:9092 (id: 15 rack: Some("use1-az5") isFenced: false): Connection refused (os error 111)
[2026-06-17T19:06:54.377Z WARN  confluent_kafka::network_client] [Consumer clientId=consumer-perf, groupId=dz-rustc-1781723103] Error connecting to node b10-pkc-devcozvdmy.us-east-1.aws.devel.cpdev.cloud:9092 (id: 10 rack: Some("use1-az5") isFenced: false): Connection refused (os error 111)
[2026-06-17T19:06:54.377Z WARN  confluent_kafka::network_client] [Consumer clientId=consumer-perf, groupId=dz-rustc-1781723103] Error connecting to node b22-pkc-devcozvdmy.us-east-1.aws.devel.cpdev.cloud:9092 (id: 22 rack: Some("use1-az5") isFenced: false): Connection refused (os error 111)
[2026-06-17T19:06:54.378Z WARN  confluent_kafka::network_client] [Consumer clientId=consumer-perf, groupId=dz-rustc-1781723103] Error connecting to node b27-pkc-devcozvdmy.us-east-1.aws.devel.cpdev.cloud:9092 (id: 27 rack: Some("use1-az5") isFenced: false): Connection refused (os error 111)
[2026-06-17T19:06:54.379Z WARN  confluent_kafka::network_client] [Consumer clientId=consumer-perf, groupId=dz-rustc-1781723103] Error connecting to node b1-pkc-devcozvdmy.us-east-1.aws.devel.cpdev.cloud:9092 (id: 1 rack: Some("use1-az5") isFenced: false): Connection refused (os error 111)
[2026-06-17T19:06:54.380Z WARN  confluent_kafka::network_client] [Consumer clientId=consumer-perf, groupId=dz-rustc-1781723103] Error connecting to node b24-pkc-devcozvdmy.us-east-1.aws.devel.cpdev.cloud:9092 (id: 24 rack: Some("use1-az5") isFenced: false): Connection refused (os error 111)
[2026-06-17T19:06:54.381Z WARN  confluent_kafka::network_client] [Consumer clientId=consumer-perf, groupId=dz-rustc-1781723103] Error connecting to node b18-pkc-devcozvdmy.us-east-1.aws.devel.cpdev.cloud:9092 (id: 18 rack: Some("use1-az5") isFenced: false): Connection refused (os error 111)
[2026-06-17T19:06:54.382Z WARN  confluent_kafka::network_client] [Consumer clientId=consumer-perf, groupId=dz-rustc-1781723103] Error connecting to node b3-pkc-devcozvdmy.us-east-1.aws.devel.cpdev.cloud:9092 (id: 3 rack: Some("use1-az5") isFenced: false): Connection refused (os error 111)
[2026-06-17T19:06:54.383Z WARN  confluent_kafka::network_client] [Consumer clientId=consumer-perf, groupId=dz-rustc-1781723103] Error connecting to node b5-pkc-devcozvdmy.us-east-1.aws.devel.cpdev.cloud:9092 (id: 5 rack: Some("use1-az5") isFenced: false): Connection refused (os error 111)
[2026-06-17T19:06:54.384Z WARN  confluent_kafka::network_client] [Consumer clientId=consumer-perf, groupId=dz-rustc-1781723103] Error connecting to node b26-pkc-devcozvdmy.us-east-1.aws.devel.cpdev.cloud:9092 (id: 26 rack: Some("use1-az5") isFenced: false): Connection refused (os error 111)
[2026-06-17T19:06:54.385Z WARN  confluent_kafka::network_client] [Consumer clientId=consumer-perf, groupId=dz-rustc-1781723103] Error connecting to node b11-pkc-devcozvdmy.us-east-1.aws.devel.cpdev.cloud:9092 (id: 11 rack: Some("use1-az5") isFenced: false): Connection refused (os error 111)
[2026-06-17T19:06:54.385Z WARN  confluent_kafka::network_client] [Consumer clientId=consumer-perf, groupId=dz-rustc-1781723103] Error connecting to node b31-pkc-devcozvdmy.us-east-1.aws.devel.cpdev.cloud:9092 (id: 31 rack: Some("use1-az5") isFenced: false): Connection refused (os error 111)
[2026-06-17T19:06:54.387Z WARN  confluent_kafka::network_client] [Consumer clientId=consumer-perf, groupId=dz-rustc-1781723103] Error connecting to node b17-pkc-devcozvdmy.us-east-1.aws.devel.cpdev.cloud:9092 (id: 17 rack: Some("use1-az5") isFenced: false): Connection refused (os error 111)
[2026-06-17T19:06:54.388Z WARN  confluent_kafka::network_client] [Consumer clientId=consumer-perf, groupId=dz-rustc-1781723103] Error connecting to node b16-pkc-devcozvdmy.us-east-1.aws.devel.cpdev.cloud:9092 (id: 16 rack: Some("use1-az5") isFenced: false): Connection refused (os error 111)
[2026-06-17T19:06:54.389Z WARN  confluent_kafka::network_client] [Consumer clientId=consumer-perf, groupId=dz-rustc-1781723103] Error connecting to node b28-pkc-devcozvdmy.us-east-1.aws.devel.cpdev.cloud:9092 (id: 28 rack: Some("use1-az5") isFenced: false): Connection refused (os error 111)
[2026-06-17T19:06:54.390Z WARN  confluent_kafka::network_client] [Consumer clientId=consumer-perf, groupId=dz-rustc-1781723103] Error connecting to node b0-pkc-devcozvdmy.us-east-1.aws.devel.cpdev.cloud:9092 (id: 0 rack: Some("use1-az5") isFenced: false): Connection refused (os error 111)
[2026-06-17T19:06:54.390Z WARN  confluent_kafka::network_client] [Consumer clientId=consumer-perf, groupId=dz-rustc-1781723103] Error connecting to node b35-pkc-devcozvdmy.us-east-1.aws.devel.cpdev.cloud:9092 (id: 35 rack: Some("use1-az5") isFenced: false): Connection refused (os error 111)
[2026-06-17T19:06:54.391Z WARN  confluent_kafka::network_client] [Consumer clientId=consumer-perf, groupId=dz-rustc-1781723103] Error connecting to node b34-pkc-devcozvdmy.us-east-1.aws.devel.cpdev.cloud:9092 (id: 34 rack: Some("use1-az5") isFenced: false): Connection refused (os error 111)
[2026-06-17T19:06:54.392Z WARN  confluent_kafka::network_client] [Consumer clientId=consumer-perf, groupId=dz-rustc-1781723103] Error connecting to node b25-pkc-devcozvdmy.us-east-1.aws.devel.cpdev.cloud:9092 (id: 25 rack: Some("use1-az5") isFenced: false): Connection refused (os error 111)
[2026-06-17T19:06:54.393Z WARN  confluent_kafka::network_client] [Consumer clientId=consumer-perf, groupId=dz-rustc-1781723103] Error connecting to node b19-pkc-devcozvdmy.us-east-1.aws.devel.cpdev.cloud:9092 (id: 19 rack: Some("use1-az5") isFenced: false): Connection refused (os error 111)
[2026-06-17T19:06:54.394Z WARN  confluent_kafka::network_client] [Consumer clientId=consumer-perf, groupId=dz-rustc-1781723103] Error connecting to node b30-pkc-devcozvdmy.us-east-1.aws.devel.cpdev.cloud:9092 (id: 30 rack: Some("use1-az5") isFenced: false): Connection refused (os error 111)
[2026-06-17T19:06:54.395Z WARN  confluent_kafka::network_client] [Consumer clientId=consumer-perf, groupId=dz-rustc-1781723103] Error connecting to node b2-pkc-devcozvdmy.us-east-1.aws.devel.cpdev.cloud:9092 (id: 2 rack: Some("use1-az5") isFenced: false): Connection refused (os error 111)
[2026-06-17T19:06:54.396Z WARN  confluent_kafka::network_client] [Consumer clientId=consumer-perf, groupId=dz-rustc-1781723103] Error connecting to node b6-pkc-devcozvdmy.us-east-1.aws.devel.cpdev.cloud:9092 (id: 6 rack: Some("use1-az5") isFenced: false): Connection refused (os error 111)
[2026-06-17T19:06:54.397Z WARN  confluent_kafka::network_client] [Consumer clientId=consumer-perf, groupId=dz-rustc-1781723103] Error connecting to node b33-pkc-devcozvdmy.us-east-1.aws.devel.cpdev.cloud:9092 (id: 33 rack: Some("use1-az5") isFenced: false): Connection refused (os error 111)
[2026-06-17T19:06:54.398Z WARN  confluent_kafka::network_client] [Consumer clientId=consumer-perf, groupId=dz-rustc-1781723103] Error connecting to node b7-pkc-devcozvdmy.us-east-1.aws.devel.cpdev.cloud:9092 (id: 7 rack: Some("use1-az5") isFenced: false): Connection refused (os error 111)
[2026-06-17T19:06:54.399Z WARN  confluent_kafka::network_client] [Consumer clientId=consumer-perf, groupId=dz-rustc-1781723103] Error connecting to node b23-pkc-devcozvdmy.us-east-1.aws.devel.cpdev.cloud:9092 (id: 23 rack: Some("use1-az5") isFenced: false): Connection refused (os error 111)
[2026-06-17T19:06:54.400Z WARN  confluent_kafka::network_client] [Consumer clientId=consumer-perf, groupId=dz-rustc-1781723103] Error connecting to node b9-pkc-devcozvdmy.us-east-1.aws.devel.cpdev.cloud:9092 (id: 9 rack: Some("use1-az5") isFenced: false): Connection refused (os error 111)
[2026-06-17T19:06:54.401Z WARN  confluent_kafka::network_client] [Consumer clientId=consumer-perf, groupId=dz-rustc-1781723103] Error connecting to node b4-pkc-devcozvdmy.us-east-1.aws.devel.cpdev.cloud:9092 (id: 4 rack: Some("use1-az5") isFenced: false): Connection refused (os error 111)
[2026-06-17T19:06:54.402Z WARN  confluent_kafka::network_client] [Consumer clientId=consumer-perf, groupId=dz-rustc-1781723103] Error connecting to node b21-pkc-devcozvdmy.us-east-1.aws.devel.cpdev.cloud:9092 (id: 21 rack: Some("use1-az5") isFenced: false): Connection refused (os error 111)
[2026-06-17T19:06:54.410Z WARN  confluent_kafka::network_client] [Consumer clientId=consumer-perf, groupId=dz-rustc-1781723103] Error connecting to node b13-pkc-devcozvdmy.us-east-1.aws.devel.cpdev.cloud:9092 (id: 13 rack: Some("use1-az5") isFenced: false): Connection refused (os error 111)
[2026-06-17T19:06:54.410Z WARN  confluent_kafka::network_client] [Consumer clientId=consumer-perf, groupId=dz-rustc-1781723103] Error connecting to node b14-pkc-devcozvdmy.us-east-1.aws.devel.cpdev.cloud:9092 (id: 14 rack: Some("use1-az5") isFenced: false): Connection refused (os error 111)
[2026-06-17T19:06:54.444Z WARN  confluent_kafka::network_client] [Consumer clientId=consumer-perf, groupId=dz-rustc-1781723103] Error connecting to node b8-pkc-devcozvdmy.us-east-1.aws.devel.cpdev.cloud:9092 (id: 8 rack: Some("use1-az5") isFenced: false): Connection refused (os error 111)
[2026-06-17T19:06:54.446Z WARN  confluent_kafka::network_client] [Consumer clientId=consumer-perf, groupId=dz-rustc-1781723103] Error connecting to node b20-pkc-devcozvdmy.us-east-1.aws.devel.cpdev.cloud:9092 (id: 20 rack: Some("use1-az5") isFenced: false): Connection refused (os error 111)
[2026-06-17T19:06:54.447Z WARN  confluent_kafka::network_client] [Consumer clientId=consumer-perf, groupId=dz-rustc-1781723103] Error connecting to node b12-pkc-devcozvdmy.us-east-1.aws.devel.cpdev.cloud:9092 (id: 12 rack: Some("use1-az5") isFenced: false): Connection refused (os error 111)
[2026-06-17T19:06:54.454Z WARN  confluent_kafka::network_client] [Consumer clientId=consumer-perf, groupId=dz-rustc-1781723103] Error connecting to node b32-pkc-devcozvdmy.us-east-1.aws.devel.cpdev.cloud:9092 (id: 32 rack: Some("use1-az5") isFenced: false): Connection refused (os error 111)
[2026-06-17T19:06:54.458Z WARN  confluent_kafka::network_client] [Consumer clientId=consumer-perf, groupId=dz-rustc-1781723103] Error connecting to node b24-pkc-devcozvdmy.us-east-1.aws.devel.cpdev.cloud:9092 (id: 24 rack: Some("use1-az5") isFenced: false): Connection refused (os error 111)
[2026-06-17T19:06:54.459Z WARN  confluent_kafka::network_client] [Consumer clientId=consumer-perf, groupId=dz-rustc-1781723103] Error connecting to node b29-pkc-devcozvdmy.us-east-1.aws.devel.cpdev.cloud:9092 (id: 29 rack: Some("use1-az5") isFenced: false): Connection refused (os error 111)
[2026-06-17T19:06:54.535Z WARN  confluent_kafka::network_client] [Consumer clientId=consumer-perf, groupId=dz-rustc-1781723103] Error connecting to node b20-pkc-devcozvdmy.us-east-1.aws.devel.cpdev.cloud:9092 (id: 20 rack: Some("use1-az5") isFenced: false): Connection refused (os error 111)
[2026-06-17T19:06:54.541Z WARN  confluent_kafka::network_client] [Consumer clientId=consumer-perf, groupId=dz-rustc-1781723103] Error connecting to node b10-pkc-devcozvdmy.us-east-1.aws.devel.cpdev.cloud:9092 (id: 10 rack: Some("use1-az5") isFenced: false): Connection refused (os error 111)
[2026-06-17T19:06:54.544Z WARN  confluent_kafka::network_client] [Consumer clientId=consumer-perf, groupId=dz-rustc-1781723103] Error connecting to node b7-pkc-devcozvdmy.us-east-1.aws.devel.cpdev.cloud:9092 (id: 7 rack: Some("use1-az5") isFenced: false): Connection refused (os error 111)
[2026-06-17T19:06:54.545Z WARN  confluent_kafka::network_client] [Consumer clientId=consumer-perf, groupId=dz-rustc-1781723103] Error connecting to node b5-pkc-devcozvdmy.us-east-1.aws.devel.cpdev.cloud:9092 (id: 5 rack: Some("use1-az5") isFenced: false): Connection refused (os error 111)
[2026-06-17T19:06:54.548Z WARN  confluent_kafka::network_client] [Consumer clientId=consumer-perf, groupId=dz-rustc-1781723103] Error connecting to node b25-pkc-devcozvdmy.us-east-1.aws.devel.cpdev.cloud:9092 (id: 25 rack: Some("use1-az5") isFenced: false): Connection refused (os error 111)
[2026-06-17T19:06:54.549Z WARN  confluent_kafka::network_client] [Consumer clientId=consumer-perf, groupId=dz-rustc-1781723103] Error connecting to node b28-pkc-devcozvdmy.us-east-1.aws.devel.cpdev.cloud:9092 (id: 28 rack: Some("use1-az5") isFenced: false): Connection refused (os error 111)
[2026-06-17T19:06:54.553Z WARN  confluent_kafka::network_client] [Consumer clientId=consumer-perf, groupId=dz-rustc-1781723103] Error connecting to node b8-pkc-devcozvdmy.us-east-1.aws.devel.cpdev.cloud:9092 (id: 8 rack: Some("use1-az5") isFenced: false): Connection refused (os error 111)
[2026-06-17T19:06:54.554Z WARN  confluent_kafka::network_client] [Consumer clientId=consumer-perf, groupId=dz-rustc-1781723103] Error connecting to node b19-pkc-devcozvdmy.us-east-1.aws.devel.cpdev.cloud:9092 (id: 19 rack: Some("use1-az5") isFenced: false): Connection refused (os error 111)
[2026-06-17T19:06:54.555Z WARN  confluent_kafka::network_client] [Consumer clientId=consumer-perf, groupId=dz-rustc-1781723103] Error connecting to node b22-pkc-devcozvdmy.us-east-1.aws.devel.cpdev.cloud:9092 (id: 22 rack: Some("use1-az5") isFenced: false): Connection refused (os error 111)
[2026-06-17T19:06:54.556Z WARN  confluent_kafka::network_client] [Consumer clientId=consumer-perf, groupId=dz-rustc-1781723103] Error connecting to node b17-pkc-devcozvdmy.us-east-1.aws.devel.cpdev.cloud:9092 (id: 17 rack: Some("use1-az5") isFenced: false): Connection refused (os error 111)
[2026-06-17T19:06:54.564Z WARN  confluent_kafka::network_client] [Consumer clientId=consumer-perf, groupId=dz-rustc-1781723103] Error connecting to node b33-pkc-devcozvdmy.us-east-1.aws.devel.cpdev.cloud:9092 (id: 33 rack: Some("use1-az5") isFenced: false): Connection refused (os error 111)
[2026-06-17T19:06:54.566Z WARN  confluent_kafka::network_client] [Consumer clientId=consumer-perf, groupId=dz-rustc-1781723103] Error connecting to node b12-pkc-devcozvdmy.us-east-1.aws.devel.cpdev.cloud:9092 (id: 12 rack: Some("use1-az5") isFenced: false): Connection refused (os error 111)
[2026-06-17T19:06:54.570Z WARN  confluent_kafka::network_client] [Consumer clientId=consumer-perf, groupId=dz-rustc-1781723103] Error connecting to node b29-pkc-devcozvdmy.us-east-1.aws.devel.cpdev.cloud:9092 (id: 29 rack: Some("use1-az5") isFenced: false): Connection refused (os error 111)
[2026-06-17T19:06:54.571Z WARN  confluent_kafka::network_client] [Consumer clientId=consumer-perf, groupId=dz-rustc-1781723103] Error connecting to node b32-pkc-devcozvdmy.us-east-1.aws.devel.cpdev.cloud:9092 (id: 32 rack: Some("use1-az5") isFenced: false): Connection refused (os error 111)
[2026-06-17T19:06:54.574Z WARN  confluent_kafka::network_client] [Consumer clientId=consumer-perf, groupId=dz-rustc-1781723103] Error connecting to node b31-pkc-devcozvdmy.us-east-1.aws.devel.cpdev.cloud:9092 (id: 31 rack: Some("use1-az5") isFenced: false): Connection refused (os error 111)
[2026-06-17T19:06:54.577Z WARN  confluent_kafka::network_client] [Consumer clientId=consumer-perf, groupId=dz-rustc-1781723103] Error connecting to node b15-pkc-devcozvdmy.us-east-1.aws.devel.cpdev.cloud:9092 (id: 15 rack: Some("use1-az5") isFenced: false): Connection refused (os error 111)
[2026-06-17T19:06:54.578Z WARN  confluent_kafka::network_client] [Consumer clientId=consumer-perf, groupId=dz-rustc-1781723103] Error connecting to node b34-pkc-devcozvdmy.us-east-1.aws.devel.cpdev.cloud:9092 (id: 34 rack: Some("use1-az5") isFenced: false): Connection refused (os error 111)
[2026-06-17T19:06:54.581Z WARN  confluent_kafka::network_client] [Consumer clientId=consumer-perf, groupId=dz-rustc-1781723103] Error connecting to node b26-pkc-devcozvdmy.us-east-1.aws.devel.cpdev.cloud:9092 (id: 26 rack: Some("use1-az5") isFenced: false): Connection refused (os error 111)
[2026-06-17T19:06:54.589Z WARN  confluent_kafka::network_client] [Consumer clientId=consumer-perf, groupId=dz-rustc-1781723103] Error connecting to node b35-pkc-devcozvdmy.us-east-1.aws.devel.cpdev.cloud:9092 (id: 35 rack: Some("use1-az5") isFenced: false): Connection refused (os error 111)
[2026-06-17T19:06:54.591Z WARN  confluent_kafka::network_client] [Consumer clientId=consumer-perf, groupId=dz-rustc-1781723103] Error connecting to node b30-pkc-devcozvdmy.us-east-1.aws.devel.cpdev.cloud:9092 (id: 30 rack: Some("use1-az5") isFenced: false): Connection refused (os error 111)
[2026-06-17T19:06:54.594Z WARN  confluent_kafka::network_client] [Consumer clientId=consumer-perf, groupId=dz-rustc-1781723103] Error connecting to node b2-pkc-devcozvdmy.us-east-1.aws.devel.cpdev.cloud:9092 (id: 2 rack: Some("use1-az5") isFenced: false): Connection refused (os error 111)
[2026-06-17T19:06:54.604Z WARN  confluent_kafka::network_client] [Consumer clientId=consumer-perf, groupId=dz-rustc-1781723103] Error connecting to node b11-pkc-devcozvdmy.us-east-1.aws.devel.cpdev.cloud:9092 (id: 11 rack: Some("use1-az5") isFenced: false): Connection refused (os error 111)
[2026-06-17T19:06:54.605Z WARN  confluent_kafka::network_client] [Consumer clientId=consumer-perf, groupId=dz-rustc-1781723103] Error connecting to node b0-pkc-devcozvdmy.us-east-1.aws.devel.cpdev.cloud:9092 (id: 0 rack: Some("use1-az5") isFenced: false): Connection refused (os error 111)
[2026-06-17T19:06:54.661Z WARN  confluent_kafka::network_client] [Consumer clientId=consumer-perf, groupId=dz-rustc-1781723103] Error connecting to node b24-pkc-devcozvdmy.us-east-1.aws.devel.cpdev.cloud:9092 (id: 24 rack: Some("use1-az5") isFenced: false): Connection refused (os error 111)
[2026-06-17T19:06:54.696Z WARN  confluent_kafka::network_client] [Consumer clientId=consumer-perf, groupId=dz-rustc-1781723103] Error connecting to node b16-pkc-devcozvdmy.us-east-1.aws.devel.cpdev.cloud:9092 (id: 16 rack: Some("use1-az5") isFenced: false): Connection refused (os error 111)
[2026-06-17T19:06:54.728Z WARN  confluent_kafka::network_client] [Consumer clientId=consumer-perf, groupId=dz-rustc-1781723103] Error connecting to node b27-pkc-devcozvdmy.us-east-1.aws.devel.cpdev.cloud:9092 (id: 27 rack: Some("use1-az5") isFenced: false): Connection refused (os error 111)
[2026-06-17T19:06:54.749Z WARN  confluent_kafka::network_client] [Consumer clientId=consumer-perf, groupId=dz-rustc-1781723103] Error connecting to node b32-pkc-devcozvdmy.us-east-1.aws.devel.cpdev.cloud:9092 (id: 32 rack: Some("use1-az5") isFenced: false): Connection refused (os error 111)
[2026-06-17T19:06:54.760Z WARN  confluent_kafka::network_client] [Consumer clientId=consumer-perf, groupId=dz-rustc-1781723103] Error connecting to node b20-pkc-devcozvdmy.us-east-1.aws.devel.cpdev.cloud:9092 (id: 20 rack: Some("use1-az5") isFenced: false): Connection refused (os error 111)
[2026-06-17T19:06:54.762Z WARN  confluent_kafka::network_client] [Consumer clientId=consumer-perf, groupId=dz-rustc-1781723103] Error connecting to node b18-pkc-devcozvdmy.us-east-1.aws.devel.cpdev.cloud:9092 (id: 18 rack: Some("use1-az5") isFenced: false): Connection refused (os error 111)
[2026-06-17T19:06:54.766Z WARN  confluent_kafka::network_client] [Consumer clientId=consumer-perf, groupId=dz-rustc-1781723103] Error connecting to node b8-pkc-devcozvdmy.us-east-1.aws.devel.cpdev.cloud:9092 (id: 8 rack: Some("use1-az5") isFenced: false): Connection refused (os error 111)
[2026-06-17T19:06:54.774Z WARN  confluent_kafka::network_client] [Consumer clientId=consumer-perf, groupId=dz-rustc-1781723103] Error connecting to node b13-pkc-devcozvdmy.us-east-1.aws.devel.cpdev.cloud:9092 (id: 13 rack: Some("use1-az5") isFenced: false): Connection refused (os error 111)
[2026-06-17T19:06:54.776Z WARN  confluent_kafka::network_client] [Consumer clientId=consumer-perf, groupId=dz-rustc-1781723103] Error connecting to node b21-pkc-devcozvdmy.us-east-1.aws.devel.cpdev.cloud:9092 (id: 21 rack: Some("use1-az5") isFenced: false): Connection refused (os error 111)
[2026-06-17T19:06:54.777Z WARN  confluent_kafka::network_client] [Consumer clientId=consumer-perf, groupId=dz-rustc-1781723103] Error connecting to node b14-pkc-devcozvdmy.us-east-1.aws.devel.cpdev.cloud:9092 (id: 14 rack: Some("use1-az5") isFenced: false): Connection refused (os error 111)
[2026-06-17T19:06:54.778Z WARN  confluent_kafka::network_client] [Consumer clientId=consumer-perf, groupId=dz-rustc-1781723103] Error connecting to node b12-pkc-devcozvdmy.us-east-1.aws.devel.cpdev.cloud:9092 (id: 12 rack: Some("use1-az5") isFenced: false): Connection refused (os error 111)
[2026-06-17T19:06:54.779Z WARN  confluent_kafka::network_client] [Consumer clientId=consumer-perf, groupId=dz-rustc-1781723103] Error connecting to node b6-pkc-devcozvdmy.us-east-1.aws.devel.cpdev.cloud:9092 (id: 6 rack: Some("use1-az5") isFenced: false): Connection refused (os error 111)
[2026-06-17T19:06:54.781Z WARN  confluent_kafka::network_client] [Consumer clientId=consumer-perf, groupId=dz-rustc-1781723103] Error connecting to node b29-pkc-devcozvdmy.us-east-1.aws.devel.cpdev.cloud:9092 (id: 29 rack: Some("use1-az5") isFenced: false): Connection refused (os error 111)
[2026-06-17T19:06:54.792Z WARN  confluent_kafka::network_client] [Consumer clientId=consumer-perf, groupId=dz-rustc-1781723103] Error connecting to node b3-pkc-devcozvdmy.us-east-1.aws.devel.cpdev.cloud:9092 (id: 3 rack: Some("use1-az5") isFenced: false): Connection refused (os error 111)
[2026-06-17T19:06:54.820Z WARN  confluent_kafka::network_client] [Consumer clientId=consumer-perf, groupId=dz-rustc-1781723103] Error connecting to node b23-pkc-devcozvdmy.us-east-1.aws.devel.cpdev.cloud:9092 (id: 23 rack: Some("use1-az5") isFenced: false): Connection refused (os error 111)
[2026-06-17T19:06:54.842Z WARN  confluent_kafka::network_client] [Consumer clientId=consumer-perf, groupId=dz-rustc-1781723103] Error connecting to node b9-pkc-devcozvdmy.us-east-1.aws.devel.cpdev.cloud:9092 (id: 9 rack: Some("use1-az5") isFenced: false): Connection refused (os error 111)
[2026-06-17T19:06:54.844Z WARN  confluent_kafka::network_client] [Consumer clientId=consumer-perf, groupId=dz-rustc-1781723103] Error connecting to node b1-pkc-devcozvdmy.us-east-1.aws.devel.cpdev.cloud:9092 (id: 1 rack: Some("use1-az5") isFenced: false): Connection refused (os error 111)
[2026-06-17T19:06:54.857Z WARN  confluent_kafka::network_client] [Consumer clientId=consumer-perf, groupId=dz-rustc-1781723103] Error connecting to node b4-pkc-devcozvdmy.us-east-1.aws.devel.cpdev.cloud:9092 (id: 4 rack: Some("use1-az5") isFenced: false): Connection refused (os error 111)
[2026-06-17T19:06:54.904Z WARN  confluent_kafka::network_client] [Consumer clientId=consumer-perf, groupId=dz-rustc-1781723103] Error connecting to node b22-pkc-devcozvdmy.us-east-1.aws.devel.cpdev.cloud:9092 (id: 22 rack: Some("use1-az5") isFenced: false): Connection refused (os error 111)
[2026-06-17T19:06:54.915Z WARN  confluent_kafka::network_client] [Consumer clientId=consumer-perf, groupId=dz-rustc-1781723103] Error connecting to node b33-pkc-devcozvdmy.us-east-1.aws.devel.cpdev.cloud:9092 (id: 33 rack: Some("use1-az5") isFenced: false): Connection refused (os error 111)
[2026-06-17T19:06:54.917Z WARN  confluent_kafka::network_client] [Consumer clientId=consumer-perf, groupId=dz-rustc-1781723103] Error connecting to node b10-pkc-devcozvdmy.us-east-1.aws.devel.cpdev.cloud:9092 (id: 10 rack: Some("use1-az5") isFenced: false): Connection refused (os error 111)
[2026-06-17T19:06:54.918Z WARN  confluent_kafka::network_client] [Consumer clientId=consumer-perf, groupId=dz-rustc-1781723103] Error connecting to node b31-pkc-devcozvdmy.us-east-1.aws.devel.cpdev.cloud:9092 (id: 31 rack: Some("use1-az5") isFenced: false): Connection refused (os error 111)
[2026-06-17T19:06:54.918Z WARN  confluent_kafka::network_client] [Consumer clientId=consumer-perf, groupId=dz-rustc-1781723103] Error connecting to node b25-pkc-devcozvdmy.us-east-1.aws.devel.cpdev.cloud:9092 (id: 25 rack: Some("use1-az5") isFenced: false): Connection refused (os error 111)
[2026-06-17T19:06:54.926Z WARN  confluent_kafka::network_client] [Consumer clientId=consumer-perf, groupId=dz-rustc-1781723103] Error connecting to node b17-pkc-devcozvdmy.us-east-1.aws.devel.cpdev.cloud:9092 (id: 17 rack: Some("use1-az5") isFenced: false): Connection refused (os error 111)
[2026-06-17T19:06:54.928Z WARN  confluent_kafka::network_client] [Consumer clientId=consumer-perf, groupId=dz-rustc-1781723103] Error connecting to node b26-pkc-devcozvdmy.us-east-1.aws.devel.cpdev.cloud:9092 (id: 26 rack: Some("use1-az5") isFenced: false): Connection refused (os error 111)
[2026-06-17T19:06:54.929Z WARN  confluent_kafka::network_client] [Consumer clientId=consumer-perf, groupId=dz-rustc-1781723103] Error connecting to node b28-pkc-devcozvdmy.us-east-1.aws.devel.cpdev.cloud:9092 (id: 28 rack: Some("use1-az5") isFenced: false): Connection refused (os error 111)
[2026-06-17T19:06:54.934Z WARN  confluent_kafka::network_client] [Consumer clientId=consumer-perf, groupId=dz-rustc-1781723103] Error connecting to node b15-pkc-devcozvdmy.us-east-1.aws.devel.cpdev.cloud:9092 (id: 15 rack: Some("use1-az5") isFenced: false): Connection refused (os error 111)
[2026-06-17T19:06:54.967Z WARN  confluent_kafka::network_client] [Consumer clientId=consumer-perf, groupId=dz-rustc-1781723103] Error connecting to node b0-pkc-devcozvdmy.us-east-1.aws.devel.cpdev.cloud:9092 (id: 0 rack: Some("use1-az5") isFenced: false): Connection refused (os error 111)
[2026-06-17T19:06:54.977Z WARN  confluent_kafka::network_client] [Consumer clientId=consumer-perf, groupId=dz-rustc-1781723103] Error connecting to node b7-pkc-devcozvdmy.us-east-1.aws.devel.cpdev.cloud:9092 (id: 7 rack: Some("use1-az5") isFenced: false): Connection refused (os error 111)
[2026-06-17T19:06:54.982Z WARN  confluent_kafka::network_client] [Consumer clientId=consumer-perf, groupId=dz-rustc-1781723103] Error connecting to node b34-pkc-devcozvdmy.us-east-1.aws.devel.cpdev.cloud:9092 (id: 34 rack: Some("use1-az5") isFenced: false): Connection refused (os error 111)
[2026-06-17T19:06:54.984Z WARN  confluent_kafka::network_client] [Consumer clientId=consumer-perf, groupId=dz-rustc-1781723103] Error connecting to node b30-pkc-devcozvdmy.us-east-1.aws.devel.cpdev.cloud:9092 (id: 30 rack: Some("use1-az5") isFenced: false): Connection refused (os error 111)
[2026-06-17T19:06:54.998Z WARN  confluent_kafka::network_client] [Consumer clientId=consumer-perf, groupId=dz-rustc-1781723103] Error connecting to node b5-pkc-devcozvdmy.us-east-1.aws.devel.cpdev.cloud:9092 (id: 5 rack: Some("use1-az5") isFenced: false): Connection refused (os error 111)
[2026-06-17T19:06:55.015Z WARN  confluent_kafka::network_client] [Consumer clientId=consumer-perf, groupId=dz-rustc-1781723103] Error connecting to node b19-pkc-devcozvdmy.us-east-1.aws.devel.cpdev.cloud:9092 (id: 19 rack: Some("use1-az5") isFenced: false): Connection refused (os error 111)
[2026-06-17T19:06:55.031Z WARN  confluent_kafka::network_client] [Consumer clientId=consumer-perf, groupId=dz-rustc-1781723103] Error connecting to node b2-pkc-devcozvdmy.us-east-1.aws.devel.cpdev.cloud:9092 (id: 2 rack: Some("use1-az5") isFenced: false): Connection refused (os error 111)
[2026-06-17T19:06:55.035Z WARN  confluent_kafka::network_client] [Consumer clientId=consumer-perf, groupId=dz-rustc-1781723103] Error connecting to node b35-pkc-devcozvdmy.us-east-1.aws.devel.cpdev.cloud:9092 (id: 35 rack: Some("use1-az5") isFenced: false): Connection refused (os error 111)
[2026-06-17T19:06:55.075Z WARN  confluent_kafka::network_client] [Consumer clientId=consumer-perf, groupId=dz-rustc-1781723103] Error connecting to node b11-pkc-devcozvdmy.us-east-1.aws.devel.cpdev.cloud:9092 (id: 11 rack: Some("use1-az5") isFenced: false): Connection refused (os error 111)
[2026-06-17T19:06:55.087Z WARN  confluent_kafka::network_client] [Consumer clientId=consumer-perf, groupId=dz-rustc-1781723103] Error connecting to node b24-pkc-devcozvdmy.us-east-1.aws.devel.cpdev.cloud:9092 (id: 24 rack: Some("use1-az5") isFenced: false): Connection refused (os error 111)
[2026-06-17T19:06:55.150Z WARN  confluent_kafka::network_client] [Consumer clientId=consumer-perf, groupId=dz-rustc-1781723103] Error connecting to node b32-pkc-devcozvdmy.us-east-1.aws.devel.cpdev.cloud:9092 (id: 32 rack: Some("use1-az5") isFenced: false): Connection refused (os error 111)
[2026-06-17T19:06:55.159Z WARN  confluent_kafka::network_client] [Consumer clientId=consumer-perf, groupId=dz-rustc-1781723103] Error connecting to node b8-pkc-devcozvdmy.us-east-1.aws.devel.cpdev.cloud:9092 (id: 8 rack: Some("use1-az5") isFenced: false): Connection refused (os error 111)
[2026-06-17T19:06:55.179Z WARN  confluent_kafka::network_client] [Consumer clientId=consumer-perf, groupId=dz-rustc-1781723103] Error connecting to node b20-pkc-devcozvdmy.us-east-1.aws.devel.cpdev.cloud:9092 (id: 20 rack: Some("use1-az5") isFenced: false): Connection refused (os error 111)
[2026-06-17T19:06:55.205Z WARN  confluent_kafka::network_client] [Consumer clientId=consumer-perf, groupId=dz-rustc-1781723103] Error connecting to node b29-pkc-devcozvdmy.us-east-1.aws.devel.cpdev.cloud:9092 (id: 29 rack: Some("use1-az5") isFenced: false): Connection refused (os error 111)
[2026-06-17T19:06:55.252Z WARN  confluent_kafka::network_client] [Consumer clientId=consumer-perf, groupId=dz-rustc-1781723103] Error connecting to node b12-pkc-devcozvdmy.us-east-1.aws.devel.cpdev.cloud:9092 (id: 12 rack: Some("use1-az5") isFenced: false): Connection refused (os error 111)
[2026-06-17T19:06:55.454Z WARN  confluent_kafka::network_client] [Consumer clientId=consumer-perf, groupId=dz-rustc-1781723103] Error connecting to node b13-pkc-devcozvdmy.us-east-1.aws.devel.cpdev.cloud:9092 (id: 13 rack: Some("use1-az5") isFenced: false): Connection refused (os error 111)
[2026-06-17T19:06:55.471Z WARN  confluent_kafka::network_client] [Consumer clientId=consumer-perf, groupId=dz-rustc-1781723103] Error connecting to node b21-pkc-devcozvdmy.us-east-1.aws.devel.cpdev.cloud:9092 (id: 21 rack: Some("use1-az5") isFenced: false): Connection refused (os error 111)
[2026-06-17T19:06:55.473Z WARN  confluent_kafka::network_client] [Consumer clientId=consumer-perf, groupId=dz-rustc-1781723103] Error connecting to node b23-pkc-devcozvdmy.us-east-1.aws.devel.cpdev.cloud:9092 (id: 23 rack: Some("use1-az5") isFenced: false): Connection refused (os error 111)
[2026-06-17T19:06:55.500Z WARN  confluent_kafka::network_client] [Consumer clientId=consumer-perf, groupId=dz-rustc-1781723103] Error connecting to node b16-pkc-devcozvdmy.us-east-1.aws.devel.cpdev.cloud:9092 (id: 16 rack: Some("use1-az5") isFenced: false): Connection refused (os error 111)
[2026-06-17T19:06:55.508Z WARN  confluent_kafka::network_client] [Consumer clientId=consumer-perf, groupId=dz-rustc-1781723103] Error connecting to node b9-pkc-devcozvdmy.us-east-1.aws.devel.cpdev.cloud:9092 (id: 9 rack: Some("use1-az5") isFenced: false): Connection refused (os error 111)
[2026-06-17T19:06:55.512Z WARN  confluent_kafka::network_client] [Consumer clientId=consumer-perf, groupId=dz-rustc-1781723103] Error connecting to node b14-pkc-devcozvdmy.us-east-1.aws.devel.cpdev.cloud:9092 (id: 14 rack: Some("use1-az5") isFenced: false): Connection refused (os error 111)
[2026-06-17T19:06:55.534Z WARN  confluent_kafka::network_client] [Consumer clientId=consumer-perf, groupId=dz-rustc-1781723103] Error connecting to node b27-pkc-devcozvdmy.us-east-1.aws.devel.cpdev.cloud:9092 (id: 27 rack: Some("use1-az5") isFenced: false): Connection refused (os error 111)
[2026-06-17T19:06:55.544Z WARN  confluent_kafka::network_client] [Consumer clientId=consumer-perf, groupId=dz-rustc-1781723103] Error connecting to node b22-pkc-devcozvdmy.us-east-1.aws.devel.cpdev.cloud:9092 (id: 22 rack: Some("use1-az5") isFenced: false): Connection refused (os error 111)
[2026-06-17T19:06:55.561Z WARN  confluent_kafka::network_client] [Consumer clientId=consumer-perf, groupId=dz-rustc-1781723103] Error connecting to node b33-pkc-devcozvdmy.us-east-1.aws.devel.cpdev.cloud:9092 (id: 33 rack: Some("use1-az5") isFenced: false): Connection refused (os error 111)
[2026-06-17T19:06:55.562Z WARN  confluent_kafka::network_client] [Consumer clientId=consumer-perf, groupId=dz-rustc-1781723103] Error connecting to node b31-pkc-devcozvdmy.us-east-1.aws.devel.cpdev.cloud:9092 (id: 31 rack: Some("use1-az5") isFenced: false): Connection refused (os error 111)
[2026-06-17T19:06:55.590Z WARN  confluent_kafka::network_client] [Consumer clientId=consumer-perf, groupId=dz-rustc-1781723103] Error connecting to node b15-pkc-devcozvdmy.us-east-1.aws.devel.cpdev.cloud:9092 (id: 15 rack: Some("use1-az5") isFenced: false): Connection refused (os error 111)
[2026-06-17T19:06:55.613Z WARN  confluent_kafka::network_client] [Consumer clientId=consumer-perf, groupId=dz-rustc-1781723103] Error connecting to node b6-pkc-devcozvdmy.us-east-1.aws.devel.cpdev.cloud:9092 (id: 6 rack: Some("use1-az5") isFenced: false): Connection refused (os error 111)
[2026-06-17T19:06:55.620Z WARN  confluent_kafka::network_client] [Consumer clientId=consumer-perf, groupId=dz-rustc-1781723103] Error connecting to node b0-pkc-devcozvdmy.us-east-1.aws.devel.cpdev.cloud:9092 (id: 0 rack: Some("use1-az5") isFenced: false): Connection refused (os error 111)
[2026-06-17T19:06:55.622Z WARN  confluent_kafka::network_client] [Consumer clientId=consumer-perf, groupId=dz-rustc-1781723103] Error connecting to node b4-pkc-devcozvdmy.us-east-1.aws.devel.cpdev.cloud:9092 (id: 4 rack: Some("use1-az5") isFenced: false): Connection refused (os error 111)
[2026-06-17T19:06:55.670Z WARN  confluent_kafka::network_client] [Consumer clientId=consumer-perf, groupId=dz-rustc-1781723103] Error connecting to node b28-pkc-devcozvdmy.us-east-1.aws.devel.cpdev.cloud:9092 (id: 28 rack: Some("use1-az5") isFenced: false): Connection refused (os error 111)
[2026-06-17T19:06:55.678Z WARN  confluent_kafka::network_client] [Consumer clientId=consumer-perf, groupId=dz-rustc-1781723103] Error connecting to node b18-pkc-devcozvdmy.us-east-1.aws.devel.cpdev.cloud:9092 (id: 18 rack: Some("use1-az5") isFenced: false): Connection refused (os error 111)
[2026-06-17T19:06:55.699Z WARN  confluent_kafka::network_client] [Consumer clientId=consumer-perf, groupId=dz-rustc-1781723103] Error connecting to node b1-pkc-devcozvdmy.us-east-1.aws.devel.cpdev.cloud:9092 (id: 1 rack: Some("use1-az5") isFenced: false): Connection refused (os error 111)
[2026-06-17T19:06:55.730Z WARN  confluent_kafka::network_client] [Consumer clientId=consumer-perf, groupId=dz-rustc-1781723103] Error connecting to node b3-pkc-devcozvdmy.us-east-1.aws.devel.cpdev.cloud:9092 (id: 3 rack: Some("use1-az5") isFenced: false): Connection refused (os error 111)
[2026-06-17T19:06:55.784Z WARN  confluent_kafka::network_client] [Consumer clientId=consumer-perf, groupId=dz-rustc-1781723103] Error connecting to node b17-pkc-devcozvdmy.us-east-1.aws.devel.cpdev.cloud:9092 (id: 17 rack: Some("use1-az5") isFenced: false): Connection refused (os error 111)
[2026-06-17T19:06:55.785Z WARN  confluent_kafka::network_client] [Consumer clientId=consumer-perf, groupId=dz-rustc-1781723103] Error connecting to node b35-pkc-devcozvdmy.us-east-1.aws.devel.cpdev.cloud:9092 (id: 35 rack: Some("use1-az5") isFenced: false): Connection refused (os error 111)
[2026-06-17T19:06:55.806Z WARN  confluent_kafka::network_client] [Consumer clientId=consumer-perf, groupId=dz-rustc-1781723103] Error connecting to node b11-pkc-devcozvdmy.us-east-1.aws.devel.cpdev.cloud:9092 (id: 11 rack: Some("use1-az5") isFenced: false): Connection refused (os error 111)
[2026-06-17T19:06:55.810Z WARN  confluent_kafka::network_client] [Consumer clientId=consumer-perf, groupId=dz-rustc-1781723103] Error connecting to node b30-pkc-devcozvdmy.us-east-1.aws.devel.cpdev.cloud:9092 (id: 30 rack: Some("use1-az5") isFenced: false): Connection refused (os error 111)
[2026-06-17T19:06:55.819Z WARN  confluent_kafka::network_client] [Consumer clientId=consumer-perf, groupId=dz-rustc-1781723103] Error connecting to node b26-pkc-devcozvdmy.us-east-1.aws.devel.cpdev.cloud:9092 (id: 26 rack: Some("use1-az5") isFenced: false): Connection refused (os error 111)
[2026-06-17T19:06:55.829Z WARN  confluent_kafka::network_client] [Consumer clientId=consumer-perf, groupId=dz-rustc-1781723103] Error connecting to node b7-pkc-devcozvdmy.us-east-1.aws.devel.cpdev.cloud:9092 (id: 7 rack: Some("use1-az5") isFenced: false): Connection refused (os error 111)
[2026-06-17T19:06:55.839Z WARN  confluent_kafka::network_client] [Consumer clientId=consumer-perf, groupId=dz-rustc-1781723103] Error connecting to node b25-pkc-devcozvdmy.us-east-1.aws.devel.cpdev.cloud:9092 (id: 25 rack: Some("use1-az5") isFenced: false): Connection refused (os error 111)
[2026-06-17T19:06:55.861Z WARN  confluent_kafka::network_client] [Consumer clientId=consumer-perf, groupId=dz-rustc-1781723103] Error connecting to node b19-pkc-devcozvdmy.us-east-1.aws.devel.cpdev.cloud:9092 (id: 19 rack: Some("use1-az5") isFenced: false): Connection refused (os error 111)
[2026-06-17T19:06:55.863Z WARN  confluent_kafka::network_client] [Consumer clientId=consumer-perf, groupId=dz-rustc-1781723103] Error connecting to node b10-pkc-devcozvdmy.us-east-1.aws.devel.cpdev.cloud:9092 (id: 10 rack: Some("use1-az5") isFenced: false): Connection refused (os error 111)
[2026-06-17T19:06:55.864Z WARN  confluent_kafka::network_client] [Consumer clientId=consumer-perf, groupId=dz-rustc-1781723103] Error connecting to node b34-pkc-devcozvdmy.us-east-1.aws.devel.cpdev.cloud:9092 (id: 34 rack: Some("use1-az5") isFenced: false): Connection refused (os error 111)
[2026-06-17T19:06:55.877Z WARN  confluent_kafka::network_client] [Consumer clientId=consumer-perf, groupId=dz-rustc-1781723103] Error connecting to node b29-pkc-devcozvdmy.us-east-1.aws.devel.cpdev.cloud:9092 (id: 29 rack: Some("use1-az5") isFenced: false): Connection refused (os error 111)
[2026-06-17T19:06:55.898Z WARN  confluent_kafka::network_client] [Consumer clientId=consumer-perf, groupId=dz-rustc-1781723103] Error connecting to node b5-pkc-devcozvdmy.us-east-1.aws.devel.cpdev.cloud:9092 (id: 5 rack: Some("use1-az5") isFenced: false): Connection refused (os error 111)
[2026-06-17T19:06:55.902Z WARN  confluent_kafka::network_client] [Consumer clientId=consumer-perf, groupId=dz-rustc-1781723103] Error connecting to node b2-pkc-devcozvdmy.us-east-1.aws.devel.cpdev.cloud:9092 (id: 2 rack: Some("use1-az5") isFenced: false): Connection refused (os error 111)
[2026-06-17T19:06:55.927Z WARN  confluent_kafka::network_client] [Consumer clientId=consumer-perf, groupId=dz-rustc-1781723103] Error connecting to node b32-pkc-devcozvdmy.us-east-1.aws.devel.cpdev.cloud:9092 (id: 32 rack: Some("use1-az5") isFenced: false): Connection refused (os error 111)
[2026-06-17T19:06:55.928Z WARN  confluent_kafka::network_client] [Consumer clientId=consumer-perf, groupId=dz-rustc-1781723103] Error connecting to node b8-pkc-devcozvdmy.us-east-1.aws.devel.cpdev.cloud:9092 (id: 8 rack: Some("use1-az5") isFenced: false): Connection refused (os error 111)
[2026-06-17T19:06:56.004Z WARN  confluent_kafka::network_client] [Consumer clientId=consumer-perf, groupId=dz-rustc-1781723103] Error connecting to node b24-pkc-devcozvdmy.us-east-1.aws.devel.cpdev.cloud:9092 (id: 24 rack: Some("use1-az5") isFenced: false): Connection refused (os error 111)
[2026-06-17T19:06:56.133Z WARN  confluent_kafka::network_client] [Consumer clientId=consumer-perf, groupId=dz-rustc-1781723103] Error connecting to node b20-pkc-devcozvdmy.us-east-1.aws.devel.cpdev.cloud:9092 (id: 20 rack: Some("use1-az5") isFenced: false): Connection refused (os error 111)
[2026-06-17T19:06:56.141Z WARN  confluent_kafka::network_client] [Consumer clientId=consumer-perf, groupId=dz-rustc-1781723103] Error connecting to node b12-pkc-devcozvdmy.us-east-1.aws.devel.cpdev.cloud:9092 (id: 12 rack: Some("use1-az5") isFenced: false): Connection refused (os error 111)
[2026-06-17T19:06:56.358Z WARN  confluent_kafka::network_client] [Consumer clientId=consumer-perf, groupId=dz-rustc-1781723103] Error connecting to node b21-pkc-devcozvdmy.us-east-1.aws.devel.cpdev.cloud:9092 (id: 21 rack: Some("use1-az5") isFenced: false): Connection refused (os error 111)
[2026-06-17T19:06:56.405Z WARN  confluent_kafka::network_client] [Consumer clientId=consumer-perf, groupId=dz-rustc-1781723103] Error connecting to node b16-pkc-devcozvdmy.us-east-1.aws.devel.cpdev.cloud:9092 (id: 16 rack: Some("use1-az5") isFenced: false): Connection refused (os error 111)
[2026-06-17T19:06:56.432Z WARN  confluent_kafka::network_client] [Consumer clientId=consumer-perf, groupId=dz-rustc-1781723103] Error connecting to node b0-pkc-devcozvdmy.us-east-1.aws.devel.cpdev.cloud:9092 (id: 0 rack: Some("use1-az5") isFenced: false): Connection refused (os error 111)
[2026-06-17T19:06:56.441Z WARN  confluent_kafka::network_client] [Consumer clientId=consumer-perf, groupId=dz-rustc-1781723103] Error connecting to node b23-pkc-devcozvdmy.us-east-1.aws.devel.cpdev.cloud:9092 (id: 23 rack: Some("use1-az5") isFenced: false): Connection refused (os error 111)
[2026-06-17T19:06:56.455Z WARN  confluent_kafka::network_client] [Consumer clientId=consumer-perf, groupId=dz-rustc-1781723103] Error connecting to node b13-pkc-devcozvdmy.us-east-1.aws.devel.cpdev.cloud:9092 (id: 13 rack: Some("use1-az5") isFenced: false): Connection refused (os error 111)
[2026-06-17T19:06:56.477Z WARN  confluent_kafka::network_client] [Consumer clientId=consumer-perf, groupId=dz-rustc-1781723103] Error connecting to node b15-pkc-devcozvdmy.us-east-1.aws.devel.cpdev.cloud:9092 (id: 15 rack: Some("use1-az5") isFenced: false): Connection refused (os error 111)
[2026-06-17T19:06:56.508Z WARN  confluent_kafka::network_client] [Consumer clientId=consumer-perf, groupId=dz-rustc-1781723103] Error connecting to node b9-pkc-devcozvdmy.us-east-1.aws.devel.cpdev.cloud:9092 (id: 9 rack: Some("use1-az5") isFenced: false): Connection refused (os error 111)
[2026-06-17T19:06:56.513Z WARN  confluent_kafka::network_client] [Consumer clientId=consumer-perf, groupId=dz-rustc-1781723103] Error connecting to node b14-pkc-devcozvdmy.us-east-1.aws.devel.cpdev.cloud:9092 (id: 14 rack: Some("use1-az5") isFenced: false): Connection refused (os error 111)
[2026-06-17T19:06:56.534Z WARN  confluent_kafka::network_client] [Consumer clientId=consumer-perf, groupId=dz-rustc-1781723103] Error connecting to node b27-pkc-devcozvdmy.us-east-1.aws.devel.cpdev.cloud:9092 (id: 27 rack: Some("use1-az5") isFenced: false): Connection refused (os error 111)
[2026-06-17T19:06:56.544Z WARN  confluent_kafka::network_client] [Consumer clientId=consumer-perf, groupId=dz-rustc-1781723103] Error connecting to node b22-pkc-devcozvdmy.us-east-1.aws.devel.cpdev.cloud:9092 (id: 22 rack: Some("use1-az5") isFenced: false): Connection refused (os error 111)
[2026-06-17T19:06:56.561Z WARN  confluent_kafka::network_client] [Consumer clientId=consumer-perf, groupId=dz-rustc-1781723103] Error connecting to node b33-pkc-devcozvdmy.us-east-1.aws.devel.cpdev.cloud:9092 (id: 33 rack: Some("use1-az5") isFenced: false): Connection refused (os error 111)
[2026-06-17T19:06:56.562Z WARN  confluent_kafka::network_client] [Consumer clientId=consumer-perf, groupId=dz-rustc-1781723103] Error connecting to node b31-pkc-devcozvdmy.us-east-1.aws.devel.cpdev.cloud:9092 (id: 31 rack: Some("use1-az5") isFenced: false): Connection refused (os error 111)
[2026-06-17T19:06:56.573Z WARN  confluent_kafka::network_client] [Consumer clientId=consumer-perf, groupId=dz-rustc-1781723103] Error connecting to node b4-pkc-devcozvdmy.us-east-1.aws.devel.cpdev.cloud:9092 (id: 4 rack: Some("use1-az5") isFenced: false): Connection refused (os error 111)
[2026-06-17T19:06:56.592Z WARN  confluent_kafka::network_client] [Consumer clientId=consumer-perf, groupId=dz-rustc-1781723103] Error connecting to node b6-pkc-devcozvdmy.us-east-1.aws.devel.cpdev.cloud:9092 (id: 6 rack: Some("use1-az5") isFenced: false): Connection refused (os error 111)
[2026-06-17T19:06:56.595Z WARN  confluent_kafka::network_client] [Consumer clientId=consumer-perf, groupId=dz-rustc-1781723103] Error connecting to node b18-pkc-devcozvdmy.us-east-1.aws.devel.cpdev.cloud:9092 (id: 18 rack: Some("use1-az5") isFenced: false): Connection refused (os error 111)
[2026-06-17T19:06:56.631Z WARN  confluent_kafka::network_client] [Consumer clientId=consumer-perf, groupId=dz-rustc-1781723103] Error connecting to node b28-pkc-devcozvdmy.us-east-1.aws.devel.cpdev.cloud:9092 (id: 28 rack: Some("use1-az5") isFenced: false): Connection refused (os error 111)
[2026-06-17T19:06:56.666Z WARN  confluent_kafka::network_client] [Consumer clientId=consumer-perf, groupId=dz-rustc-1781723103] Error connecting to node b34-pkc-devcozvdmy.us-east-1.aws.devel.cpdev.cloud:9092 (id: 34 rack: Some("use1-az5") isFenced: false): Connection refused (os error 111)
[2026-06-17T19:06:56.676Z WARN  confluent_kafka::network_client] [Consumer clientId=consumer-perf, groupId=dz-rustc-1781723103] Error connecting to node b30-pkc-devcozvdmy.us-east-1.aws.devel.cpdev.cloud:9092 (id: 30 rack: Some("use1-az5") isFenced: false): Connection refused (os error 111)
[2026-06-17T19:06:56.699Z WARN  confluent_kafka::network_client] [Consumer clientId=consumer-perf, groupId=dz-rustc-1781723103] Error connecting to node b1-pkc-devcozvdmy.us-east-1.aws.devel.cpdev.cloud:9092 (id: 1 rack: Some("use1-az5") isFenced: false): Connection refused (os error 111)
[2026-06-17T19:06:56.712Z WARN  confluent_kafka::network_client] [Consumer clientId=consumer-perf, groupId=dz-rustc-1781723103] Error connecting to node b3-pkc-devcozvdmy.us-east-1.aws.devel.cpdev.cloud:9092 (id: 3 rack: Some("use1-az5") isFenced: false): Connection refused (os error 111)
[2026-06-17T19:06:56.736Z WARN  confluent_kafka::network_client] [Consumer clientId=consumer-perf, groupId=dz-rustc-1781723103] Error connecting to node b26-pkc-devcozvdmy.us-east-1.aws.devel.cpdev.cloud:9092 (id: 26 rack: Some("use1-az5") isFenced: false): Connection refused (os error 111)
[2026-06-17T19:06:56.738Z WARN  confluent_kafka::network_client] [Consumer clientId=consumer-perf, groupId=dz-rustc-1781723103] Error connecting to node b8-pkc-devcozvdmy.us-east-1.aws.devel.cpdev.cloud:9092 (id: 8 rack: Some("use1-az5") isFenced: false): Connection refused (os error 111)
[2026-06-17T19:06:56.784Z WARN  confluent_kafka::network_client] [Consumer clientId=consumer-perf, groupId=dz-rustc-1781723103] Error connecting to node b17-pkc-devcozvdmy.us-east-1.aws.devel.cpdev.cloud:9092 (id: 17 rack: Some("use1-az5") isFenced: false): Connection refused (os error 111)
[2026-06-17T19:06:56.785Z WARN  confluent_kafka::network_client] [Consumer clientId=consumer-perf, groupId=dz-rustc-1781723103] Error connecting to node b35-pkc-devcozvdmy.us-east-1.aws.devel.cpdev.cloud:9092 (id: 35 rack: Some("use1-az5") isFenced: false): Connection refused (os error 111)
[2026-06-17T19:06:56.806Z WARN  confluent_kafka::network_client] [Consumer clientId=consumer-perf, groupId=dz-rustc-1781723103] Error connecting to node b11-pkc-devcozvdmy.us-east-1.aws.devel.cpdev.cloud:9092 (id: 11 rack: Some("use1-az5") isFenced: false): Connection refused (os error 111)
[2026-06-17T19:06:56.824Z WARN  confluent_kafka::network_client] [Consumer clientId=consumer-perf, groupId=dz-rustc-1781723103] Error connecting to node b10-pkc-devcozvdmy.us-east-1.aws.devel.cpdev.cloud:9092 (id: 10 rack: Some("use1-az5") isFenced: false): Connection refused (os error 111)
[2026-06-17T19:06:56.829Z WARN  confluent_kafka::network_client] [Consumer clientId=consumer-perf, groupId=dz-rustc-1781723103] Error connecting to node b7-pkc-devcozvdmy.us-east-1.aws.devel.cpdev.cloud:9092 (id: 7 rack: Some("use1-az5") isFenced: false): Connection refused (os error 111)
[2026-06-17T19:06:56.839Z WARN  confluent_kafka::network_client] [Consumer clientId=consumer-perf, groupId=dz-rustc-1781723103] Error connecting to node b25-pkc-devcozvdmy.us-east-1.aws.devel.cpdev.cloud:9092 (id: 25 rack: Some("use1-az5") isFenced: false): Connection refused (os error 111)
[2026-06-17T19:06:56.844Z WARN  confluent_kafka::network_client] [Consumer clientId=consumer-perf, groupId=dz-rustc-1781723103] Error connecting to node b2-pkc-devcozvdmy.us-east-1.aws.devel.cpdev.cloud:9092 (id: 2 rack: Some("use1-az5") isFenced: false): Connection refused (os error 111)
[2026-06-17T19:06:56.861Z WARN  confluent_kafka::network_client] [Consumer clientId=consumer-perf, groupId=dz-rustc-1781723103] Error connecting to node b19-pkc-devcozvdmy.us-east-1.aws.devel.cpdev.cloud:9092 (id: 19 rack: Some("use1-az5") isFenced: false): Connection refused (os error 111)
[2026-06-17T19:06:56.877Z WARN  confluent_kafka::network_client] [Consumer clientId=consumer-perf, groupId=dz-rustc-1781723103] Error connecting to node b29-pkc-devcozvdmy.us-east-1.aws.devel.cpdev.cloud:9092 (id: 29 rack: Some("use1-az5") isFenced: false): Connection refused (os error 111)
[2026-06-17T19:06:56.896Z WARN  confluent_kafka::network_client] [Consumer clientId=consumer-perf, groupId=dz-rustc-1781723103] Error connecting to node b5-pkc-devcozvdmy.us-east-1.aws.devel.cpdev.cloud:9092 (id: 5 rack: Some("use1-az5") isFenced: false): Connection refused (os error 111)
[2026-06-17T19:06:56.927Z WARN  confluent_kafka::network_client] [Consumer clientId=consumer-perf, groupId=dz-rustc-1781723103] Error connecting to node b32-pkc-devcozvdmy.us-east-1.aws.devel.cpdev.cloud:9092 (id: 32 rack: Some("use1-az5") isFenced: false): Connection refused (os error 111)
[2026-06-17T19:06:56.942Z WARN  confluent_kafka::network_client] [Consumer clientId=consumer-perf, groupId=dz-rustc-1781723103] Error connecting to node b20-pkc-devcozvdmy.us-east-1.aws.devel.cpdev.cloud:9092 (id: 20 rack: Some("use1-az5") isFenced: false): Connection refused (os error 111)
[2026-06-17T19:06:56.968Z WARN  confluent_kafka::network_client] [Consumer clientId=consumer-perf, groupId=dz-rustc-1781723103] Error connecting to node b12-pkc-devcozvdmy.us-east-1.aws.devel.cpdev.cloud:9092 (id: 12 rack: Some("use1-az5") isFenced: false): Connection refused (os error 111)
[2026-06-17T19:06:57.005Z WARN  confluent_kafka::network_client] [Consumer clientId=consumer-perf, groupId=dz-rustc-1781723103] Error connecting to node b24-pkc-devcozvdmy.us-east-1.aws.devel.cpdev.cloud:9092 (id: 24 rack: Some("use1-az5") isFenced: false): Connection refused (os error 111)
[2026-06-17T19:06:57.281Z WARN  confluent_kafka::network_client] [Consumer clientId=consumer-perf, groupId=dz-rustc-1781723103] Error connecting to node b16-pkc-devcozvdmy.us-east-1.aws.devel.cpdev.cloud:9092 (id: 16 rack: Some("use1-az5") isFenced: false): Connection refused (os error 111)
[2026-06-17T19:06:57.310Z WARN  confluent_kafka::network_client] [Consumer clientId=consumer-perf, groupId=dz-rustc-1781723103] Error connecting to node b23-pkc-devcozvdmy.us-east-1.aws.devel.cpdev.cloud:9092 (id: 23 rack: Some("use1-az5") isFenced: false): Connection refused (os error 111)
[2026-06-17T19:06:57.311Z WARN  confluent_kafka::network_client] [Consumer clientId=consumer-perf, groupId=dz-rustc-1781723103] Error connecting to node b0-pkc-devcozvdmy.us-east-1.aws.devel.cpdev.cloud:9092 (id: 0 rack: Some("use1-az5") isFenced: false): Connection refused (os error 111)
[2026-06-17T19:06:57.338Z WARN  confluent_kafka::network_client] [Consumer clientId=consumer-perf, groupId=dz-rustc-1781723103] Error connecting to node b9-pkc-devcozvdmy.us-east-1.aws.devel.cpdev.cloud:9092 (id: 9 rack: Some("use1-az5") isFenced: false): Connection refused (os error 111)
[2026-06-17T19:06:57.358Z WARN  confluent_kafka::network_client] [Consumer clientId=consumer-perf, groupId=dz-rustc-1781723103] Error connecting to node b21-pkc-devcozvdmy.us-east-1.aws.devel.cpdev.cloud:9092 (id: 21 rack: Some("use1-az5") isFenced: false): Connection refused (os error 111)
[2026-06-17T19:06:57.425Z WARN  confluent_kafka::network_client] [Consumer clientId=consumer-perf, groupId=dz-rustc-1781723103] Error connecting to node b4-pkc-devcozvdmy.us-east-1.aws.devel.cpdev.cloud:9092 (id: 4 rack: Some("use1-az5") isFenced: false): Connection refused (os error 111)
[2026-06-17T19:06:57.453Z WARN  confluent_kafka::network_client] [Consumer clientId=consumer-perf, groupId=dz-rustc-1781723103] Error connecting to node b14-pkc-devcozvdmy.us-east-1.aws.devel.cpdev.cloud:9092 (id: 14 rack: Some("use1-az5") isFenced: false): Connection refused (os error 111)
[2026-06-17T19:06:57.455Z WARN  confluent_kafka::network_client] [Consumer clientId=consumer-perf, groupId=dz-rustc-1781723103] Error connecting to node b13-pkc-devcozvdmy.us-east-1.aws.devel.cpdev.cloud:9092 (id: 13 rack: Some("use1-az5") isFenced: false): Connection refused (os error 111)
[2026-06-17T19:06:57.456Z WARN  confluent_kafka::network_client] [Consumer clientId=consumer-perf, groupId=dz-rustc-1781723103] Error connecting to node b6-pkc-devcozvdmy.us-east-1.aws.devel.cpdev.cloud:9092 (id: 6 rack: Some("use1-az5") isFenced: false): Connection refused (os error 111)
[2026-06-17T19:06:57.460Z WARN  confluent_kafka::network_client] [Consumer clientId=consumer-perf, groupId=dz-rustc-1781723103] Error connecting to node b18-pkc-devcozvdmy.us-east-1.aws.devel.cpdev.cloud:9092 (id: 18 rack: Some("use1-az5") isFenced: false): Connection refused (os error 111)
[2026-06-17T19:06:57.470Z WARN  confluent_kafka::network_client] [Consumer clientId=consumer-perf, groupId=dz-rustc-1781723103] Error connecting to node b31-pkc-devcozvdmy.us-east-1.aws.devel.cpdev.cloud:9092 (id: 31 rack: Some("use1-az5") isFenced: false): Connection refused (os error 111)
[2026-06-17T19:06:57.477Z WARN  confluent_kafka::network_client] [Consumer clientId=consumer-perf, groupId=dz-rustc-1781723103] Error connecting to node b15-pkc-devcozvdmy.us-east-1.aws.devel.cpdev.cloud:9092 (id: 15 rack: Some("use1-az5") isFenced: false): Connection refused (os error 111)
[2026-06-17T19:06:57.478Z WARN  confluent_kafka::network_client] [Consumer clientId=consumer-perf, groupId=dz-rustc-1781723103] Error connecting to node b34-pkc-devcozvdmy.us-east-1.aws.devel.cpdev.cloud:9092 (id: 34 rack: Some("use1-az5") isFenced: false): Connection refused (os error 111)
[2026-06-17T19:06:57.534Z WARN  confluent_kafka::network_client] [Consumer clientId=consumer-perf, groupId=dz-rustc-1781723103] Error connecting to node b27-pkc-devcozvdmy.us-east-1.aws.devel.cpdev.cloud:9092 (id: 27 rack: Some("use1-az5") isFenced: false): Connection refused (os error 111)
[2026-06-17T19:06:57.544Z WARN  confluent_kafka::network_client] [Consumer clientId=consumer-perf, groupId=dz-rustc-1781723103] Error connecting to node b22-pkc-devcozvdmy.us-east-1.aws.devel.cpdev.cloud:9092 (id: 22 rack: Some("use1-az5") isFenced: false): Connection refused (os error 111)
[2026-06-17T19:06:57.561Z WARN  confluent_kafka::network_client] [Consumer clientId=consumer-perf, groupId=dz-rustc-1781723103] Error connecting to node b33-pkc-devcozvdmy.us-east-1.aws.devel.cpdev.cloud:9092 (id: 33 rack: Some("use1-az5") isFenced: false): Connection refused (os error 111)
[2026-06-17T19:06:57.589Z WARN  confluent_kafka::network_client] [Consumer clientId=consumer-perf, groupId=dz-rustc-1781723103] Error connecting to node b1-pkc-devcozvdmy.us-east-1.aws.devel.cpdev.cloud:9092 (id: 1 rack: Some("use1-az5") isFenced: false): Connection refused (os error 111)
[2026-06-17T19:06:57.607Z WARN  confluent_kafka::network_client] [Consumer clientId=consumer-perf, groupId=dz-rustc-1781723103] Error connecting to node b30-pkc-devcozvdmy.us-east-1.aws.devel.cpdev.cloud:9092 (id: 30 rack: Some("use1-az5") isFenced: false): Connection refused (os error 111)
[2026-06-17T19:06:57.631Z WARN  confluent_kafka::network_client] [Consumer clientId=consumer-perf, groupId=dz-rustc-1781723103] Error connecting to node b28-pkc-devcozvdmy.us-east-1.aws.devel.cpdev.cloud:9092 (id: 28 rack: Some("use1-az5") isFenced: false): Connection refused (os error 111)
[2026-06-17T19:06:57.643Z WARN  confluent_kafka::network_client] [Consumer clientId=consumer-perf, groupId=dz-rustc-1781723103] Error connecting to node b17-pkc-devcozvdmy.us-east-1.aws.devel.cpdev.cloud:9092 (id: 17 rack: Some("use1-az5") isFenced: false): Connection refused (os error 111)
[2026-06-17T19:06:57.652Z WARN  confluent_kafka::network_client] [Consumer clientId=consumer-perf, groupId=dz-rustc-1781723103] Error connecting to node b26-pkc-devcozvdmy.us-east-1.aws.devel.cpdev.cloud:9092 (id: 26 rack: Some("use1-az5") isFenced: false): Connection refused (os error 111)
[2026-06-17T19:06:57.669Z WARN  confluent_kafka::network_client] [Consumer clientId=consumer-perf, groupId=dz-rustc-1781723103] Error connecting to node b25-pkc-devcozvdmy.us-east-1.aws.devel.cpdev.cloud:9092 (id: 25 rack: Some("use1-az5") isFenced: false): Connection refused (os error 111)
[2026-06-17T19:06:57.711Z WARN  confluent_kafka::network_client] [Consumer clientId=consumer-perf, groupId=dz-rustc-1781723103] Error connecting to node b35-pkc-devcozvdmy.us-east-1.aws.devel.cpdev.cloud:9092 (id: 35 rack: Some("use1-az5") isFenced: false): Connection refused (os error 111)
[2026-06-17T19:06:57.712Z WARN  confluent_kafka::network_client] [Consumer clientId=consumer-perf, groupId=dz-rustc-1781723103] Error connecting to node b3-pkc-devcozvdmy.us-east-1.aws.devel.cpdev.cloud:9092 (id: 3 rack: Some("use1-az5") isFenced: false): Connection refused (os error 111)
[2026-06-17T19:06:57.737Z WARN  confluent_kafka::network_client] [Consumer clientId=consumer-perf, groupId=dz-rustc-1781723103] Error connecting to node b8-pkc-devcozvdmy.us-east-1.aws.devel.cpdev.cloud:9092 (id: 8 rack: Some("use1-az5") isFenced: false): Connection refused (os error 111)
[2026-06-17T19:06:57.766Z WARN  confluent_kafka::network_client] [Consumer clientId=consumer-perf, groupId=dz-rustc-1781723103] Error connecting to node b7-pkc-devcozvdmy.us-east-1.aws.devel.cpdev.cloud:9092 (id: 7 rack: Some("use1-az5") isFenced: false): Connection refused (os error 111)
[2026-06-17T19:06:57.768Z WARN  confluent_kafka::network_client] [Consumer clientId=consumer-perf, groupId=dz-rustc-1781723103] Error connecting to node b12-pkc-devcozvdmy.us-east-1.aws.devel.cpdev.cloud:9092 (id: 12 rack: Some("use1-az5") isFenced: false): Connection refused (os error 111)
[2026-06-17T19:06:57.777Z WARN  confluent_kafka::network_client] [Consumer clientId=consumer-perf, groupId=dz-rustc-1781723103] Error connecting to node b29-pkc-devcozvdmy.us-east-1.aws.devel.cpdev.cloud:9092 (id: 29 rack: Some("use1-az5") isFenced: false): Connection refused (os error 111)
[2026-06-17T19:06:57.791Z WARN  confluent_kafka::network_client] [Consumer clientId=consumer-perf, groupId=dz-rustc-1781723103] Error connecting to node b11-pkc-devcozvdmy.us-east-1.aws.devel.cpdev.cloud:9092 (id: 11 rack: Some("use1-az5") isFenced: false): Connection refused (os error 111)
[2026-06-17T19:06:57.824Z WARN  confluent_kafka::network_client] [Consumer clientId=consumer-perf, groupId=dz-rustc-1781723103] Error connecting to node b10-pkc-devcozvdmy.us-east-1.aws.devel.cpdev.cloud:9092 (id: 10 rack: Some("use1-az5") isFenced: false): Connection refused (os error 111)
[2026-06-17T19:06:57.844Z WARN  confluent_kafka::network_client] [Consumer clientId=consumer-perf, groupId=dz-rustc-1781723103] Error connecting to node b2-pkc-devcozvdmy.us-east-1.aws.devel.cpdev.cloud:9092 (id: 2 rack: Some("use1-az5") isFenced: false): Connection refused (os error 111)
[2026-06-17T19:06:57.861Z WARN  confluent_kafka::network_client] [Consumer clientId=consumer-perf, groupId=dz-rustc-1781723103] Error connecting to node b19-pkc-devcozvdmy.us-east-1.aws.devel.cpdev.cloud:9092 (id: 19 rack: Some("use1-az5") isFenced: false): Connection refused (os error 111)
[2026-06-17T19:06:57.896Z WARN  confluent_kafka::network_client] [Consumer clientId=consumer-perf, groupId=dz-rustc-1781723103] Error connecting to node b5-pkc-devcozvdmy.us-east-1.aws.devel.cpdev.cloud:9092 (id: 5 rack: Some("use1-az5") isFenced: false): Connection refused (os error 111)
[2026-06-17T19:06:57.927Z WARN  confluent_kafka::network_client] [Consumer clientId=consumer-perf, groupId=dz-rustc-1781723103] Error connecting to node b32-pkc-devcozvdmy.us-east-1.aws.devel.cpdev.cloud:9092 (id: 32 rack: Some("use1-az5") isFenced: false): Connection refused (os error 111)
[2026-06-17T19:06:57.942Z WARN  confluent_kafka::network_client] [Consumer clientId=consumer-perf, groupId=dz-rustc-1781723103] Error connecting to node b20-pkc-devcozvdmy.us-east-1.aws.devel.cpdev.cloud:9092 (id: 20 rack: Some("use1-az5") isFenced: false): Connection refused (os error 111)
[2026-06-17T19:06:58.004Z WARN  confluent_kafka::network_client] [Consumer clientId=consumer-perf, groupId=dz-rustc-1781723103] Error connecting to node b24-pkc-devcozvdmy.us-east-1.aws.devel.cpdev.cloud:9092 (id: 24 rack: Some("use1-az5") isFenced: false): Connection refused (os error 111)
[2026-06-17T19:06:58.134Z WARN  confluent_kafka::network_client] [Consumer clientId=consumer-perf, groupId=dz-rustc-1781723103] Error connecting to node b16-pkc-devcozvdmy.us-east-1.aws.devel.cpdev.cloud:9092 (id: 16 rack: Some("use1-az5") isFenced: false): Connection refused (os error 111)
[2026-06-17T19:06:58.205Z WARN  confluent_kafka::network_client] [Consumer clientId=consumer-perf, groupId=dz-rustc-1781723103] Error connecting to node b9-pkc-devcozvdmy.us-east-1.aws.devel.cpdev.cloud:9092 (id: 9 rack: Some("use1-az5") isFenced: false): Connection refused (os error 111)
[2026-06-17T19:06:58.260Z WARN  confluent_kafka::network_client] [Consumer clientId=consumer-perf, groupId=dz-rustc-1781723103] Error connecting to node b21-pkc-devcozvdmy.us-east-1.aws.devel.cpdev.cloud:9092 (id: 21 rack: Some("use1-az5") isFenced: false): Connection refused (os error 111)
[2026-06-17T19:06:58.289Z WARN  confluent_kafka::network_client] [Consumer clientId=consumer-perf, groupId=dz-rustc-1781723103] Error connecting to node b0-pkc-devcozvdmy.us-east-1.aws.devel.cpdev.cloud:9092 (id: 0 rack: Some("use1-az5") isFenced: false): Connection refused (os error 111)
[2026-06-17T19:06:58.310Z WARN  confluent_kafka::network_client] [Consumer clientId=consumer-perf, groupId=dz-rustc-1781723103] Error connecting to node b23-pkc-devcozvdmy.us-east-1.aws.devel.cpdev.cloud:9092 (id: 23 rack: Some("use1-az5") isFenced: false): Connection refused (os error 111)
[2026-06-17T19:06:58.359Z WARN  confluent_kafka::network_client] [Consumer clientId=consumer-perf, groupId=dz-rustc-1781723103] Error connecting to node b18-pkc-devcozvdmy.us-east-1.aws.devel.cpdev.cloud:9092 (id: 18 rack: Some("use1-az5") isFenced: false): Connection refused (os error 111)
[2026-06-17T19:06:58.425Z WARN  confluent_kafka::network_client] [Consumer clientId=consumer-perf, groupId=dz-rustc-1781723103] Error connecting to node b4-pkc-devcozvdmy.us-east-1.aws.devel.cpdev.cloud:9092 (id: 4 rack: Some("use1-az5") isFenced: false): Connection refused (os error 111)
[2026-06-17T19:06:58.439Z WARN  confluent_kafka::network_client] [Consumer clientId=consumer-perf, groupId=dz-rustc-1781723103] Error connecting to node b27-pkc-devcozvdmy.us-east-1.aws.devel.cpdev.cloud:9092 (id: 27 rack: Some("use1-az5") isFenced: false): Connection refused (os error 111)
[2026-06-17T19:06:58.454Z WARN  confluent_kafka::network_client] [Consumer clientId=consumer-perf, groupId=dz-rustc-1781723103] Error connecting to node b14-pkc-devcozvdmy.us-east-1.aws.devel.cpdev.cloud:9092 (id: 14 rack: Some("use1-az5") isFenced: false): Connection refused (os error 111)
[2026-06-17T19:06:58.455Z WARN  confluent_kafka::network_client] [Consumer clientId=consumer-perf, groupId=dz-rustc-1781723103] Error connecting to node b13-pkc-devcozvdmy.us-east-1.aws.devel.cpdev.cloud:9092 (id: 13 rack: Some("use1-az5") isFenced: false): Connection refused (os error 111)
[2026-06-17T19:06:58.456Z WARN  confluent_kafka::network_client] [Consumer clientId=consumer-perf, groupId=dz-rustc-1781723103] Error connecting to node b6-pkc-devcozvdmy.us-east-1.aws.devel.cpdev.cloud:9092 (id: 6 rack: Some("use1-az5") isFenced: false): Connection refused (os error 111)
[2026-06-17T19:06:58.470Z WARN  confluent_kafka::network_client] [Consumer clientId=consumer-perf, groupId=dz-rustc-1781723103] Error connecting to node b31-pkc-devcozvdmy.us-east-1.aws.devel.cpdev.cloud:9092 (id: 31 rack: Some("use1-az5") isFenced: false): Connection refused (os error 111)
[2026-06-17T19:06:58.477Z WARN  confluent_kafka::network_client] [Consumer clientId=consumer-perf, groupId=dz-rustc-1781723103] Error connecting to node b15-pkc-devcozvdmy.us-east-1.aws.devel.cpdev.cloud:9092 (id: 15 rack: Some("use1-az5") isFenced: false): Connection refused (os error 111)
[2026-06-17T19:06:58.478Z WARN  confluent_kafka::network_client] [Consumer clientId=consumer-perf, groupId=dz-rustc-1781723103] Error connecting to node b34-pkc-devcozvdmy.us-east-1.aws.devel.cpdev.cloud:9092 (id: 34 rack: Some("use1-az5") isFenced: false): Connection refused (os error 111)
[2026-06-17T19:06:58.514Z WARN  confluent_kafka::network_client] [Consumer clientId=consumer-perf, groupId=dz-rustc-1781723103] Error connecting to node b30-pkc-devcozvdmy.us-east-1.aws.devel.cpdev.cloud:9092 (id: 30 rack: Some("use1-az5") isFenced: false): Connection refused (os error 111)
[2026-06-17T19:06:58.544Z WARN  confluent_kafka::network_client] [Consumer clientId=consumer-perf, groupId=dz-rustc-1781723103] Error connecting to node b22-pkc-devcozvdmy.us-east-1.aws.devel.cpdev.cloud:9092 (id: 22 rack: Some("use1-az5") isFenced: false): Connection refused (os error 111)
[2026-06-17T19:06:58.561Z WARN  confluent_kafka::network_client] [Consumer clientId=consumer-perf, groupId=dz-rustc-1781723103] Error connecting to node b33-pkc-devcozvdmy.us-east-1.aws.devel.cpdev.cloud:9092 (id: 33 rack: Some("use1-az5") isFenced: false): Connection refused (os error 111)
[2026-06-17T19:06:58.577Z WARN  confluent_kafka::network_client] [Consumer clientId=consumer-perf, groupId=dz-rustc-1781723103] Error connecting to node b7-pkc-devcozvdmy.us-east-1.aws.devel.cpdev.cloud:9092 (id: 7 rack: Some("use1-az5") isFenced: false): Connection refused (os error 111)
[2026-06-17T19:06:58.589Z WARN  confluent_kafka::network_client] [Consumer clientId=consumer-perf, groupId=dz-rustc-1781723103] Error connecting to node b1-pkc-devcozvdmy.us-east-1.aws.devel.cpdev.cloud:9092 (id: 1 rack: Some("use1-az5") isFenced: false): Connection refused (os error 111)
[2026-06-17T19:06:58.626Z WARN  confluent_kafka::network_client] [Consumer clientId=consumer-perf, groupId=dz-rustc-1781723103] Error connecting to node b28-pkc-devcozvdmy.us-east-1.aws.devel.cpdev.cloud:9092 (id: 28 rack: Some("use1-az5") isFenced: false): Connection refused (os error 111)
[2026-06-17T19:06:58.643Z WARN  confluent_kafka::network_client] [Consumer clientId=consumer-perf, groupId=dz-rustc-1781723103] Error connecting to node b17-pkc-devcozvdmy.us-east-1.aws.devel.cpdev.cloud:9092 (id: 17 rack: Some("use1-az5") isFenced: false): Connection refused (os error 111)
[2026-06-17T19:06:58.652Z WARN  confluent_kafka::network_client] [Consumer clientId=consumer-perf, groupId=dz-rustc-1781723103] Error connecting to node b26-pkc-devcozvdmy.us-east-1.aws.devel.cpdev.cloud:9092 (id: 26 rack: Some("use1-az5") isFenced: false): Connection refused (os error 111)
[2026-06-17T19:06:58.669Z WARN  confluent_kafka::network_client] [Consumer clientId=consumer-perf, groupId=dz-rustc-1781723103] Error connecting to node b25-pkc-devcozvdmy.us-east-1.aws.devel.cpdev.cloud:9092 (id: 25 rack: Some("use1-az5") isFenced: false): Connection refused (os error 111)
[2026-06-17T19:06:58.681Z WARN  confluent_kafka::network_client] [Consumer clientId=consumer-perf, groupId=dz-rustc-1781723103] Error connecting to node b8-pkc-devcozvdmy.us-east-1.aws.devel.cpdev.cloud:9092 (id: 8 rack: Some("use1-az5") isFenced: false): Connection refused (os error 111)
[2026-06-17T19:06:58.682Z WARN  confluent_kafka::network_client] [Consumer clientId=consumer-perf, groupId=dz-rustc-1781723103] Error connecting to node b12-pkc-devcozvdmy.us-east-1.aws.devel.cpdev.cloud:9092 (id: 12 rack: Some("use1-az5") isFenced: false): Connection refused (os error 111)
[2026-06-17T19:06:58.711Z WARN  confluent_kafka::network_client] [Consumer clientId=consumer-perf, groupId=dz-rustc-1781723103] Error connecting to node b35-pkc-devcozvdmy.us-east-1.aws.devel.cpdev.cloud:9092 (id: 35 rack: Some("use1-az5") isFenced: false): Connection refused (os error 111)
[2026-06-17T19:06:58.712Z WARN  confluent_kafka::network_client] [Consumer clientId=consumer-perf, groupId=dz-rustc-1781723103] Error connecting to node b3-pkc-devcozvdmy.us-east-1.aws.devel.cpdev.cloud:9092 (id: 3 rack: Some("use1-az5") isFenced: false): Connection refused (os error 111)
[2026-06-17T19:06:58.749Z WARN  confluent_kafka::network_client] [Consumer clientId=consumer-perf, groupId=dz-rustc-1781723103] Error connecting to node b20-pkc-devcozvdmy.us-east-1.aws.devel.cpdev.cloud:9092 (id: 20 rack: Some("use1-az5") isFenced: false): Connection refused (os error 111)
[2026-06-17T19:06:58.777Z WARN  confluent_kafka::network_client] [Consumer clientId=consumer-perf, groupId=dz-rustc-1781723103] Error connecting to node b29-pkc-devcozvdmy.us-east-1.aws.devel.cpdev.cloud:9092 (id: 29 rack: Some("use1-az5") isFenced: false): Connection refused (os error 111)
[2026-06-17T19:06:58.790Z WARN  confluent_kafka::network_client] [Consumer clientId=consumer-perf, groupId=dz-rustc-1781723103] Error connecting to node b11-pkc-devcozvdmy.us-east-1.aws.devel.cpdev.cloud:9092 (id: 11 rack: Some("use1-az5") isFenced: false): Connection refused (os error 111)
[2026-06-17T19:06:58.824Z WARN  confluent_kafka::network_client] [Consumer clientId=consumer-perf, groupId=dz-rustc-1781723103] Error connecting to node b10-pkc-devcozvdmy.us-east-1.aws.devel.cpdev.cloud:9092 (id: 10 rack: Some("use1-az5") isFenced: false): Connection refused (os error 111)
[2026-06-17T19:06:58.844Z WARN  confluent_kafka::network_client] [Consumer clientId=consumer-perf, groupId=dz-rustc-1781723103] Error connecting to node b2-pkc-devcozvdmy.us-east-1.aws.devel.cpdev.cloud:9092 (id: 2 rack: Some("use1-az5") isFenced: false): Connection refused (os error 111)
[2026-06-17T19:06:58.861Z WARN  confluent_kafka::network_client] [Consumer clientId=consumer-perf, groupId=dz-rustc-1781723103] Error connecting to node b19-pkc-devcozvdmy.us-east-1.aws.devel.cpdev.cloud:9092 (id: 19 rack: Some("use1-az5") isFenced: false): Connection refused (os error 111)
[2026-06-17T19:06:58.871Z WARN  confluent_kafka::network_client] [Consumer clientId=consumer-perf, groupId=dz-rustc-1781723103] Error connecting to node b5-pkc-devcozvdmy.us-east-1.aws.devel.cpdev.cloud:9092 (id: 5 rack: Some("use1-az5") isFenced: false): Connection refused (os error 111)
[2026-06-17T19:06:58.927Z WARN  confluent_kafka::network_client] [Consumer clientId=consumer-perf, groupId=dz-rustc-1781723103] Error connecting to node b32-pkc-devcozvdmy.us-east-1.aws.devel.cpdev.cloud:9092 (id: 32 rack: Some("use1-az5") isFenced: false): Connection refused (os error 111)
[2026-06-17T19:06:58.962Z WARN  confluent_kafka::network_client] [Consumer clientId=consumer-perf, groupId=dz-rustc-1781723103] Error connecting to node b16-pkc-devcozvdmy.us-east-1.aws.devel.cpdev.cloud:9092 (id: 16 rack: Some("use1-az5") isFenced: false): Connection refused (os error 111)
[2026-06-17T19:06:59.004Z WARN  confluent_kafka::network_client] [Consumer clientId=consumer-perf, groupId=dz-rustc-1781723103] Error connecting to node b24-pkc-devcozvdmy.us-east-1.aws.devel.cpdev.cloud:9092 (id: 24 rack: Some("use1-az5") isFenced: false): Connection refused (os error 111)
[2026-06-17T19:06:59.205Z WARN  confluent_kafka::network_client] [Consumer clientId=consumer-perf, groupId=dz-rustc-1781723103] Error connecting to node b9-pkc-devcozvdmy.us-east-1.aws.devel.cpdev.cloud:9092 (id: 9 rack: Some("use1-az5") isFenced: false): Connection refused (os error 111)
[2026-06-17T19:06:59.260Z WARN  confluent_kafka::network_client] [Consumer clientId=consumer-perf, groupId=dz-rustc-1781723103] Error connecting to node b21-pkc-devcozvdmy.us-east-1.aws.devel.cpdev.cloud:9092 (id: 21 rack: Some("use1-az5") isFenced: false): Connection refused (os error 111)
[2026-06-17T19:06:59.283Z WARN  confluent_kafka::network_client] [Consumer clientId=consumer-perf, groupId=dz-rustc-1781723103] Error connecting to node b23-pkc-devcozvdmy.us-east-1.aws.devel.cpdev.cloud:9092 (id: 23 rack: Some("use1-az5") isFenced: false): Connection refused (os error 111)
[2026-06-17T19:06:59.289Z WARN  confluent_kafka::network_client] [Consumer clientId=consumer-perf, groupId=dz-rustc-1781723103] Error connecting to node b0-pkc-devcozvdmy.us-east-1.aws.devel.cpdev.cloud:9092 (id: 0 rack: Some("use1-az5") isFenced: false): Connection refused (os error 111)
[2026-06-17T19:06:59.359Z WARN  confluent_kafka::network_client] [Consumer clientId=consumer-perf, groupId=dz-rustc-1781723103] Error connecting to node b18-pkc-devcozvdmy.us-east-1.aws.devel.cpdev.cloud:9092 (id: 18 rack: Some("use1-az5") isFenced: false): Connection refused (os error 111)
[2026-06-17T19:06:59.368Z WARN  confluent_kafka::network_client] [Consumer clientId=consumer-perf, groupId=dz-rustc-1781723103] Error connecting to node b27-pkc-devcozvdmy.us-east-1.aws.devel.cpdev.cloud:9092 (id: 27 rack: Some("use1-az5") isFenced: false): Connection refused (os error 111)
[2026-06-17T19:06:59.376Z WARN  confluent_kafka::network_client] [Consumer clientId=consumer-perf, groupId=dz-rustc-1781723103] Error connecting to node b34-pkc-devcozvdmy.us-east-1.aws.devel.cpdev.cloud:9092 (id: 34 rack: Some("use1-az5") isFenced: false): Connection refused (os error 111)
[2026-06-17T19:06:59.398Z WARN  confluent_kafka::network_client] [Consumer clientId=consumer-perf, groupId=dz-rustc-1781723103] Error connecting to node b4-pkc-devcozvdmy.us-east-1.aws.devel.cpdev.cloud:9092 (id: 4 rack: Some("use1-az5") isFenced: false): Connection refused (os error 111)
[2026-06-17T19:06:59.403Z WARN  confluent_kafka::network_client] [Consumer clientId=consumer-perf, groupId=dz-rustc-1781723103] Error connecting to node b15-pkc-devcozvdmy.us-east-1.aws.devel.cpdev.cloud:9092 (id: 15 rack: Some("use1-az5") isFenced: false): Connection refused (os error 111)
[2026-06-17T19:06:59.453Z WARN  confluent_kafka::network_client] [Consumer clientId=consumer-perf, groupId=dz-rustc-1781723103] Error connecting to node b14-pkc-devcozvdmy.us-east-1.aws.devel.cpdev.cloud:9092 (id: 14 rack: Some("use1-az5") isFenced: false): Connection refused (os error 111)
[2026-06-17T19:06:59.455Z WARN  confluent_kafka::network_client] [Consumer clientId=consumer-perf, groupId=dz-rustc-1781723103] Error connecting to node b13-pkc-devcozvdmy.us-east-1.aws.devel.cpdev.cloud:9092 (id: 13 rack: Some("use1-az5") isFenced: false): Connection refused (os error 111)
[2026-06-17T19:06:59.456Z WARN  confluent_kafka::network_client] [Consumer clientId=consumer-perf, groupId=dz-rustc-1781723103] Error connecting to node b6-pkc-devcozvdmy.us-east-1.aws.devel.cpdev.cloud:9092 (id: 6 rack: Some("use1-az5") isFenced: false): Connection refused (os error 111)
[2026-06-17T19:06:59.457Z WARN  confluent_kafka::network_client] [Consumer clientId=consumer-perf, groupId=dz-rustc-1781723103] Error connecting to node b31-pkc-devcozvdmy.us-east-1.aws.devel.cpdev.cloud:9092 (id: 31 rack: Some("use1-az5") isFenced: false): Connection refused (os error 111)
[2026-06-17T19:06:59.506Z WARN  confluent_kafka::network_client] [Consumer clientId=consumer-perf, groupId=dz-rustc-1781723103] Error connecting to node b30-pkc-devcozvdmy.us-east-1.aws.devel.cpdev.cloud:9092 (id: 30 rack: Some("use1-az5") isFenced: false): Connection refused (os error 111)
[2026-06-17T19:06:59.544Z WARN  confluent_kafka::network_client] [Consumer clientId=consumer-perf, groupId=dz-rustc-1781723103] Error connecting to node b22-pkc-devcozvdmy.us-east-1.aws.devel.cpdev.cloud:9092 (id: 22 rack: Some("use1-az5") isFenced: false): Connection refused (os error 111)
[2026-06-17T19:06:59.556Z WARN  confluent_kafka::network_client] [Consumer clientId=consumer-perf, groupId=dz-rustc-1781723103] Error connecting to node b26-pkc-devcozvdmy.us-east-1.aws.devel.cpdev.cloud:9092 (id: 26 rack: Some("use1-az5") isFenced: false): Connection refused (os error 111)
[2026-06-17T19:06:59.560Z WARN  confluent_kafka::network_client] [Consumer clientId=consumer-perf, groupId=dz-rustc-1781723103] Error connecting to node b33-pkc-devcozvdmy.us-east-1.aws.devel.cpdev.cloud:9092 (id: 33 rack: Some("use1-az5") isFenced: false): Connection refused (os error 111)
[2026-06-17T19:06:59.577Z WARN  confluent_kafka::network_client] [Consumer clientId=consumer-perf, groupId=dz-rustc-1781723103] Error connecting to node b7-pkc-devcozvdmy.us-east-1.aws.devel.cpdev.cloud:9092 (id: 7 rack: Some("use1-az5") isFenced: false): Connection refused (os error 111)
[2026-06-17T19:06:59.589Z WARN  confluent_kafka::network_client] [Consumer clientId=consumer-perf, groupId=dz-rustc-1781723103] Error connecting to node b1-pkc-devcozvdmy.us-east-1.aws.devel.cpdev.cloud:9092 (id: 1 rack: Some("use1-az5") isFenced: false): Connection refused (os error 111)
[2026-06-17T19:06:59.601Z WARN  confluent_kafka::network_client] [Consumer clientId=consumer-perf, groupId=dz-rustc-1781723103] Error connecting to node b12-pkc-devcozvdmy.us-east-1.aws.devel.cpdev.cloud:9092 (id: 12 rack: Some("use1-az5") isFenced: false): Connection refused (os error 111)
[2026-06-17T19:06:59.612Z WARN  confluent_kafka::network_client] [Consumer clientId=consumer-perf, groupId=dz-rustc-1781723103] Error connecting to node b29-pkc-devcozvdmy.us-east-1.aws.devel.cpdev.cloud:9092 (id: 29 rack: Some("use1-az5") isFenced: false): Connection refused (os error 111)
[2026-06-17T19:06:59.626Z WARN  confluent_kafka::network_client] [Consumer clientId=consumer-perf, groupId=dz-rustc-1781723103] Error connecting to node b28-pkc-devcozvdmy.us-east-1.aws.devel.cpdev.cloud:9092 (id: 28 rack: Some("use1-az5") isFenced: false): Connection refused (os error 111)
[2026-06-17T19:06:59.631Z WARN  confluent_kafka::network_client] [Consumer clientId=consumer-perf, groupId=dz-rustc-1781723103] Error connecting to node b35-pkc-devcozvdmy.us-east-1.aws.devel.cpdev.cloud:9092 (id: 35 rack: Some("use1-az5") isFenced: false): Connection refused (os error 111)
[2026-06-17T19:06:59.633Z WARN  confluent_kafka::network_client] [Consumer clientId=consumer-perf, groupId=dz-rustc-1781723103] Error connecting to node b11-pkc-devcozvdmy.us-east-1.aws.devel.cpdev.cloud:9092 (id: 11 rack: Some("use1-az5") isFenced: false): Connection refused (os error 111)
[2026-06-17T19:06:59.643Z WARN  confluent_kafka::network_client] [Consumer clientId=consumer-perf, groupId=dz-rustc-1781723103] Error connecting to node b17-pkc-devcozvdmy.us-east-1.aws.devel.cpdev.cloud:9092 (id: 17 rack: Some("use1-az5") isFenced: false): Connection refused (os error 111)
[2026-06-17T19:06:59.660Z WARN  confluent_kafka::network_client] [Consumer clientId=consumer-perf, groupId=dz-rustc-1781723103] Error connecting to node b2-pkc-devcozvdmy.us-east-1.aws.devel.cpdev.cloud:9092 (id: 2 rack: Some("use1-az5") isFenced: false): Connection refused (os error 111)
[2026-06-17T19:06:59.668Z WARN  confluent_kafka::network_client] [Consumer clientId=consumer-perf, groupId=dz-rustc-1781723103] Error connecting to node b25-pkc-devcozvdmy.us-east-1.aws.devel.cpdev.cloud:9092 (id: 25 rack: Some("use1-az5") isFenced: false): Connection refused (os error 111)
[2026-06-17T19:06:59.681Z WARN  confluent_kafka::network_client] [Consumer clientId=consumer-perf, groupId=dz-rustc-1781723103] Error connecting to node b8-pkc-devcozvdmy.us-east-1.aws.devel.cpdev.cloud:9092 (id: 8 rack: Some("use1-az5") isFenced: false): Connection refused (os error 111)
[2026-06-17T19:06:59.712Z WARN  confluent_kafka::network_client] [Consumer clientId=consumer-perf, groupId=dz-rustc-1781723103] Error connecting to node b3-pkc-devcozvdmy.us-east-1.aws.devel.cpdev.cloud:9092 (id: 3 rack: Some("use1-az5") isFenced: false): Connection refused (os error 111)
[2026-06-17T19:06:59.714Z WARN  confluent_kafka::network_client] [Consumer clientId=consumer-perf, groupId=dz-rustc-1781723103] Error connecting to node b19-pkc-devcozvdmy.us-east-1.aws.devel.cpdev.cloud:9092 (id: 19 rack: Some("use1-az5") isFenced: false): Connection refused (os error 111)
[2026-06-17T19:06:59.741Z WARN  confluent_kafka::network_client] [Consumer clientId=consumer-perf, groupId=dz-rustc-1781723103] Error connecting to node b20-pkc-devcozvdmy.us-east-1.aws.devel.cpdev.cloud:9092 (id: 20 rack: Some("use1-az5") isFenced: false): Connection refused (os error 111)
[2026-06-17T19:06:59.744Z WARN  confluent_kafka::network_client] [Consumer clientId=consumer-perf, groupId=dz-rustc-1781723103] Error connecting to node b10-pkc-devcozvdmy.us-east-1.aws.devel.cpdev.cloud:9092 (id: 10 rack: Some("use1-az5") isFenced: false): Connection refused (os error 111)
[2026-06-17T19:06:59.753Z WARN  confluent_kafka::network_client] [Consumer clientId=consumer-perf, groupId=dz-rustc-1781723103] Error connecting to node b32-pkc-devcozvdmy.us-east-1.aws.devel.cpdev.cloud:9092 (id: 32 rack: Some("use1-az5") isFenced: false): Connection refused (os error 111)
[2026-06-17T19:06:59.871Z WARN  confluent_kafka::network_client] [Consumer clientId=consumer-perf, groupId=dz-rustc-1781723103] Error connecting to node b5-pkc-devcozvdmy.us-east-1.aws.devel.cpdev.cloud:9092 (id: 5 rack: Some("use1-az5") isFenced: false): Connection refused (os error 111)
[interval 6] t=  70.0s msgs= 620172 thr=    62015 msg/s  avg=1004.46 p50=557 p99=7658 p999=8248 max=9194 ms  cpu=  0.0% rss= 192.5MB
[interval 7] t=  80.0s msgs=2380254 thr=   238025 msg/s  avg=975.37 p50=680 p99=4319 p999=4948 max=5535 ms  cpu=  0.0% rss= 189.7MB
[interval 8] t=  90.0s msgs=1500261 thr=   150026 msg/s  avg=  4.68 p50=4 p99=18 p999=34 max=73 ms  cpu=  0.0% rss= 189.7MB
[interval 9] t= 100.0s msgs=1500266 thr=   150025 msg/s  avg=  4.69 p50=4 p99=18 p999=31 max=54 ms  cpu=  0.0% rss= 189.7MB
[interval 10] t= 110.0s msgs=1500247 thr=   150024 msg/s  avg=  4.69 p50=4 p99=18 p999=29 max=42 ms  cpu=  0.0% rss= 189.7MB
[interval 11] t= 120.0s msgs=1500208 thr=   150019 msg/s  avg=  4.79 p50=4 p99=18 p999=27 max=46 ms  cpu=  0.0% rss= 189.7MB
[2026-06-17T19:07:58.598Z WARN  confluent_kafka::network_client] [Consumer clientId=consumer-perf, groupId=dz-rustc-1781723103] Error connecting to node b23-pkc-devcozvdmy.us-east-1.aws.devel.cpdev.cloud:9092 (id: 23 rack: Some("use1-az5") isFenced: false): Connection refused (os error 111)
[2026-06-17T19:07:58.599Z WARN  confluent_kafka::network_client] [Consumer clientId=consumer-perf, groupId=dz-rustc-1781723103] Error connecting to node b2-pkc-devcozvdmy.us-east-1.aws.devel.cpdev.cloud:9092 (id: 2 rack: Some("use1-az5") isFenced: false): Connection refused (os error 111)
[2026-06-17T19:07:58.600Z WARN  confluent_kafka::network_client] [Consumer clientId=consumer-perf, groupId=dz-rustc-1781723103] Error connecting to node b5-pkc-devcozvdmy.us-east-1.aws.devel.cpdev.cloud:9092 (id: 5 rack: Some("use1-az5") isFenced: false): Connection refused (os error 111)
[2026-06-17T19:07:58.601Z WARN  confluent_kafka::network_client] [Consumer clientId=consumer-perf, groupId=dz-rustc-1781723103] Error connecting to node b7-pkc-devcozvdmy.us-east-1.aws.devel.cpdev.cloud:9092 (id: 7 rack: Some("use1-az5") isFenced: false): Connection refused (os error 111)
[2026-06-17T19:07:58.602Z WARN  confluent_kafka::network_client] [Consumer clientId=consumer-perf, groupId=dz-rustc-1781723103] Error connecting to node b27-pkc-devcozvdmy.us-east-1.aws.devel.cpdev.cloud:9092 (id: 27 rack: Some("use1-az5") isFenced: false): Connection refused (os error 111)
[2026-06-17T19:07:58.603Z WARN  confluent_kafka::network_client] [Consumer clientId=consumer-perf, groupId=dz-rustc-1781723103] Error connecting to node b3-pkc-devcozvdmy.us-east-1.aws.devel.cpdev.cloud:9092 (id: 3 rack: Some("use1-az5") isFenced: false): Connection refused (os error 111)
[2026-06-17T19:07:58.604Z WARN  confluent_kafka::network_client] [Consumer clientId=consumer-perf, groupId=dz-rustc-1781723103] Error connecting to node b26-pkc-devcozvdmy.us-east-1.aws.devel.cpdev.cloud:9092 (id: 26 rack: Some("use1-az5") isFenced: false): Connection refused (os error 111)
[2026-06-17T19:07:58.605Z WARN  confluent_kafka::network_client] [Consumer clientId=consumer-perf, groupId=dz-rustc-1781723103] Error connecting to node b29-pkc-devcozvdmy.us-east-1.aws.devel.cpdev.cloud:9092 (id: 29 rack: Some("use1-az5") isFenced: false): Connection refused (os error 111)
[2026-06-17T19:07:58.606Z WARN  confluent_kafka::network_client] [Consumer clientId=consumer-perf, groupId=dz-rustc-1781723103] Error connecting to node b16-pkc-devcozvdmy.us-east-1.aws.devel.cpdev.cloud:9092 (id: 16 rack: Some("use1-az5") isFenced: false): Connection refused (os error 111)
[2026-06-17T19:07:58.607Z WARN  confluent_kafka::network_client] [Consumer clientId=consumer-perf, groupId=dz-rustc-1781723103] Error connecting to node b12-pkc-devcozvdmy.us-east-1.aws.devel.cpdev.cloud:9092 (id: 12 rack: Some("use1-az5") isFenced: false): Connection refused (os error 111)
[2026-06-17T19:07:58.608Z WARN  confluent_kafka::network_client] [Consumer clientId=consumer-perf, groupId=dz-rustc-1781723103] Error connecting to node b14-pkc-devcozvdmy.us-east-1.aws.devel.cpdev.cloud:9092 (id: 14 rack: Some("use1-az5") isFenced: false): Connection refused (os error 111)
[2026-06-17T19:07:58.609Z WARN  confluent_kafka::network_client] [Consumer clientId=consumer-perf, groupId=dz-rustc-1781723103] Error connecting to node b31-pkc-devcozvdmy.us-east-1.aws.devel.cpdev.cloud:9092 (id: 31 rack: Some("use1-az5") isFenced: false): Connection refused (os error 111)
[2026-06-17T19:07:58.610Z WARN  confluent_kafka::network_client] [Consumer clientId=consumer-perf, groupId=dz-rustc-1781723103] Error connecting to node b8-pkc-devcozvdmy.us-east-1.aws.devel.cpdev.cloud:9092 (id: 8 rack: Some("use1-az5") isFenced: false): Connection refused (os error 111)
[2026-06-17T19:07:58.611Z WARN  confluent_kafka::network_client] [Consumer clientId=consumer-perf, groupId=dz-rustc-1781723103] Error connecting to node b21-pkc-devcozvdmy.us-east-1.aws.devel.cpdev.cloud:9092 (id: 21 rack: Some("use1-az5") isFenced: false): Connection refused (os error 111)
[2026-06-17T19:07:58.612Z WARN  confluent_kafka::network_client] [Consumer clientId=consumer-perf, groupId=dz-rustc-1781723103] Error connecting to node b30-pkc-devcozvdmy.us-east-1.aws.devel.cpdev.cloud:9092 (id: 30 rack: Some("use1-az5") isFenced: false): Connection refused (os error 111)
[2026-06-17T19:07:58.613Z WARN  confluent_kafka::network_client] [Consumer clientId=consumer-perf, groupId=dz-rustc-1781723103] Error connecting to node b10-pkc-devcozvdmy.us-east-1.aws.devel.cpdev.cloud:9092 (id: 10 rack: Some("use1-az5") isFenced: false): Connection refused (os error 111)
[2026-06-17T19:07:58.614Z WARN  confluent_kafka::network_client] [Consumer clientId=consumer-perf, groupId=dz-rustc-1781723103] Error connecting to node b19-pkc-devcozvdmy.us-east-1.aws.devel.cpdev.cloud:9092 (id: 19 rack: Some("use1-az5") isFenced: false): Connection refused (os error 111)
[2026-06-17T19:07:58.615Z WARN  confluent_kafka::network_client] [Consumer clientId=consumer-perf, groupId=dz-rustc-1781723103] Error connecting to node b20-pkc-devcozvdmy.us-east-1.aws.devel.cpdev.cloud:9092 (id: 20 rack: Some("use1-az5") isFenced: false): Connection refused (os error 111)
[2026-06-17T19:07:58.616Z WARN  confluent_kafka::network_client] [Consumer clientId=consumer-perf, groupId=dz-rustc-1781723103] Error connecting to node b1-pkc-devcozvdmy.us-east-1.aws.devel.cpdev.cloud:9092 (id: 1 rack: Some("use1-az5") isFenced: false): Connection refused (os error 111)
[2026-06-17T19:07:58.616Z WARN  confluent_kafka::network_client] [Consumer clientId=consumer-perf, groupId=dz-rustc-1781723103] Error connecting to node b9-pkc-devcozvdmy.us-east-1.aws.devel.cpdev.cloud:9092 (id: 9 rack: Some("use1-az5") isFenced: false): Connection refused (os error 111)
[2026-06-17T19:07:58.617Z WARN  confluent_kafka::network_client] [Consumer clientId=consumer-perf, groupId=dz-rustc-1781723103] Error connecting to node b25-pkc-devcozvdmy.us-east-1.aws.devel.cpdev.cloud:9092 (id: 25 rack: Some("use1-az5") isFenced: false): Connection refused (os error 111)
[2026-06-17T19:07:58.618Z WARN  confluent_kafka::network_client] [Consumer clientId=consumer-perf, groupId=dz-rustc-1781723103] Error connecting to node b4-pkc-devcozvdmy.us-east-1.aws.devel.cpdev.cloud:9092 (id: 4 rack: Some("use1-az5") isFenced: false): Connection refused (os error 111)
[2026-06-17T19:07:58.620Z WARN  confluent_kafka::network_client] [Consumer clientId=consumer-perf, groupId=dz-rustc-1781723103] Error connecting to node b28-pkc-devcozvdmy.us-east-1.aws.devel.cpdev.cloud:9092 (id: 28 rack: Some("use1-az5") isFenced: false): Connection refused (os error 111)
[2026-06-17T19:07:58.621Z WARN  confluent_kafka::network_client] [Consumer clientId=consumer-perf, groupId=dz-rustc-1781723103] Error connecting to node b33-pkc-devcozvdmy.us-east-1.aws.devel.cpdev.cloud:9092 (id: 33 rack: Some("use1-az5") isFenced: false): Connection refused (os error 111)
[2026-06-17T19:07:58.622Z WARN  confluent_kafka::network_client] [Consumer clientId=consumer-perf, groupId=dz-rustc-1781723103] Error connecting to node b17-pkc-devcozvdmy.us-east-1.aws.devel.cpdev.cloud:9092 (id: 17 rack: Some("use1-az5") isFenced: false): Connection refused (os error 111)
[2026-06-17T19:07:58.623Z WARN  confluent_kafka::network_client] [Consumer clientId=consumer-perf, groupId=dz-rustc-1781723103] Error connecting to node b34-pkc-devcozvdmy.us-east-1.aws.devel.cpdev.cloud:9092 (id: 34 rack: Some("use1-az5") isFenced: false): Connection refused (os error 111)
[2026-06-17T19:07:58.624Z WARN  confluent_kafka::network_client] [Consumer clientId=consumer-perf, groupId=dz-rustc-1781723103] Error connecting to node b32-pkc-devcozvdmy.us-east-1.aws.devel.cpdev.cloud:9092 (id: 32 rack: Some("use1-az5") isFenced: false): Connection refused (os error 111)
[2026-06-17T19:07:58.625Z WARN  confluent_kafka::network_client] [Consumer clientId=consumer-perf, groupId=dz-rustc-1781723103] Error connecting to node b35-pkc-devcozvdmy.us-east-1.aws.devel.cpdev.cloud:9092 (id: 35 rack: Some("use1-az5") isFenced: false): Connection refused (os error 111)
[2026-06-17T19:07:58.626Z WARN  confluent_kafka::network_client] [Consumer clientId=consumer-perf, groupId=dz-rustc-1781723103] Error connecting to node b0-pkc-devcozvdmy.us-east-1.aws.devel.cpdev.cloud:9092 (id: 0 rack: Some("use1-az5") isFenced: false): Connection refused (os error 111)
[2026-06-17T19:07:58.627Z WARN  confluent_kafka::network_client] [Consumer clientId=consumer-perf, groupId=dz-rustc-1781723103] Error connecting to node b13-pkc-devcozvdmy.us-east-1.aws.devel.cpdev.cloud:9092 (id: 13 rack: Some("use1-az5") isFenced: false): Connection refused (os error 111)
[2026-06-17T19:07:58.839Z WARN  confluent_kafka::network_client] [Consumer clientId=consumer-perf, groupId=dz-rustc-1781723103] Error connecting to node b12-pkc-devcozvdmy.us-east-1.aws.devel.cpdev.cloud:9092 (id: 12 rack: Some("use1-az5") isFenced: false): Connection refused (os error 111)
[2026-06-17T19:07:59.117Z WARN  confluent_kafka::network_client] [Consumer clientId=consumer-perf, groupId=dz-rustc-1781723103] Error connecting to node b16-pkc-devcozvdmy.us-east-1.aws.devel.cpdev.cloud:9092 (id: 16 rack: Some("use1-az5") isFenced: false): Connection refused (os error 111)
[2026-06-17T19:07:59.118Z WARN  confluent_kafka::network_client] [Consumer clientId=consumer-perf, groupId=dz-rustc-1781723103] Error connecting to node b22-pkc-devcozvdmy.us-east-1.aws.devel.cpdev.cloud:9092 (id: 22 rack: Some("use1-az5") isFenced: false): Connection refused (os error 111)
[2026-06-17T19:07:59.119Z WARN  confluent_kafka::network_client] [Consumer clientId=consumer-perf, groupId=dz-rustc-1781723103] Error connecting to node b8-pkc-devcozvdmy.us-east-1.aws.devel.cpdev.cloud:9092 (id: 8 rack: Some("use1-az5") isFenced: false): Connection refused (os error 111)
[2026-06-17T19:07:59.120Z WARN  confluent_kafka::network_client] [Consumer clientId=consumer-perf, groupId=dz-rustc-1781723103] Error connecting to node b27-pkc-devcozvdmy.us-east-1.aws.devel.cpdev.cloud:9092 (id: 27 rack: Some("use1-az5") isFenced: false): Connection refused (os error 111)
[2026-06-17T19:07:59.121Z WARN  confluent_kafka::network_client] [Consumer clientId=consumer-perf, groupId=dz-rustc-1781723103] Error connecting to node b5-pkc-devcozvdmy.us-east-1.aws.devel.cpdev.cloud:9092 (id: 5 rack: Some("use1-az5") isFenced: false): Connection refused (os error 111)
[2026-06-17T19:07:59.122Z WARN  confluent_kafka::network_client] [Consumer clientId=consumer-perf, groupId=dz-rustc-1781723103] Error connecting to node b9-pkc-devcozvdmy.us-east-1.aws.devel.cpdev.cloud:9092 (id: 9 rack: Some("use1-az5") isFenced: false): Connection refused (os error 111)
[2026-06-17T19:07:59.123Z WARN  confluent_kafka::network_client] [Consumer clientId=consumer-perf, groupId=dz-rustc-1781723103] Error connecting to node b35-pkc-devcozvdmy.us-east-1.aws.devel.cpdev.cloud:9092 (id: 35 rack: Some("use1-az5") isFenced: false): Connection refused (os error 111)
[2026-06-17T19:07:59.124Z WARN  confluent_kafka::network_client] [Consumer clientId=consumer-perf, groupId=dz-rustc-1781723103] Error connecting to node b2-pkc-devcozvdmy.us-east-1.aws.devel.cpdev.cloud:9092 (id: 2 rack: Some("use1-az5") isFenced: false): Connection refused (os error 111)
[2026-06-17T19:07:59.125Z WARN  confluent_kafka::network_client] [Consumer clientId=consumer-perf, groupId=dz-rustc-1781723103] Error connecting to node b23-pkc-devcozvdmy.us-east-1.aws.devel.cpdev.cloud:9092 (id: 23 rack: Some("use1-az5") isFenced: false): Connection refused (os error 111)
[2026-06-17T19:07:59.126Z WARN  confluent_kafka::network_client] [Consumer clientId=consumer-perf, groupId=dz-rustc-1781723103] Error connecting to node b10-pkc-devcozvdmy.us-east-1.aws.devel.cpdev.cloud:9092 (id: 10 rack: Some("use1-az5") isFenced: false): Connection refused (os error 111)
[2026-06-17T19:07:59.127Z WARN  confluent_kafka::network_client] [Consumer clientId=consumer-perf, groupId=dz-rustc-1781723103] Error connecting to node b28-pkc-devcozvdmy.us-east-1.aws.devel.cpdev.cloud:9092 (id: 28 rack: Some("use1-az5") isFenced: false): Connection refused (os error 111)
[2026-06-17T19:07:59.128Z WARN  confluent_kafka::network_client] [Consumer clientId=consumer-perf, groupId=dz-rustc-1781723103] Error connecting to node b1-pkc-devcozvdmy.us-east-1.aws.devel.cpdev.cloud:9092 (id: 1 rack: Some("use1-az5") isFenced: false): Connection refused (os error 111)
[2026-06-17T19:07:59.128Z WARN  confluent_kafka::network_client] [Consumer clientId=consumer-perf, groupId=dz-rustc-1781723103] Error connecting to node b11-pkc-devcozvdmy.us-east-1.aws.devel.cpdev.cloud:9092 (id: 11 rack: Some("use1-az5") isFenced: false): Connection refused (os error 111)
[2026-06-17T19:07:59.130Z WARN  confluent_kafka::network_client] [Consumer clientId=consumer-perf, groupId=dz-rustc-1781723103] Error connecting to node b26-pkc-devcozvdmy.us-east-1.aws.devel.cpdev.cloud:9092 (id: 26 rack: Some("use1-az5") isFenced: false): Connection refused (os error 111)
[2026-06-17T19:07:59.131Z WARN  confluent_kafka::network_client] [Consumer clientId=consumer-perf, groupId=dz-rustc-1781723103] Error connecting to node b30-pkc-devcozvdmy.us-east-1.aws.devel.cpdev.cloud:9092 (id: 30 rack: Some("use1-az5") isFenced: false): Connection refused (os error 111)
[2026-06-17T19:07:59.133Z WARN  confluent_kafka::network_client] [Consumer clientId=consumer-perf, groupId=dz-rustc-1781723103] Error connecting to node b25-pkc-devcozvdmy.us-east-1.aws.devel.cpdev.cloud:9092 (id: 25 rack: Some("use1-az5") isFenced: false): Connection refused (os error 111)
[2026-06-17T19:07:59.134Z WARN  confluent_kafka::network_client] [Consumer clientId=consumer-perf, groupId=dz-rustc-1781723103] Error connecting to node b32-pkc-devcozvdmy.us-east-1.aws.devel.cpdev.cloud:9092 (id: 32 rack: Some("use1-az5") isFenced: false): Connection refused (os error 111)
[2026-06-17T19:07:59.135Z WARN  confluent_kafka::network_client] [Consumer clientId=consumer-perf, groupId=dz-rustc-1781723103] Error connecting to node b15-pkc-devcozvdmy.us-east-1.aws.devel.cpdev.cloud:9092 (id: 15 rack: Some("use1-az5") isFenced: false): Connection refused (os error 111)
[2026-06-17T19:07:59.136Z WARN  confluent_kafka::network_client] [Consumer clientId=consumer-perf, groupId=dz-rustc-1781723103] Error connecting to node b0-pkc-devcozvdmy.us-east-1.aws.devel.cpdev.cloud:9092 (id: 0 rack: Some("use1-az5") isFenced: false): Connection refused (os error 111)
[2026-06-17T19:07:59.136Z WARN  confluent_kafka::network_client] [Consumer clientId=consumer-perf, groupId=dz-rustc-1781723103] Error connecting to node b13-pkc-devcozvdmy.us-east-1.aws.devel.cpdev.cloud:9092 (id: 13 rack: Some("use1-az5") isFenced: false): Connection refused (os error 111)
[2026-06-17T19:07:59.138Z WARN  confluent_kafka::network_client] [Consumer clientId=consumer-perf, groupId=dz-rustc-1781723103] Error connecting to node b34-pkc-devcozvdmy.us-east-1.aws.devel.cpdev.cloud:9092 (id: 34 rack: Some("use1-az5") isFenced: false): Connection refused (os error 111)
[2026-06-17T19:07:59.139Z WARN  confluent_kafka::network_client] [Consumer clientId=consumer-perf, groupId=dz-rustc-1781723103] Error connecting to node b17-pkc-devcozvdmy.us-east-1.aws.devel.cpdev.cloud:9092 (id: 17 rack: Some("use1-az5") isFenced: false): Connection refused (os error 111)
[2026-06-17T19:07:59.140Z WARN  confluent_kafka::network_client] [Consumer clientId=consumer-perf, groupId=dz-rustc-1781723103] Error connecting to node b31-pkc-devcozvdmy.us-east-1.aws.devel.cpdev.cloud:9092 (id: 31 rack: Some("use1-az5") isFenced: false): Connection refused (os error 111)
[2026-06-17T19:07:59.141Z WARN  confluent_kafka::network_client] [Consumer clientId=consumer-perf, groupId=dz-rustc-1781723103] Error connecting to node b24-pkc-devcozvdmy.us-east-1.aws.devel.cpdev.cloud:9092 (id: 24 rack: Some("use1-az5") isFenced: false): Connection refused (os error 111)
[2026-06-17T19:07:59.141Z WARN  confluent_kafka::network_client] [Consumer clientId=consumer-perf, groupId=dz-rustc-1781723103] Error connecting to node b19-pkc-devcozvdmy.us-east-1.aws.devel.cpdev.cloud:9092 (id: 19 rack: Some("use1-az5") isFenced: false): Connection refused (os error 111)
[2026-06-17T19:07:59.142Z WARN  confluent_kafka::network_client] [Consumer clientId=consumer-perf, groupId=dz-rustc-1781723103] Error connecting to node b14-pkc-devcozvdmy.us-east-1.aws.devel.cpdev.cloud:9092 (id: 14 rack: Some("use1-az5") isFenced: false): Connection refused (os error 111)
[2026-06-17T19:07:59.143Z WARN  confluent_kafka::network_client] [Consumer clientId=consumer-perf, groupId=dz-rustc-1781723103] Error connecting to node b7-pkc-devcozvdmy.us-east-1.aws.devel.cpdev.cloud:9092 (id: 7 rack: Some("use1-az5") isFenced: false): Connection refused (os error 111)
[2026-06-17T19:07:59.144Z WARN  confluent_kafka::network_client] [Consumer clientId=consumer-perf, groupId=dz-rustc-1781723103] Error connecting to node b12-pkc-devcozvdmy.us-east-1.aws.devel.cpdev.cloud:9092 (id: 12 rack: Some("use1-az5") isFenced: false): Connection refused (os error 111)
[2026-06-17T19:07:59.145Z WARN  confluent_kafka::network_client] [Consumer clientId=consumer-perf, groupId=dz-rustc-1781723103] Error connecting to node b20-pkc-devcozvdmy.us-east-1.aws.devel.cpdev.cloud:9092 (id: 20 rack: Some("use1-az5") isFenced: false): Connection refused (os error 111)
[2026-06-17T19:07:59.146Z WARN  confluent_kafka::network_client] [Consumer clientId=consumer-perf, groupId=dz-rustc-1781723103] Error connecting to node b3-pkc-devcozvdmy.us-east-1.aws.devel.cpdev.cloud:9092 (id: 3 rack: Some("use1-az5") isFenced: false): Connection refused (os error 111)
[2026-06-17T19:07:59.147Z WARN  confluent_kafka::network_client] [Consumer clientId=consumer-perf, groupId=dz-rustc-1781723103] Error connecting to node b29-pkc-devcozvdmy.us-east-1.aws.devel.cpdev.cloud:9092 (id: 29 rack: Some("use1-az5") isFenced: false): Connection refused (os error 111)
[2026-06-17T19:07:59.148Z WARN  confluent_kafka::network_client] [Consumer clientId=consumer-perf, groupId=dz-rustc-1781723103] Error connecting to node b33-pkc-devcozvdmy.us-east-1.aws.devel.cpdev.cloud:9092 (id: 33 rack: Some("use1-az5") isFenced: false): Connection refused (os error 111)
[2026-06-17T19:07:59.149Z WARN  confluent_kafka::network_client] [Consumer clientId=consumer-perf, groupId=dz-rustc-1781723103] Error connecting to node b21-pkc-devcozvdmy.us-east-1.aws.devel.cpdev.cloud:9092 (id: 21 rack: Some("use1-az5") isFenced: false): Connection refused (os error 111)
[2026-06-17T19:07:59.150Z WARN  confluent_kafka::network_client] [Consumer clientId=consumer-perf, groupId=dz-rustc-1781723103] Error connecting to node b18-pkc-devcozvdmy.us-east-1.aws.devel.cpdev.cloud:9092 (id: 18 rack: Some("use1-az5") isFenced: false): Connection refused (os error 111)
[2026-06-17T19:07:59.151Z WARN  confluent_kafka::network_client] [Consumer clientId=consumer-perf, groupId=dz-rustc-1781723103] Error connecting to node b4-pkc-devcozvdmy.us-east-1.aws.devel.cpdev.cloud:9092 (id: 4 rack: Some("use1-az5") isFenced: false): Connection refused (os error 111)
[2026-06-17T19:07:59.152Z WARN  confluent_kafka::network_client] [Consumer clientId=consumer-perf, groupId=dz-rustc-1781723103] Error connecting to node b6-pkc-devcozvdmy.us-east-1.aws.devel.cpdev.cloud:9092 (id: 6 rack: Some("use1-az5") isFenced: false): Connection refused (os error 111)
[2026-06-17T19:07:59.618Z WARN  confluent_kafka::network_client] [Consumer clientId=consumer-perf, groupId=dz-rustc-1781723103] Error connecting to node b24-pkc-devcozvdmy.us-east-1.aws.devel.cpdev.cloud:9092 (id: 24 rack: Some("use1-az5") isFenced: false): Connection refused (os error 111)
[2026-06-17T19:07:59.619Z WARN  confluent_kafka::network_client] [Consumer clientId=consumer-perf, groupId=dz-rustc-1781723103] Error connecting to node b29-pkc-devcozvdmy.us-east-1.aws.devel.cpdev.cloud:9092 (id: 29 rack: Some("use1-az5") isFenced: false): Connection refused (os error 111)
[2026-06-17T19:07:59.624Z WARN  confluent_kafka::network_client] [Consumer clientId=consumer-perf, groupId=dz-rustc-1781723103] Error connecting to node b18-pkc-devcozvdmy.us-east-1.aws.devel.cpdev.cloud:9092 (id: 18 rack: Some("use1-az5") isFenced: false): Connection refused (os error 111)
[2026-06-17T19:07:59.626Z WARN  confluent_kafka::network_client] [Consumer clientId=consumer-perf, groupId=dz-rustc-1781723103] Error connecting to node b2-pkc-devcozvdmy.us-east-1.aws.devel.cpdev.cloud:9092 (id: 2 rack: Some("use1-az5") isFenced: false): Connection refused (os error 111)
[2026-06-17T19:07:59.627Z WARN  confluent_kafka::network_client] [Consumer clientId=consumer-perf, groupId=dz-rustc-1781723103] Error connecting to node b7-pkc-devcozvdmy.us-east-1.aws.devel.cpdev.cloud:9092 (id: 7 rack: Some("use1-az5") isFenced: false): Connection refused (os error 111)
[2026-06-17T19:07:59.628Z WARN  confluent_kafka::network_client] [Consumer clientId=consumer-perf, groupId=dz-rustc-1781723103] Error connecting to node b21-pkc-devcozvdmy.us-east-1.aws.devel.cpdev.cloud:9092 (id: 21 rack: Some("use1-az5") isFenced: false): Connection refused (os error 111)
[2026-06-17T19:07:59.629Z WARN  confluent_kafka::network_client] [Consumer clientId=consumer-perf, groupId=dz-rustc-1781723103] Error connecting to node b5-pkc-devcozvdmy.us-east-1.aws.devel.cpdev.cloud:9092 (id: 5 rack: Some("use1-az5") isFenced: false): Connection refused (os error 111)
[2026-06-17T19:07:59.630Z WARN  confluent_kafka::network_client] [Consumer clientId=consumer-perf, groupId=dz-rustc-1781723103] Error connecting to node b32-pkc-devcozvdmy.us-east-1.aws.devel.cpdev.cloud:9092 (id: 32 rack: Some("use1-az5") isFenced: false): Connection refused (os error 111)
[2026-06-17T19:07:59.631Z WARN  confluent_kafka::network_client] [Consumer clientId=consumer-perf, groupId=dz-rustc-1781723103] Error connecting to node b31-pkc-devcozvdmy.us-east-1.aws.devel.cpdev.cloud:9092 (id: 31 rack: Some("use1-az5") isFenced: false): Connection refused (os error 111)
[2026-06-17T19:07:59.633Z WARN  confluent_kafka::network_client] [Consumer clientId=consumer-perf, groupId=dz-rustc-1781723103] Error connecting to node b35-pkc-devcozvdmy.us-east-1.aws.devel.cpdev.cloud:9092 (id: 35 rack: Some("use1-az5") isFenced: false): Connection refused (os error 111)
[2026-06-17T19:07:59.634Z WARN  confluent_kafka::network_client] [Consumer clientId=consumer-perf, groupId=dz-rustc-1781723103] Error connecting to node b20-pkc-devcozvdmy.us-east-1.aws.devel.cpdev.cloud:9092 (id: 20 rack: Some("use1-az5") isFenced: false): Connection refused (os error 111)
[2026-06-17T19:07:59.635Z WARN  confluent_kafka::network_client] [Consumer clientId=consumer-perf, groupId=dz-rustc-1781723103] Error connecting to node b1-pkc-devcozvdmy.us-east-1.aws.devel.cpdev.cloud:9092 (id: 1 rack: Some("use1-az5") isFenced: false): Connection refused (os error 111)
[2026-06-17T19:07:59.636Z WARN  confluent_kafka::network_client] [Consumer clientId=consumer-perf, groupId=dz-rustc-1781723103] Error connecting to node b28-pkc-devcozvdmy.us-east-1.aws.devel.cpdev.cloud:9092 (id: 28 rack: Some("use1-az5") isFenced: false): Connection refused (os error 111)
[2026-06-17T19:07:59.637Z WARN  confluent_kafka::network_client] [Consumer clientId=consumer-perf, groupId=dz-rustc-1781723103] Error connecting to node b10-pkc-devcozvdmy.us-east-1.aws.devel.cpdev.cloud:9092 (id: 10 rack: Some("use1-az5") isFenced: false): Connection refused (os error 111)
[2026-06-17T19:07:59.638Z WARN  confluent_kafka::network_client] [Consumer clientId=consumer-perf, groupId=dz-rustc-1781723103] Error connecting to node b4-pkc-devcozvdmy.us-east-1.aws.devel.cpdev.cloud:9092 (id: 4 rack: Some("use1-az5") isFenced: false): Connection refused (os error 111)
[2026-06-17T19:07:59.640Z WARN  confluent_kafka::network_client] [Consumer clientId=consumer-perf, groupId=dz-rustc-1781723103] Error connecting to node b25-pkc-devcozvdmy.us-east-1.aws.devel.cpdev.cloud:9092 (id: 25 rack: Some("use1-az5") isFenced: false): Connection refused (os error 111)
[2026-06-17T19:07:59.641Z WARN  confluent_kafka::network_client] [Consumer clientId=consumer-perf, groupId=dz-rustc-1781723103] Error connecting to node b15-pkc-devcozvdmy.us-east-1.aws.devel.cpdev.cloud:9092 (id: 15 rack: Some("use1-az5") isFenced: false): Connection refused (os error 111)
[2026-06-17T19:07:59.642Z WARN  confluent_kafka::network_client] [Consumer clientId=consumer-perf, groupId=dz-rustc-1781723103] Error connecting to node b17-pkc-devcozvdmy.us-east-1.aws.devel.cpdev.cloud:9092 (id: 17 rack: Some("use1-az5") isFenced: false): Connection refused (os error 111)
[2026-06-17T19:07:59.643Z WARN  confluent_kafka::network_client] [Consumer clientId=consumer-perf, groupId=dz-rustc-1781723103] Error connecting to node b34-pkc-devcozvdmy.us-east-1.aws.devel.cpdev.cloud:9092 (id: 34 rack: Some("use1-az5") isFenced: false): Connection refused (os error 111)
[2026-06-17T19:07:59.644Z WARN  confluent_kafka::network_client] [Consumer clientId=consumer-perf, groupId=dz-rustc-1781723103] Error connecting to node b9-pkc-devcozvdmy.us-east-1.aws.devel.cpdev.cloud:9092 (id: 9 rack: Some("use1-az5") isFenced: false): Connection refused (os error 111)
[2026-06-17T19:07:59.645Z WARN  confluent_kafka::network_client] [Consumer clientId=consumer-perf, groupId=dz-rustc-1781723103] Error connecting to node b12-pkc-devcozvdmy.us-east-1.aws.devel.cpdev.cloud:9092 (id: 12 rack: Some("use1-az5") isFenced: false): Connection refused (os error 111)
[2026-06-17T19:07:59.646Z WARN  confluent_kafka::network_client] [Consumer clientId=consumer-perf, groupId=dz-rustc-1781723103] Error connecting to node b16-pkc-devcozvdmy.us-east-1.aws.devel.cpdev.cloud:9092 (id: 16 rack: Some("use1-az5") isFenced: false): Connection refused (os error 111)
[2026-06-17T19:07:59.647Z WARN  confluent_kafka::network_client] [Consumer clientId=consumer-perf, groupId=dz-rustc-1781723103] Error connecting to node b27-pkc-devcozvdmy.us-east-1.aws.devel.cpdev.cloud:9092 (id: 27 rack: Some("use1-az5") isFenced: false): Connection refused (os error 111)
[2026-06-17T19:07:59.648Z WARN  confluent_kafka::network_client] [Consumer clientId=consumer-perf, groupId=dz-rustc-1781723103] Error connecting to node b3-pkc-devcozvdmy.us-east-1.aws.devel.cpdev.cloud:9092 (id: 3 rack: Some("use1-az5") isFenced: false): Connection refused (os error 111)
[2026-06-17T19:07:59.649Z WARN  confluent_kafka::network_client] [Consumer clientId=consumer-perf, groupId=dz-rustc-1781723103] Error connecting to node b6-pkc-devcozvdmy.us-east-1.aws.devel.cpdev.cloud:9092 (id: 6 rack: Some("use1-az5") isFenced: false): Connection refused (os error 111)
[2026-06-17T19:07:59.650Z WARN  confluent_kafka::network_client] [Consumer clientId=consumer-perf, groupId=dz-rustc-1781723103] Error connecting to node b33-pkc-devcozvdmy.us-east-1.aws.devel.cpdev.cloud:9092 (id: 33 rack: Some("use1-az5") isFenced: false): Connection refused (os error 111)
[2026-06-17T19:07:59.651Z WARN  confluent_kafka::network_client] [Consumer clientId=consumer-perf, groupId=dz-rustc-1781723103] Error connecting to node b23-pkc-devcozvdmy.us-east-1.aws.devel.cpdev.cloud:9092 (id: 23 rack: Some("use1-az5") isFenced: false): Connection refused (os error 111)
[2026-06-17T19:07:59.652Z WARN  confluent_kafka::network_client] [Consumer clientId=consumer-perf, groupId=dz-rustc-1781723103] Error connecting to node b26-pkc-devcozvdmy.us-east-1.aws.devel.cpdev.cloud:9092 (id: 26 rack: Some("use1-az5") isFenced: false): Connection refused (os error 111)
[2026-06-17T19:07:59.652Z WARN  confluent_kafka::network_client] [Consumer clientId=consumer-perf, groupId=dz-rustc-1781723103] Error connecting to node b14-pkc-devcozvdmy.us-east-1.aws.devel.cpdev.cloud:9092 (id: 14 rack: Some("use1-az5") isFenced: false): Connection refused (os error 111)
[2026-06-17T19:07:59.653Z WARN  confluent_kafka::network_client] [Consumer clientId=consumer-perf, groupId=dz-rustc-1781723103] Error connecting to node b0-pkc-devcozvdmy.us-east-1.aws.devel.cpdev.cloud:9092 (id: 0 rack: Some("use1-az5") isFenced: false): Connection refused (os error 111)
[2026-06-17T19:07:59.654Z WARN  confluent_kafka::network_client] [Consumer clientId=consumer-perf, groupId=dz-rustc-1781723103] Error connecting to node b22-pkc-devcozvdmy.us-east-1.aws.devel.cpdev.cloud:9092 (id: 22 rack: Some("use1-az5") isFenced: false): Connection refused (os error 111)
[2026-06-17T19:07:59.655Z WARN  confluent_kafka::network_client] [Consumer clientId=consumer-perf, groupId=dz-rustc-1781723103] Error connecting to node b8-pkc-devcozvdmy.us-east-1.aws.devel.cpdev.cloud:9092 (id: 8 rack: Some("use1-az5") isFenced: false): Connection refused (os error 111)
[2026-06-17T19:07:59.656Z WARN  confluent_kafka::network_client] [Consumer clientId=consumer-perf, groupId=dz-rustc-1781723103] Error connecting to node b30-pkc-devcozvdmy.us-east-1.aws.devel.cpdev.cloud:9092 (id: 30 rack: Some("use1-az5") isFenced: false): Connection refused (os error 111)
[2026-06-17T19:07:59.657Z WARN  confluent_kafka::network_client] [Consumer clientId=consumer-perf, groupId=dz-rustc-1781723103] Error connecting to node b11-pkc-devcozvdmy.us-east-1.aws.devel.cpdev.cloud:9092 (id: 11 rack: Some("use1-az5") isFenced: false): Connection refused (os error 111)
[2026-06-17T19:07:59.658Z WARN  confluent_kafka::network_client] [Consumer clientId=consumer-perf, groupId=dz-rustc-1781723103] Error connecting to node b13-pkc-devcozvdmy.us-east-1.aws.devel.cpdev.cloud:9092 (id: 13 rack: Some("use1-az5") isFenced: false): Connection refused (os error 111)
[2026-06-17T19:07:59.659Z WARN  confluent_kafka::network_client] [Consumer clientId=consumer-perf, groupId=dz-rustc-1781723103] Error connecting to node b19-pkc-devcozvdmy.us-east-1.aws.devel.cpdev.cloud:9092 (id: 19 rack: Some("use1-az5") isFenced: false): Connection refused (os error 111)
[2026-06-17T19:08:00.120Z WARN  confluent_kafka::network_client] [Consumer clientId=consumer-perf, groupId=dz-rustc-1781723103] Error connecting to node b16-pkc-devcozvdmy.us-east-1.aws.devel.cpdev.cloud:9092 (id: 16 rack: Some("use1-az5") isFenced: false): Connection refused (os error 111)
[2026-06-17T19:08:00.121Z WARN  confluent_kafka::network_client] [Consumer clientId=consumer-perf, groupId=dz-rustc-1781723103] Error connecting to node b31-pkc-devcozvdmy.us-east-1.aws.devel.cpdev.cloud:9092 (id: 31 rack: Some("use1-az5") isFenced: false): Connection refused (os error 111)
[2026-06-17T19:08:00.122Z WARN  confluent_kafka::network_client] [Consumer clientId=consumer-perf, groupId=dz-rustc-1781723103] Error connecting to node b25-pkc-devcozvdmy.us-east-1.aws.devel.cpdev.cloud:9092 (id: 25 rack: Some("use1-az5") isFenced: false): Connection refused (os error 111)
[2026-06-17T19:08:00.123Z WARN  confluent_kafka::network_client] [Consumer clientId=consumer-perf, groupId=dz-rustc-1781723103] Error connecting to node b24-pkc-devcozvdmy.us-east-1.aws.devel.cpdev.cloud:9092 (id: 24 rack: Some("use1-az5") isFenced: false): Connection refused (os error 111)
[2026-06-17T19:08:00.124Z WARN  confluent_kafka::network_client] [Consumer clientId=consumer-perf, groupId=dz-rustc-1781723103] Error connecting to node b18-pkc-devcozvdmy.us-east-1.aws.devel.cpdev.cloud:9092 (id: 18 rack: Some("use1-az5") isFenced: false): Connection refused (os error 111)
[2026-06-17T19:08:00.125Z WARN  confluent_kafka::network_client] [Consumer clientId=consumer-perf, groupId=dz-rustc-1781723103] Error connecting to node b14-pkc-devcozvdmy.us-east-1.aws.devel.cpdev.cloud:9092 (id: 14 rack: Some("use1-az5") isFenced: false): Connection refused (os error 111)
[2026-06-17T19:08:00.126Z WARN  confluent_kafka::network_client] [Consumer clientId=consumer-perf, groupId=dz-rustc-1781723103] Error connecting to node b3-pkc-devcozvdmy.us-east-1.aws.devel.cpdev.cloud:9092 (id: 3 rack: Some("use1-az5") isFenced: false): Connection refused (os error 111)
[2026-06-17T19:08:00.127Z WARN  confluent_kafka::network_client] [Consumer clientId=consumer-perf, groupId=dz-rustc-1781723103] Error connecting to node b34-pkc-devcozvdmy.us-east-1.aws.devel.cpdev.cloud:9092 (id: 34 rack: Some("use1-az5") isFenced: false): Connection refused (os error 111)
[2026-06-17T19:08:00.128Z WARN  confluent_kafka::network_client] [Consumer clientId=consumer-perf, groupId=dz-rustc-1781723103] Error connecting to node b30-pkc-devcozvdmy.us-east-1.aws.devel.cpdev.cloud:9092 (id: 30 rack: Some("use1-az5") isFenced: false): Connection refused (os error 111)
[2026-06-17T19:08:00.129Z WARN  confluent_kafka::network_client] [Consumer clientId=consumer-perf, groupId=dz-rustc-1781723103] Error connecting to node b10-pkc-devcozvdmy.us-east-1.aws.devel.cpdev.cloud:9092 (id: 10 rack: Some("use1-az5") isFenced: false): Connection refused (os error 111)
[2026-06-17T19:08:00.130Z WARN  confluent_kafka::network_client] [Consumer clientId=consumer-perf, groupId=dz-rustc-1781723103] Error connecting to node b28-pkc-devcozvdmy.us-east-1.aws.devel.cpdev.cloud:9092 (id: 28 rack: Some("use1-az5") isFenced: false): Connection refused (os error 111)
[2026-06-17T19:08:00.131Z WARN  confluent_kafka::network_client] [Consumer clientId=consumer-perf, groupId=dz-rustc-1781723103] Error connecting to node b0-pkc-devcozvdmy.us-east-1.aws.devel.cpdev.cloud:9092 (id: 0 rack: Some("use1-az5") isFenced: false): Connection refused (os error 111)
[2026-06-17T19:08:00.132Z WARN  confluent_kafka::network_client] [Consumer clientId=consumer-perf, groupId=dz-rustc-1781723103] Error connecting to node b5-pkc-devcozvdmy.us-east-1.aws.devel.cpdev.cloud:9092 (id: 5 rack: Some("use1-az5") isFenced: false): Connection refused (os error 111)
[2026-06-17T19:08:00.133Z WARN  confluent_kafka::network_client] [Consumer clientId=consumer-perf, groupId=dz-rustc-1781723103] Error connecting to node b8-pkc-devcozvdmy.us-east-1.aws.devel.cpdev.cloud:9092 (id: 8 rack: Some("use1-az5") isFenced: false): Connection refused (os error 111)
[2026-06-17T19:08:00.134Z WARN  confluent_kafka::network_client] [Consumer clientId=consumer-perf, groupId=dz-rustc-1781723103] Error connecting to node b17-pkc-devcozvdmy.us-east-1.aws.devel.cpdev.cloud:9092 (id: 17 rack: Some("use1-az5") isFenced: false): Connection refused (os error 111)
[2026-06-17T19:08:00.135Z WARN  confluent_kafka::network_client] [Consumer clientId=consumer-perf, groupId=dz-rustc-1781723103] Error connecting to node b11-pkc-devcozvdmy.us-east-1.aws.devel.cpdev.cloud:9092 (id: 11 rack: Some("use1-az5") isFenced: false): Connection refused (os error 111)
[2026-06-17T19:08:00.136Z WARN  confluent_kafka::network_client] [Consumer clientId=consumer-perf, groupId=dz-rustc-1781723103] Error connecting to node b32-pkc-devcozvdmy.us-east-1.aws.devel.cpdev.cloud:9092 (id: 32 rack: Some("use1-az5") isFenced: false): Connection refused (os error 111)
[2026-06-17T19:08:00.137Z WARN  confluent_kafka::network_client] [Consumer clientId=consumer-perf, groupId=dz-rustc-1781723103] Error connecting to node b27-pkc-devcozvdmy.us-east-1.aws.devel.cpdev.cloud:9092 (id: 27 rack: Some("use1-az5") isFenced: false): Connection refused (os error 111)
[2026-06-17T19:08:00.138Z WARN  confluent_kafka::network_client] [Consumer clientId=consumer-perf, groupId=dz-rustc-1781723103] Error connecting to node b22-pkc-devcozvdmy.us-east-1.aws.devel.cpdev.cloud:9092 (id: 22 rack: Some("use1-az5") isFenced: false): Connection refused (os error 111)
[2026-06-17T19:08:00.139Z WARN  confluent_kafka::network_client] [Consumer clientId=consumer-perf, groupId=dz-rustc-1781723103] Error connecting to node b35-pkc-devcozvdmy.us-east-1.aws.devel.cpdev.cloud:9092 (id: 35 rack: Some("use1-az5") isFenced: false): Connection refused (os error 111)
[2026-06-17T19:08:00.140Z WARN  confluent_kafka::network_client] [Consumer clientId=consumer-perf, groupId=dz-rustc-1781723103] Error connecting to node b9-pkc-devcozvdmy.us-east-1.aws.devel.cpdev.cloud:9092 (id: 9 rack: Some("use1-az5") isFenced: false): Connection refused (os error 111)
[2026-06-17T19:08:00.141Z WARN  confluent_kafka::network_client] [Consumer clientId=consumer-perf, groupId=dz-rustc-1781723103] Error connecting to node b33-pkc-devcozvdmy.us-east-1.aws.devel.cpdev.cloud:9092 (id: 33 rack: Some("use1-az5") isFenced: false): Connection refused (os error 111)
[2026-06-17T19:08:00.142Z WARN  confluent_kafka::network_client] [Consumer clientId=consumer-perf, groupId=dz-rustc-1781723103] Error connecting to node b29-pkc-devcozvdmy.us-east-1.aws.devel.cpdev.cloud:9092 (id: 29 rack: Some("use1-az5") isFenced: false): Connection refused (os error 111)
[2026-06-17T19:08:00.143Z WARN  confluent_kafka::network_client] [Consumer clientId=consumer-perf, groupId=dz-rustc-1781723103] Error connecting to node b26-pkc-devcozvdmy.us-east-1.aws.devel.cpdev.cloud:9092 (id: 26 rack: Some("use1-az5") isFenced: false): Connection refused (os error 111)
[2026-06-17T19:08:00.144Z WARN  confluent_kafka::network_client] [Consumer clientId=consumer-perf, groupId=dz-rustc-1781723103] Error connecting to node b4-pkc-devcozvdmy.us-east-1.aws.devel.cpdev.cloud:9092 (id: 4 rack: Some("use1-az5") isFenced: false): Connection refused (os error 111)
[2026-06-17T19:08:00.145Z WARN  confluent_kafka::network_client] [Consumer clientId=consumer-perf, groupId=dz-rustc-1781723103] Error connecting to node b19-pkc-devcozvdmy.us-east-1.aws.devel.cpdev.cloud:9092 (id: 19 rack: Some("use1-az5") isFenced: false): Connection refused (os error 111)
[2026-06-17T19:08:00.146Z WARN  confluent_kafka::network_client] [Consumer clientId=consumer-perf, groupId=dz-rustc-1781723103] Error connecting to node b1-pkc-devcozvdmy.us-east-1.aws.devel.cpdev.cloud:9092 (id: 1 rack: Some("use1-az5") isFenced: false): Connection refused (os error 111)
[2026-06-17T19:08:00.147Z WARN  confluent_kafka::network_client] [Consumer clientId=consumer-perf, groupId=dz-rustc-1781723103] Error connecting to node b15-pkc-devcozvdmy.us-east-1.aws.devel.cpdev.cloud:9092 (id: 15 rack: Some("use1-az5") isFenced: false): Connection refused (os error 111)
[2026-06-17T19:08:00.148Z WARN  confluent_kafka::network_client] [Consumer clientId=consumer-perf, groupId=dz-rustc-1781723103] Error connecting to node b7-pkc-devcozvdmy.us-east-1.aws.devel.cpdev.cloud:9092 (id: 7 rack: Some("use1-az5") isFenced: false): Connection refused (os error 111)
[2026-06-17T19:08:00.150Z WARN  confluent_kafka::network_client] [Consumer clientId=consumer-perf, groupId=dz-rustc-1781723103] Error connecting to node b20-pkc-devcozvdmy.us-east-1.aws.devel.cpdev.cloud:9092 (id: 20 rack: Some("use1-az5") isFenced: false): Connection refused (os error 111)
[2026-06-17T19:08:00.151Z WARN  confluent_kafka::network_client] [Consumer clientId=consumer-perf, groupId=dz-rustc-1781723103] Error connecting to node b13-pkc-devcozvdmy.us-east-1.aws.devel.cpdev.cloud:9092 (id: 13 rack: Some("use1-az5") isFenced: false): Connection refused (os error 111)
[2026-06-17T19:08:00.153Z WARN  confluent_kafka::network_client] [Consumer clientId=consumer-perf, groupId=dz-rustc-1781723103] Error connecting to node b21-pkc-devcozvdmy.us-east-1.aws.devel.cpdev.cloud:9092 (id: 21 rack: Some("use1-az5") isFenced: false): Connection refused (os error 111)
[2026-06-17T19:08:00.154Z WARN  confluent_kafka::network_client] [Consumer clientId=consumer-perf, groupId=dz-rustc-1781723103] Error connecting to node b2-pkc-devcozvdmy.us-east-1.aws.devel.cpdev.cloud:9092 (id: 2 rack: Some("use1-az5") isFenced: false): Connection refused (os error 111)
[2026-06-17T19:08:00.155Z WARN  confluent_kafka::network_client] [Consumer clientId=consumer-perf, groupId=dz-rustc-1781723103] Error connecting to node b23-pkc-devcozvdmy.us-east-1.aws.devel.cpdev.cloud:9092 (id: 23 rack: Some("use1-az5") isFenced: false): Connection refused (os error 111)
[2026-06-17T19:08:00.156Z WARN  confluent_kafka::network_client] [Consumer clientId=consumer-perf, groupId=dz-rustc-1781723103] Error connecting to node b6-pkc-devcozvdmy.us-east-1.aws.devel.cpdev.cloud:9092 (id: 6 rack: Some("use1-az5") isFenced: false): Connection refused (os error 111)
[2026-06-17T19:08:00.294Z WARN  confluent_kafka::network_client] [Consumer clientId=consumer-perf, groupId=dz-rustc-1781723103] Error connecting to node b12-pkc-devcozvdmy.us-east-1.aws.devel.cpdev.cloud:9092 (id: 12 rack: Some("use1-az5") isFenced: false): Connection refused (os error 111)
[2026-06-17T19:08:00.458Z WARN  confluent_kafka::network_client] [Consumer clientId=consumer-perf, groupId=dz-rustc-1781723103] Error connecting to node b22-pkc-devcozvdmy.us-east-1.aws.devel.cpdev.cloud:9092 (id: 22 rack: Some("use1-az5") isFenced: false): Connection refused (os error 111)
[2026-06-17T19:08:00.501Z WARN  confluent_kafka::network_client] [Consumer clientId=consumer-perf, groupId=dz-rustc-1781723103] Error connecting to node b11-pkc-devcozvdmy.us-east-1.aws.devel.cpdev.cloud:9092 (id: 11 rack: Some("use1-az5") isFenced: false): Connection refused (os error 111)
[2026-06-17T19:08:00.536Z WARN  confluent_kafka::network_client] [Consumer clientId=consumer-perf, groupId=dz-rustc-1781723103] Error connecting to node b24-pkc-devcozvdmy.us-east-1.aws.devel.cpdev.cloud:9092 (id: 24 rack: Some("use1-az5") isFenced: false): Connection refused (os error 111)
[2026-06-17T19:08:00.547Z WARN  confluent_kafka::network_client] [Consumer clientId=consumer-perf, groupId=dz-rustc-1781723103] Error connecting to node b18-pkc-devcozvdmy.us-east-1.aws.devel.cpdev.cloud:9092 (id: 18 rack: Some("use1-az5") isFenced: false): Connection refused (os error 111)
[2026-06-17T19:08:00.569Z WARN  confluent_kafka::network_client] [Consumer clientId=consumer-perf, groupId=dz-rustc-1781723103] Error connecting to node b6-pkc-devcozvdmy.us-east-1.aws.devel.cpdev.cloud:9092 (id: 6 rack: Some("use1-az5") isFenced: false): Connection refused (os error 111)
[2026-06-17T19:08:00.576Z WARN  confluent_kafka::network_client] [Consumer clientId=consumer-perf, groupId=dz-rustc-1781723103] Error connecting to node b15-pkc-devcozvdmy.us-east-1.aws.devel.cpdev.cloud:9092 (id: 15 rack: Some("use1-az5") isFenced: false): Connection refused (os error 111)
[2026-06-17T19:08:00.778Z WARN  confluent_kafka::network_client] [Consumer clientId=consumer-perf, groupId=dz-rustc-1781723103] Error connecting to node b21-pkc-devcozvdmy.us-east-1.aws.devel.cpdev.cloud:9092 (id: 21 rack: Some("use1-az5") isFenced: false): Connection refused (os error 111)
[2026-06-17T19:08:00.793Z WARN  confluent_kafka::network_client] [Consumer clientId=consumer-perf, groupId=dz-rustc-1781723103] Error connecting to node b26-pkc-devcozvdmy.us-east-1.aws.devel.cpdev.cloud:9092 (id: 26 rack: Some("use1-az5") isFenced: false): Connection refused (os error 111)
[2026-06-17T19:08:00.800Z WARN  confluent_kafka::network_client] [Consumer clientId=consumer-perf, groupId=dz-rustc-1781723103] Error connecting to node b35-pkc-devcozvdmy.us-east-1.aws.devel.cpdev.cloud:9092 (id: 35 rack: Some("use1-az5") isFenced: false): Connection refused (os error 111)
[2026-06-17T19:08:00.804Z WARN  confluent_kafka::network_client] [Consumer clientId=consumer-perf, groupId=dz-rustc-1781723103] Error connecting to node b25-pkc-devcozvdmy.us-east-1.aws.devel.cpdev.cloud:9092 (id: 25 rack: Some("use1-az5") isFenced: false): Connection refused (os error 111)
[2026-06-17T19:08:00.805Z WARN  confluent_kafka::network_client] [Consumer clientId=consumer-perf, groupId=dz-rustc-1781723103] Error connecting to node b34-pkc-devcozvdmy.us-east-1.aws.devel.cpdev.cloud:9092 (id: 34 rack: Some("use1-az5") isFenced: false): Connection refused (os error 111)
[2026-06-17T19:08:00.807Z WARN  confluent_kafka::network_client] [Consumer clientId=consumer-perf, groupId=dz-rustc-1781723103] Error connecting to node b13-pkc-devcozvdmy.us-east-1.aws.devel.cpdev.cloud:9092 (id: 13 rack: Some("use1-az5") isFenced: false): Connection refused (os error 111)
[2026-06-17T19:08:00.810Z WARN  confluent_kafka::network_client] [Consumer clientId=consumer-perf, groupId=dz-rustc-1781723103] Error connecting to node b19-pkc-devcozvdmy.us-east-1.aws.devel.cpdev.cloud:9092 (id: 19 rack: Some("use1-az5") isFenced: false): Connection refused (os error 111)
[2026-06-17T19:08:00.811Z WARN  confluent_kafka::network_client] [Consumer clientId=consumer-perf, groupId=dz-rustc-1781723103] Error connecting to node b27-pkc-devcozvdmy.us-east-1.aws.devel.cpdev.cloud:9092 (id: 27 rack: Some("use1-az5") isFenced: false): Connection refused (os error 111)
[2026-06-17T19:08:00.813Z WARN  confluent_kafka::network_client] [Consumer clientId=consumer-perf, groupId=dz-rustc-1781723103] Error connecting to node b8-pkc-devcozvdmy.us-east-1.aws.devel.cpdev.cloud:9092 (id: 8 rack: Some("use1-az5") isFenced: false): Connection refused (os error 111)
[2026-06-17T19:08:00.831Z WARN  confluent_kafka::network_client] [Consumer clientId=consumer-perf, groupId=dz-rustc-1781723103] Error connecting to node b2-pkc-devcozvdmy.us-east-1.aws.devel.cpdev.cloud:9092 (id: 2 rack: Some("use1-az5") isFenced: false): Connection refused (os error 111)
[2026-06-17T19:08:00.841Z WARN  confluent_kafka::network_client] [Consumer clientId=consumer-perf, groupId=dz-rustc-1781723103] Error connecting to node b16-pkc-devcozvdmy.us-east-1.aws.devel.cpdev.cloud:9092 (id: 16 rack: Some("use1-az5") isFenced: false): Connection refused (os error 111)
[2026-06-17T19:08:00.854Z WARN  confluent_kafka::network_client] [Consumer clientId=consumer-perf, groupId=dz-rustc-1781723103] Error connecting to node b7-pkc-devcozvdmy.us-east-1.aws.devel.cpdev.cloud:9092 (id: 7 rack: Some("use1-az5") isFenced: false): Connection refused (os error 111)
[2026-06-17T19:08:00.908Z WARN  confluent_kafka::network_client] [Consumer clientId=consumer-perf, groupId=dz-rustc-1781723103] Error connecting to node b3-pkc-devcozvdmy.us-east-1.aws.devel.cpdev.cloud:9092 (id: 3 rack: Some("use1-az5") isFenced: false): Connection refused (os error 111)
[2026-06-17T19:08:00.913Z WARN  confluent_kafka::network_client] [Consumer clientId=consumer-perf, groupId=dz-rustc-1781723103] Error connecting to node b28-pkc-devcozvdmy.us-east-1.aws.devel.cpdev.cloud:9092 (id: 28 rack: Some("use1-az5") isFenced: false): Connection refused (os error 111)
[2026-06-17T19:08:00.914Z WARN  confluent_kafka::network_client] [Consumer clientId=consumer-perf, groupId=dz-rustc-1781723103] Error connecting to node b20-pkc-devcozvdmy.us-east-1.aws.devel.cpdev.cloud:9092 (id: 20 rack: Some("use1-az5") isFenced: false): Connection refused (os error 111)
[2026-06-17T19:08:00.942Z WARN  confluent_kafka::network_client] [Consumer clientId=consumer-perf, groupId=dz-rustc-1781723103] Error connecting to node b0-pkc-devcozvdmy.us-east-1.aws.devel.cpdev.cloud:9092 (id: 0 rack: Some("use1-az5") isFenced: false): Connection refused (os error 111)
[2026-06-17T19:08:00.946Z WARN  confluent_kafka::network_client] [Consumer clientId=consumer-perf, groupId=dz-rustc-1781723103] Error connecting to node b33-pkc-devcozvdmy.us-east-1.aws.devel.cpdev.cloud:9092 (id: 33 rack: Some("use1-az5") isFenced: false): Connection refused (os error 111)
[2026-06-17T19:08:00.961Z WARN  confluent_kafka::network_client] [Consumer clientId=consumer-perf, groupId=dz-rustc-1781723103] Error connecting to node b29-pkc-devcozvdmy.us-east-1.aws.devel.cpdev.cloud:9092 (id: 29 rack: Some("use1-az5") isFenced: false): Connection refused (os error 111)
[2026-06-17T19:08:00.962Z WARN  confluent_kafka::network_client] [Consumer clientId=consumer-perf, groupId=dz-rustc-1781723103] Error connecting to node b14-pkc-devcozvdmy.us-east-1.aws.devel.cpdev.cloud:9092 (id: 14 rack: Some("use1-az5") isFenced: false): Connection refused (os error 111)
[2026-06-17T19:08:00.966Z WARN  confluent_kafka::network_client] [Consumer clientId=consumer-perf, groupId=dz-rustc-1781723103] Error connecting to node b1-pkc-devcozvdmy.us-east-1.aws.devel.cpdev.cloud:9092 (id: 1 rack: Some("use1-az5") isFenced: false): Connection refused (os error 111)
[2026-06-17T19:08:00.970Z WARN  confluent_kafka::network_client] [Consumer clientId=consumer-perf, groupId=dz-rustc-1781723103] Error connecting to node b30-pkc-devcozvdmy.us-east-1.aws.devel.cpdev.cloud:9092 (id: 30 rack: Some("use1-az5") isFenced: false): Connection refused (os error 111)
[2026-06-17T19:08:00.998Z WARN  confluent_kafka::network_client] [Consumer clientId=consumer-perf, groupId=dz-rustc-1781723103] Error connecting to node b4-pkc-devcozvdmy.us-east-1.aws.devel.cpdev.cloud:9092 (id: 4 rack: Some("use1-az5") isFenced: false): Connection refused (os error 111)
[2026-06-17T19:08:01.022Z WARN  confluent_kafka::network_client] [Consumer clientId=consumer-perf, groupId=dz-rustc-1781723103] Error connecting to node b5-pkc-devcozvdmy.us-east-1.aws.devel.cpdev.cloud:9092 (id: 5 rack: Some("use1-az5") isFenced: false): Connection refused (os error 111)
[2026-06-17T19:08:01.027Z WARN  confluent_kafka::network_client] [Consumer clientId=consumer-perf, groupId=dz-rustc-1781723103] Error connecting to node b23-pkc-devcozvdmy.us-east-1.aws.devel.cpdev.cloud:9092 (id: 23 rack: Some("use1-az5") isFenced: false): Connection refused (os error 111)
[2026-06-17T19:08:01.028Z WARN  confluent_kafka::network_client] [Consumer clientId=consumer-perf, groupId=dz-rustc-1781723103] Error connecting to node b32-pkc-devcozvdmy.us-east-1.aws.devel.cpdev.cloud:9092 (id: 32 rack: Some("use1-az5") isFenced: false): Connection refused (os error 111)
[2026-06-17T19:08:01.038Z WARN  confluent_kafka::network_client] [Consumer clientId=consumer-perf, groupId=dz-rustc-1781723103] Error connecting to node b9-pkc-devcozvdmy.us-east-1.aws.devel.cpdev.cloud:9092 (id: 9 rack: Some("use1-az5") isFenced: false): Connection refused (os error 111)
[2026-06-17T19:08:01.042Z WARN  confluent_kafka::network_client] [Consumer clientId=consumer-perf, groupId=dz-rustc-1781723103] Error connecting to node b31-pkc-devcozvdmy.us-east-1.aws.devel.cpdev.cloud:9092 (id: 31 rack: Some("use1-az5") isFenced: false): Connection refused (os error 111)
[2026-06-17T19:08:01.062Z WARN  confluent_kafka::network_client] [Consumer clientId=consumer-perf, groupId=dz-rustc-1781723103] Error connecting to node b17-pkc-devcozvdmy.us-east-1.aws.devel.cpdev.cloud:9092 (id: 17 rack: Some("use1-az5") isFenced: false): Connection refused (os error 111)
[2026-06-17T19:08:01.077Z WARN  confluent_kafka::network_client] [Consumer clientId=consumer-perf, groupId=dz-rustc-1781723103] Error connecting to node b10-pkc-devcozvdmy.us-east-1.aws.devel.cpdev.cloud:9092 (id: 10 rack: Some("use1-az5") isFenced: false): Connection refused (os error 111)
[2026-06-17T19:08:01.267Z WARN  confluent_kafka::network_client] [Consumer clientId=consumer-perf, groupId=dz-rustc-1781723103] Error connecting to node b6-pkc-devcozvdmy.us-east-1.aws.devel.cpdev.cloud:9092 (id: 6 rack: Some("use1-az5") isFenced: false): Connection refused (os error 111)
[2026-06-17T19:08:01.268Z WARN  confluent_kafka::network_client] [Consumer clientId=consumer-perf, groupId=dz-rustc-1781723103] Error connecting to node b12-pkc-devcozvdmy.us-east-1.aws.devel.cpdev.cloud:9092 (id: 12 rack: Some("use1-az5") isFenced: false): Connection refused (os error 111)
[2026-06-17T19:08:01.279Z WARN  confluent_kafka::network_client] [Consumer clientId=consumer-perf, groupId=dz-rustc-1781723103] Error connecting to node b11-pkc-devcozvdmy.us-east-1.aws.devel.cpdev.cloud:9092 (id: 11 rack: Some("use1-az5") isFenced: false): Connection refused (os error 111)
[2026-06-17T19:08:01.304Z WARN  confluent_kafka::network_client] [Consumer clientId=consumer-perf, groupId=dz-rustc-1781723103] Error connecting to node b22-pkc-devcozvdmy.us-east-1.aws.devel.cpdev.cloud:9092 (id: 22 rack: Some("use1-az5") isFenced: false): Connection refused (os error 111)
[2026-06-17T19:08:01.337Z WARN  confluent_kafka::network_client] [Consumer clientId=consumer-perf, groupId=dz-rustc-1781723103] Error connecting to node b15-pkc-devcozvdmy.us-east-1.aws.devel.cpdev.cloud:9092 (id: 15 rack: Some("use1-az5") isFenced: false): Connection refused (os error 111)
[2026-06-17T19:08:01.366Z WARN  confluent_kafka::network_client] [Consumer clientId=consumer-perf, groupId=dz-rustc-1781723103] Error connecting to node b24-pkc-devcozvdmy.us-east-1.aws.devel.cpdev.cloud:9092 (id: 24 rack: Some("use1-az5") isFenced: false): Connection refused (os error 111)
[2026-06-17T19:08:01.497Z WARN  confluent_kafka::network_client] [Consumer clientId=consumer-perf, groupId=dz-rustc-1781723103] Error connecting to node b18-pkc-devcozvdmy.us-east-1.aws.devel.cpdev.cloud:9092 (id: 18 rack: Some("use1-az5") isFenced: false): Connection refused (os error 111)
[2026-06-17T19:08:01.596Z WARN  confluent_kafka::network_client] [Consumer clientId=consumer-perf, groupId=dz-rustc-1781723103] Error connecting to node b21-pkc-devcozvdmy.us-east-1.aws.devel.cpdev.cloud:9092 (id: 21 rack: Some("use1-az5") isFenced: false): Connection refused (os error 111)
[2026-06-17T19:08:01.627Z WARN  confluent_kafka::network_client] [Consumer clientId=consumer-perf, groupId=dz-rustc-1781723103] Error connecting to node b25-pkc-devcozvdmy.us-east-1.aws.devel.cpdev.cloud:9092 (id: 25 rack: Some("use1-az5") isFenced: false): Connection refused (os error 111)
[2026-06-17T19:08:01.658Z WARN  confluent_kafka::network_client] [Consumer clientId=consumer-perf, groupId=dz-rustc-1781723103] Error connecting to node b26-pkc-devcozvdmy.us-east-1.aws.devel.cpdev.cloud:9092 (id: 26 rack: Some("use1-az5") isFenced: false): Connection refused (os error 111)
[2026-06-17T19:08:01.696Z WARN  confluent_kafka::network_client] [Consumer clientId=consumer-perf, groupId=dz-rustc-1781723103] Error connecting to node b34-pkc-devcozvdmy.us-east-1.aws.devel.cpdev.cloud:9092 (id: 34 rack: Some("use1-az5") isFenced: false): Connection refused (os error 111)
[2026-06-17T19:08:01.728Z WARN  confluent_kafka::network_client] [Consumer clientId=consumer-perf, groupId=dz-rustc-1781723103] Error connecting to node b3-pkc-devcozvdmy.us-east-1.aws.devel.cpdev.cloud:9092 (id: 3 rack: Some("use1-az5") isFenced: false): Connection refused (os error 111)
[2026-06-17T19:08:01.748Z WARN  confluent_kafka::network_client] [Consumer clientId=consumer-perf, groupId=dz-rustc-1781723103] Error connecting to node b2-pkc-devcozvdmy.us-east-1.aws.devel.cpdev.cloud:9092 (id: 2 rack: Some("use1-az5") isFenced: false): Connection refused (os error 111)
[2026-06-17T19:08:01.770Z WARN  confluent_kafka::network_client] [Consumer clientId=consumer-perf, groupId=dz-rustc-1781723103] Error connecting to node b1-pkc-devcozvdmy.us-east-1.aws.devel.cpdev.cloud:9092 (id: 1 rack: Some("use1-az5") isFenced: false): Connection refused (os error 111)
[2026-06-17T19:08:01.773Z WARN  confluent_kafka::network_client] [Consumer clientId=consumer-perf, groupId=dz-rustc-1781723103] Error connecting to node b27-pkc-devcozvdmy.us-east-1.aws.devel.cpdev.cloud:9092 (id: 27 rack: Some("use1-az5") isFenced: false): Connection refused (os error 111)
[2026-06-17T19:08:01.775Z WARN  confluent_kafka::network_client] [Consumer clientId=consumer-perf, groupId=dz-rustc-1781723103] Error connecting to node b16-pkc-devcozvdmy.us-east-1.aws.devel.cpdev.cloud:9092 (id: 16 rack: Some("use1-az5") isFenced: false): Connection refused (os error 111)
[2026-06-17T19:08:01.800Z WARN  confluent_kafka::network_client] [Consumer clientId=consumer-perf, groupId=dz-rustc-1781723103] Error connecting to node b35-pkc-devcozvdmy.us-east-1.aws.devel.cpdev.cloud:9092 (id: 35 rack: Some("use1-az5") isFenced: false): Connection refused (os error 111)
[2026-06-17T19:08:01.808Z WARN  confluent_kafka::network_client] [Consumer clientId=consumer-perf, groupId=dz-rustc-1781723103] Error connecting to node b13-pkc-devcozvdmy.us-east-1.aws.devel.cpdev.cloud:9092 (id: 13 rack: Some("use1-az5") isFenced: false): Connection refused (os error 111)
[2026-06-17T19:08:01.810Z WARN  confluent_kafka::network_client] [Consumer clientId=consumer-perf, groupId=dz-rustc-1781723103] Error connecting to node b19-pkc-devcozvdmy.us-east-1.aws.devel.cpdev.cloud:9092 (id: 19 rack: Some("use1-az5") isFenced: false): Connection refused (os error 111)
[2026-06-17T19:08:01.812Z WARN  confluent_kafka::network_client] [Consumer clientId=consumer-perf, groupId=dz-rustc-1781723103] Error connecting to node b8-pkc-devcozvdmy.us-east-1.aws.devel.cpdev.cloud:9092 (id: 8 rack: Some("use1-az5") isFenced: false): Connection refused (os error 111)
[2026-06-17T19:08:01.839Z WARN  confluent_kafka::network_client] [Consumer clientId=consumer-perf, groupId=dz-rustc-1781723103] Error connecting to node b32-pkc-devcozvdmy.us-east-1.aws.devel.cpdev.cloud:9092 (id: 32 rack: Some("use1-az5") isFenced: false): Connection refused (os error 111)
[2026-06-17T19:08:01.847Z WARN  confluent_kafka::network_client] [Consumer clientId=consumer-perf, groupId=dz-rustc-1781723103] Error connecting to node b23-pkc-devcozvdmy.us-east-1.aws.devel.cpdev.cloud:9092 (id: 23 rack: Some("use1-az5") isFenced: false): Connection refused (os error 111)
[2026-06-17T19:08:01.854Z WARN  confluent_kafka::network_client] [Consumer clientId=consumer-perf, groupId=dz-rustc-1781723103] Error connecting to node b7-pkc-devcozvdmy.us-east-1.aws.devel.cpdev.cloud:9092 (id: 7 rack: Some("use1-az5") isFenced: false): Connection refused (os error 111)
[2026-06-17T19:08:01.866Z WARN  confluent_kafka::network_client] [Consumer clientId=consumer-perf, groupId=dz-rustc-1781723103] Error connecting to node b17-pkc-devcozvdmy.us-east-1.aws.devel.cpdev.cloud:9092 (id: 17 rack: Some("use1-az5") isFenced: false): Connection refused (os error 111)
[2026-06-17T19:08:01.882Z WARN  confluent_kafka::network_client] [Consumer clientId=consumer-perf, groupId=dz-rustc-1781723103] Error connecting to node b29-pkc-devcozvdmy.us-east-1.aws.devel.cpdev.cloud:9092 (id: 29 rack: Some("use1-az5") isFenced: false): Connection refused (os error 111)
[2026-06-17T19:08:01.886Z WARN  confluent_kafka::network_client] [Consumer clientId=consumer-perf, groupId=dz-rustc-1781723103] Error connecting to node b4-pkc-devcozvdmy.us-east-1.aws.devel.cpdev.cloud:9092 (id: 4 rack: Some("use1-az5") isFenced: false): Connection refused (os error 111)
[2026-06-17T19:08:01.907Z WARN  confluent_kafka::network_client] [Consumer clientId=consumer-perf, groupId=dz-rustc-1781723103] Error connecting to node b20-pkc-devcozvdmy.us-east-1.aws.devel.cpdev.cloud:9092 (id: 20 rack: Some("use1-az5") isFenced: false): Connection refused (os error 111)
[2026-06-17T19:08:01.913Z WARN  confluent_kafka::network_client] [Consumer clientId=consumer-perf, groupId=dz-rustc-1781723103] Error connecting to node b28-pkc-devcozvdmy.us-east-1.aws.devel.cpdev.cloud:9092 (id: 28 rack: Some("use1-az5") isFenced: false): Connection refused (os error 111)
[2026-06-17T19:08:01.920Z WARN  confluent_kafka::network_client] [Consumer clientId=consumer-perf, groupId=dz-rustc-1781723103] Error connecting to node b33-pkc-devcozvdmy.us-east-1.aws.devel.cpdev.cloud:9092 (id: 33 rack: Some("use1-az5") isFenced: false): Connection refused (os error 111)
[2026-06-17T19:08:01.942Z WARN  confluent_kafka::network_client] [Consumer clientId=consumer-perf, groupId=dz-rustc-1781723103] Error connecting to node b0-pkc-devcozvdmy.us-east-1.aws.devel.cpdev.cloud:9092 (id: 0 rack: Some("use1-az5") isFenced: false): Connection refused (os error 111)
[2026-06-17T19:08:01.962Z WARN  confluent_kafka::network_client] [Consumer clientId=consumer-perf, groupId=dz-rustc-1781723103] Error connecting to node b14-pkc-devcozvdmy.us-east-1.aws.devel.cpdev.cloud:9092 (id: 14 rack: Some("use1-az5") isFenced: false): Connection refused (os error 111)
[2026-06-17T19:08:01.970Z WARN  confluent_kafka::network_client] [Consumer clientId=consumer-perf, groupId=dz-rustc-1781723103] Error connecting to node b30-pkc-devcozvdmy.us-east-1.aws.devel.cpdev.cloud:9092 (id: 30 rack: Some("use1-az5") isFenced: false): Connection refused (os error 111)
[2026-06-17T19:08:02.000Z WARN  confluent_kafka::network_client] [Consumer clientId=consumer-perf, groupId=dz-rustc-1781723103] Error connecting to node b9-pkc-devcozvdmy.us-east-1.aws.devel.cpdev.cloud:9092 (id: 9 rack: Some("use1-az5") isFenced: false): Connection refused (os error 111)
[2026-06-17T19:08:02.022Z WARN  confluent_kafka::network_client] [Consumer clientId=consumer-perf, groupId=dz-rustc-1781723103] Error connecting to node b5-pkc-devcozvdmy.us-east-1.aws.devel.cpdev.cloud:9092 (id: 5 rack: Some("use1-az5") isFenced: false): Connection refused (os error 111)
[2026-06-17T19:08:02.029Z WARN  confluent_kafka::network_client] [Consumer clientId=consumer-perf, groupId=dz-rustc-1781723103] Error connecting to node b31-pkc-devcozvdmy.us-east-1.aws.devel.cpdev.cloud:9092 (id: 31 rack: Some("use1-az5") isFenced: false): Connection refused (os error 111)
[2026-06-17T19:08:02.077Z WARN  confluent_kafka::network_client] [Consumer clientId=consumer-perf, groupId=dz-rustc-1781723103] Error connecting to node b10-pkc-devcozvdmy.us-east-1.aws.devel.cpdev.cloud:9092 (id: 10 rack: Some("use1-az5") isFenced: false): Connection refused (os error 111)
[2026-06-17T19:08:02.080Z WARN  confluent_kafka::network_client] [Consumer clientId=consumer-perf, groupId=dz-rustc-1781723103] Error connecting to node b11-pkc-devcozvdmy.us-east-1.aws.devel.cpdev.cloud:9092 (id: 11 rack: Some("use1-az5") isFenced: false): Connection refused (os error 111)
[2026-06-17T19:08:02.162Z WARN  confluent_kafka::network_client] [Consumer clientId=consumer-perf, groupId=dz-rustc-1781723103] Error connecting to node b12-pkc-devcozvdmy.us-east-1.aws.devel.cpdev.cloud:9092 (id: 12 rack: Some("use1-az5") isFenced: false): Connection refused (os error 111)
[2026-06-17T19:08:02.261Z WARN  confluent_kafka::network_client] [Consumer clientId=consumer-perf, groupId=dz-rustc-1781723103] Error connecting to node b24-pkc-devcozvdmy.us-east-1.aws.devel.cpdev.cloud:9092 (id: 24 rack: Some("use1-az5") isFenced: false): Connection refused (os error 111)
[2026-06-17T19:08:02.267Z WARN  confluent_kafka::network_client] [Consumer clientId=consumer-perf, groupId=dz-rustc-1781723103] Error connecting to node b6-pkc-devcozvdmy.us-east-1.aws.devel.cpdev.cloud:9092 (id: 6 rack: Some("use1-az5") isFenced: false): Connection refused (os error 111)
[2026-06-17T19:08:02.304Z WARN  confluent_kafka::network_client] [Consumer clientId=consumer-perf, groupId=dz-rustc-1781723103] Error connecting to node b22-pkc-devcozvdmy.us-east-1.aws.devel.cpdev.cloud:9092 (id: 22 rack: Some("use1-az5") isFenced: false): Connection refused (os error 111)
[2026-06-17T19:08:02.337Z WARN  confluent_kafka::network_client] [Consumer clientId=consumer-perf, groupId=dz-rustc-1781723103] Error connecting to node b15-pkc-devcozvdmy.us-east-1.aws.devel.cpdev.cloud:9092 (id: 15 rack: Some("use1-az5") isFenced: false): Connection refused (os error 111)
[2026-06-17T19:08:02.359Z WARN  confluent_kafka::network_client] [Consumer clientId=consumer-perf, groupId=dz-rustc-1781723103] Error connecting to node b18-pkc-devcozvdmy.us-east-1.aws.devel.cpdev.cloud:9092 (id: 18 rack: Some("use1-az5") isFenced: false): Connection refused (os error 111)
[2026-06-17T19:08:02.491Z WARN  confluent_kafka::network_client] [Consumer clientId=consumer-perf, groupId=dz-rustc-1781723103] Error connecting to node b25-pkc-devcozvdmy.us-east-1.aws.devel.cpdev.cloud:9092 (id: 25 rack: Some("use1-az5") isFenced: false): Connection refused (os error 111)
[2026-06-17T19:08:02.597Z WARN  confluent_kafka::network_client] [Consumer clientId=consumer-perf, groupId=dz-rustc-1781723103] Error connecting to node b21-pkc-devcozvdmy.us-east-1.aws.devel.cpdev.cloud:9092 (id: 21 rack: Some("use1-az5") isFenced: false): Connection refused (os error 111)
[2026-06-17T19:08:02.598Z WARN  confluent_kafka::network_client] [Consumer clientId=consumer-perf, groupId=dz-rustc-1781723103] Error connecting to node b34-pkc-devcozvdmy.us-east-1.aws.devel.cpdev.cloud:9092 (id: 34 rack: Some("use1-az5") isFenced: false): Connection refused (os error 111)
[2026-06-17T19:08:02.629Z WARN  confluent_kafka::network_client] [Consumer clientId=consumer-perf, groupId=dz-rustc-1781723103] Error connecting to node b19-pkc-devcozvdmy.us-east-1.aws.devel.cpdev.cloud:9092 (id: 19 rack: Some("use1-az5") isFenced: false): Connection refused (os error 111)
[2026-06-17T19:08:02.650Z WARN  confluent_kafka::network_client] [Consumer clientId=consumer-perf, groupId=dz-rustc-1781723103] Error connecting to node b1-pkc-devcozvdmy.us-east-1.aws.devel.cpdev.cloud:9092 (id: 1 rack: Some("use1-az5") isFenced: false): Connection refused (os error 111)
[2026-06-17T19:08:02.662Z WARN  confluent_kafka::network_client] [Consumer clientId=consumer-perf, groupId=dz-rustc-1781723103] Error connecting to node b26-pkc-devcozvdmy.us-east-1.aws.devel.cpdev.cloud:9092 (id: 26 rack: Some("use1-az5") isFenced: false): Connection refused (os error 111)
[2026-06-17T19:08:02.664Z WARN  confluent_kafka::network_client] [Consumer clientId=consumer-perf, groupId=dz-rustc-1781723103] Error connecting to node b2-pkc-devcozvdmy.us-east-1.aws.devel.cpdev.cloud:9092 (id: 2 rack: Some("use1-az5") isFenced: false): Connection refused (os error 111)
[2026-06-17T19:08:02.693Z WARN  confluent_kafka::network_client] [Consumer clientId=consumer-perf, groupId=dz-rustc-1781723103] Error connecting to node b16-pkc-devcozvdmy.us-east-1.aws.devel.cpdev.cloud:9092 (id: 16 rack: Some("use1-az5") isFenced: false): Connection refused (os error 111)
[2026-06-17T19:08:02.728Z WARN  confluent_kafka::network_client] [Consumer clientId=consumer-perf, groupId=dz-rustc-1781723103] Error connecting to node b3-pkc-devcozvdmy.us-east-1.aws.devel.cpdev.cloud:9092 (id: 3 rack: Some("use1-az5") isFenced: false): Connection refused (os error 111)
[2026-06-17T19:08:02.738Z WARN  confluent_kafka::network_client] [Consumer clientId=consumer-perf, groupId=dz-rustc-1781723103] Error connecting to node b7-pkc-devcozvdmy.us-east-1.aws.devel.cpdev.cloud:9092 (id: 7 rack: Some("use1-az5") isFenced: false): Connection refused (os error 111)
[2026-06-17T19:08:02.746Z WARN  confluent_kafka::network_client] [Consumer clientId=consumer-perf, groupId=dz-rustc-1781723103] Error connecting to node b17-pkc-devcozvdmy.us-east-1.aws.devel.cpdev.cloud:9092 (id: 17 rack: Some("use1-az5") isFenced: false): Connection refused (os error 111)
[2026-06-17T19:08:02.774Z WARN  confluent_kafka::network_client] [Consumer clientId=consumer-perf, groupId=dz-rustc-1781723103] Error connecting to node b27-pkc-devcozvdmy.us-east-1.aws.devel.cpdev.cloud:9092 (id: 27 rack: Some("use1-az5") isFenced: false): Connection refused (os error 111)
[2026-06-17T19:08:02.801Z WARN  confluent_kafka::network_client] [Consumer clientId=consumer-perf, groupId=dz-rustc-1781723103] Error connecting to node b35-pkc-devcozvdmy.us-east-1.aws.devel.cpdev.cloud:9092 (id: 35 rack: Some("use1-az5") isFenced: false): Connection refused (os error 111)
[2026-06-17T19:08:02.808Z WARN  confluent_kafka::network_client] [Consumer clientId=consumer-perf, groupId=dz-rustc-1781723103] Error connecting to node b13-pkc-devcozvdmy.us-east-1.aws.devel.cpdev.cloud:9092 (id: 13 rack: Some("use1-az5") isFenced: false): Connection refused (os error 111)
[2026-06-17T19:08:02.813Z WARN  confluent_kafka::network_client] [Consumer clientId=consumer-perf, groupId=dz-rustc-1781723103] Error connecting to node b8-pkc-devcozvdmy.us-east-1.aws.devel.cpdev.cloud:9092 (id: 8 rack: Some("use1-az5") isFenced: false): Connection refused (os error 111)
[2026-06-17T19:08:02.820Z WARN  confluent_kafka::network_client] [Consumer clientId=consumer-perf, groupId=dz-rustc-1781723103] Error connecting to node b20-pkc-devcozvdmy.us-east-1.aws.devel.cpdev.cloud:9092 (id: 20 rack: Some("use1-az5") isFenced: false): Connection refused (os error 111)
[2026-06-17T19:08:02.830Z WARN  confluent_kafka::network_client] [Consumer clientId=consumer-perf, groupId=dz-rustc-1781723103] Error connecting to node b33-pkc-devcozvdmy.us-east-1.aws.devel.cpdev.cloud:9092 (id: 33 rack: Some("use1-az5") isFenced: false): Connection refused (os error 111)
[2026-06-17T19:08:02.832Z WARN  confluent_kafka::network_client] [Consumer clientId=consumer-perf, groupId=dz-rustc-1781723103] Error connecting to node b4-pkc-devcozvdmy.us-east-1.aws.devel.cpdev.cloud:9092 (id: 4 rack: Some("use1-az5") isFenced: false): Connection refused (os error 111)
[2026-06-17T19:08:02.839Z WARN  confluent_kafka::network_client] [Consumer clientId=consumer-perf, groupId=dz-rustc-1781723103] Error connecting to node b32-pkc-devcozvdmy.us-east-1.aws.devel.cpdev.cloud:9092 (id: 32 rack: Some("use1-az5") isFenced: false): Connection refused (os error 111)
[2026-06-17T19:08:02.848Z WARN  confluent_kafka::network_client] [Consumer clientId=consumer-perf, groupId=dz-rustc-1781723103] Error connecting to node b23-pkc-devcozvdmy.us-east-1.aws.devel.cpdev.cloud:9092 (id: 23 rack: Some("use1-az5") isFenced: false): Connection refused (os error 111)
[2026-06-17T19:08:02.885Z WARN  confluent_kafka::network_client] [Consumer clientId=consumer-perf, groupId=dz-rustc-1781723103] Error connecting to node b29-pkc-devcozvdmy.us-east-1.aws.devel.cpdev.cloud:9092 (id: 29 rack: Some("use1-az5") isFenced: false): Connection refused (os error 111)
[2026-06-17T19:08:02.904Z WARN  confluent_kafka::network_client] [Consumer clientId=consumer-perf, groupId=dz-rustc-1781723103] Error connecting to node b14-pkc-devcozvdmy.us-east-1.aws.devel.cpdev.cloud:9092 (id: 14 rack: Some("use1-az5") isFenced: false): Connection refused (os error 111)
[2026-06-17T19:08:02.913Z WARN  confluent_kafka::network_client] [Consumer clientId=consumer-perf, groupId=dz-rustc-1781723103] Error connecting to node b28-pkc-devcozvdmy.us-east-1.aws.devel.cpdev.cloud:9092 (id: 28 rack: Some("use1-az5") isFenced: false): Connection refused (os error 111)
[2026-06-17T19:08:02.942Z WARN  confluent_kafka::network_client] [Consumer clientId=consumer-perf, groupId=dz-rustc-1781723103] Error connecting to node b0-pkc-devcozvdmy.us-east-1.aws.devel.cpdev.cloud:9092 (id: 0 rack: Some("use1-az5") isFenced: false): Connection refused (os error 111)
[2026-06-17T19:08:02.943Z WARN  confluent_kafka::network_client] [Consumer clientId=consumer-perf, groupId=dz-rustc-1781723103] Error connecting to node b10-pkc-devcozvdmy.us-east-1.aws.devel.cpdev.cloud:9092 (id: 10 rack: Some("use1-az5") isFenced: false): Connection refused (os error 111)
[2026-06-17T19:08:02.971Z WARN  confluent_kafka::network_client] [Consumer clientId=consumer-perf, groupId=dz-rustc-1781723103] Error connecting to node b30-pkc-devcozvdmy.us-east-1.aws.devel.cpdev.cloud:9092 (id: 30 rack: Some("use1-az5") isFenced: false): Connection refused (os error 111)
[2026-06-17T19:08:03.000Z WARN  confluent_kafka::network_client] [Consumer clientId=consumer-perf, groupId=dz-rustc-1781723103] Error connecting to node b9-pkc-devcozvdmy.us-east-1.aws.devel.cpdev.cloud:9092 (id: 9 rack: Some("use1-az5") isFenced: false): Connection refused (os error 111)
[2026-06-17T19:08:03.022Z WARN  confluent_kafka::network_client] [Consumer clientId=consumer-perf, groupId=dz-rustc-1781723103] Error connecting to node b5-pkc-devcozvdmy.us-east-1.aws.devel.cpdev.cloud:9092 (id: 5 rack: Some("use1-az5") isFenced: false): Connection refused (os error 111)
[2026-06-17T19:08:03.029Z WARN  confluent_kafka::network_client] [Consumer clientId=consumer-perf, groupId=dz-rustc-1781723103] Error connecting to node b31-pkc-devcozvdmy.us-east-1.aws.devel.cpdev.cloud:9092 (id: 31 rack: Some("use1-az5") isFenced: false): Connection refused (os error 111)
[2026-06-17T19:08:03.065Z WARN  confluent_kafka::network_client] [Consumer clientId=consumer-perf, groupId=dz-rustc-1781723103] Error connecting to node b11-pkc-devcozvdmy.us-east-1.aws.devel.cpdev.cloud:9092 (id: 11 rack: Some("use1-az5") isFenced: false): Connection refused (os error 111)
[2026-06-17T19:08:03.162Z WARN  confluent_kafka::network_client] [Consumer clientId=consumer-perf, groupId=dz-rustc-1781723103] Error connecting to node b12-pkc-devcozvdmy.us-east-1.aws.devel.cpdev.cloud:9092 (id: 12 rack: Some("use1-az5") isFenced: false): Connection refused (os error 111)
[2026-06-17T19:08:03.221Z WARN  confluent_kafka::network_client] [Consumer clientId=consumer-perf, groupId=dz-rustc-1781723103] Error connecting to node b24-pkc-devcozvdmy.us-east-1.aws.devel.cpdev.cloud:9092 (id: 24 rack: Some("use1-az5") isFenced: false): Connection refused (os error 111)
[2026-06-17T19:08:03.267Z WARN  confluent_kafka::network_client] [Consumer clientId=consumer-perf, groupId=dz-rustc-1781723103] Error connecting to node b6-pkc-devcozvdmy.us-east-1.aws.devel.cpdev.cloud:9092 (id: 6 rack: Some("use1-az5") isFenced: false): Connection refused (os error 111)
[2026-06-17T19:08:03.273Z WARN  confluent_kafka::network_client] [Consumer clientId=consumer-perf, groupId=dz-rustc-1781723103] Error connecting to node b22-pkc-devcozvdmy.us-east-1.aws.devel.cpdev.cloud:9092 (id: 22 rack: Some("use1-az5") isFenced: false): Connection refused (os error 111)
[2026-06-17T19:08:03.293Z WARN  confluent_kafka::network_client] [Consumer clientId=consumer-perf, groupId=dz-rustc-1781723103] Error connecting to node b18-pkc-devcozvdmy.us-east-1.aws.devel.cpdev.cloud:9092 (id: 18 rack: Some("use1-az5") isFenced: false): Connection refused (os error 111)
[2026-06-17T19:08:03.337Z WARN  confluent_kafka::network_client] [Consumer clientId=consumer-perf, groupId=dz-rustc-1781723103] Error connecting to node b15-pkc-devcozvdmy.us-east-1.aws.devel.cpdev.cloud:9092 (id: 15 rack: Some("use1-az5") isFenced: false): Connection refused (os error 111)
[2026-06-17T19:08:03.446Z WARN  confluent_kafka::network_client] [Consumer clientId=consumer-perf, groupId=dz-rustc-1781723103] Error connecting to node b25-pkc-devcozvdmy.us-east-1.aws.devel.cpdev.cloud:9092 (id: 25 rack: Some("use1-az5") isFenced: false): Connection refused (os error 111)
[2026-06-17T19:08:03.499Z WARN  confluent_kafka::network_client] [Consumer clientId=consumer-perf, groupId=dz-rustc-1781723103] Error connecting to node b19-pkc-devcozvdmy.us-east-1.aws.devel.cpdev.cloud:9092 (id: 19 rack: Some("use1-az5") isFenced: false): Connection refused (os error 111)
[2026-06-17T19:08:03.554Z WARN  confluent_kafka::network_client] [Consumer clientId=consumer-perf, groupId=dz-rustc-1781723103] Error connecting to node b3-pkc-devcozvdmy.us-east-1.aws.devel.cpdev.cloud:9092 (id: 3 rack: Some("use1-az5") isFenced: false): Connection refused (os error 111)
[2026-06-17T19:08:03.567Z WARN  confluent_kafka::network_client] [Consumer clientId=consumer-perf, groupId=dz-rustc-1781723103] Error connecting to node b26-pkc-devcozvdmy.us-east-1.aws.devel.cpdev.cloud:9092 (id: 26 rack: Some("use1-az5") isFenced: false): Connection refused (os error 111)
[2026-06-17T19:08:03.596Z WARN  confluent_kafka::network_client] [Consumer clientId=consumer-perf, groupId=dz-rustc-1781723103] Error connecting to node b21-pkc-devcozvdmy.us-east-1.aws.devel.cpdev.cloud:9092 (id: 21 rack: Some("use1-az5") isFenced: false): Connection refused (os error 111)
[2026-06-17T19:08:03.598Z WARN  confluent_kafka::network_client] [Consumer clientId=consumer-perf, groupId=dz-rustc-1781723103] Error connecting to node b34-pkc-devcozvdmy.us-east-1.aws.devel.cpdev.cloud:9092 (id: 34 rack: Some("use1-az5") isFenced: false): Connection refused (os error 111)
[2026-06-17T19:08:03.649Z WARN  confluent_kafka::network_client] [Consumer clientId=consumer-perf, groupId=dz-rustc-1781723103] Error connecting to node b1-pkc-devcozvdmy.us-east-1.aws.devel.cpdev.cloud:9092 (id: 1 rack: Some("use1-az5") isFenced: false): Connection refused (os error 111)
[2026-06-17T19:08:03.663Z WARN  confluent_kafka::network_client] [Consumer clientId=consumer-perf, groupId=dz-rustc-1781723103] Error connecting to node b2-pkc-devcozvdmy.us-east-1.aws.devel.cpdev.cloud:9092 (id: 2 rack: Some("use1-az5") isFenced: false): Connection refused (os error 111)
[2026-06-17T19:08:03.665Z WARN  confluent_kafka::network_client] [Consumer clientId=consumer-perf, groupId=dz-rustc-1781723103] Error connecting to node b13-pkc-devcozvdmy.us-east-1.aws.devel.cpdev.cloud:9092 (id: 13 rack: Some("use1-az5") isFenced: false): Connection refused (os error 111)
[2026-06-17T19:08:03.669Z WARN  confluent_kafka::network_client] [Consumer clientId=consumer-perf, groupId=dz-rustc-1781723103] Error connecting to node b8-pkc-devcozvdmy.us-east-1.aws.devel.cpdev.cloud:9092 (id: 8 rack: Some("use1-az5") isFenced: false): Connection refused (os error 111)
[2026-06-17T19:08:03.689Z WARN  confluent_kafka::network_client] [Consumer clientId=consumer-perf, groupId=dz-rustc-1781723103] Error connecting to node b35-pkc-devcozvdmy.us-east-1.aws.devel.cpdev.cloud:9092 (id: 35 rack: Some("use1-az5") isFenced: false): Connection refused (os error 111)
[2026-06-17T19:08:03.693Z WARN  confluent_kafka::network_client] [Consumer clientId=consumer-perf, groupId=dz-rustc-1781723103] Error connecting to node b16-pkc-devcozvdmy.us-east-1.aws.devel.cpdev.cloud:9092 (id: 16 rack: Some("use1-az5") isFenced: false): Connection refused (os error 111)
[2026-06-17T19:08:03.738Z WARN  confluent_kafka::network_client] [Consumer clientId=consumer-perf, groupId=dz-rustc-1781723103] Error connecting to node b7-pkc-devcozvdmy.us-east-1.aws.devel.cpdev.cloud:9092 (id: 7 rack: Some("use1-az5") isFenced: false): Connection refused (os error 111)
[2026-06-17T19:08:03.746Z WARN  confluent_kafka::network_client] [Consumer clientId=consumer-perf, groupId=dz-rustc-1781723103] Error connecting to node b17-pkc-devcozvdmy.us-east-1.aws.devel.cpdev.cloud:9092 (id: 17 rack: Some("use1-az5") isFenced: false): Connection refused (os error 111)
[2026-06-17T19:08:03.773Z WARN  confluent_kafka::network_client] [Consumer clientId=consumer-perf, groupId=dz-rustc-1781723103] Error connecting to node b27-pkc-devcozvdmy.us-east-1.aws.devel.cpdev.cloud:9092 (id: 27 rack: Some("use1-az5") isFenced: false): Connection refused (os error 111)
[2026-06-17T19:08:03.785Z WARN  confluent_kafka::network_client] [Consumer clientId=consumer-perf, groupId=dz-rustc-1781723103] Error connecting to node b20-pkc-devcozvdmy.us-east-1.aws.devel.cpdev.cloud:9092 (id: 20 rack: Some("use1-az5") isFenced: false): Connection refused (os error 111)
[2026-06-17T19:08:03.791Z WARN  confluent_kafka::network_client] [Consumer clientId=consumer-perf, groupId=dz-rustc-1781723103] Error connecting to node b0-pkc-devcozvdmy.us-east-1.aws.devel.cpdev.cloud:9092 (id: 0 rack: Some("use1-az5") isFenced: false): Connection refused (os error 111)
[2026-06-17T19:08:03.811Z WARN  confluent_kafka::network_client] [Consumer clientId=consumer-perf, groupId=dz-rustc-1781723103] Error connecting to node b9-pkc-devcozvdmy.us-east-1.aws.devel.cpdev.cloud:9092 (id: 9 rack: Some("use1-az5") isFenced: false): Connection refused (os error 111)
[2026-06-17T19:08:03.830Z WARN  confluent_kafka::network_client] [Consumer clientId=consumer-perf, groupId=dz-rustc-1781723103] Error connecting to node b33-pkc-devcozvdmy.us-east-1.aws.devel.cpdev.cloud:9092 (id: 33 rack: Some("use1-az5") isFenced: false): Connection refused (os error 111)
[2026-06-17T19:08:03.832Z WARN  confluent_kafka::network_client] [Consumer clientId=consumer-perf, groupId=dz-rustc-1781723103] Error connecting to node b4-pkc-devcozvdmy.us-east-1.aws.devel.cpdev.cloud:9092 (id: 4 rack: Some("use1-az5") isFenced: false): Connection refused (os error 111)
[2026-06-17T19:08:03.839Z WARN  confluent_kafka::network_client] [Consumer clientId=consumer-perf, groupId=dz-rustc-1781723103] Error connecting to node b32-pkc-devcozvdmy.us-east-1.aws.devel.cpdev.cloud:9092 (id: 32 rack: Some("use1-az5") isFenced: false): Connection refused (os error 111)
[2026-06-17T19:08:03.847Z WARN  confluent_kafka::network_client] [Consumer clientId=consumer-perf, groupId=dz-rustc-1781723103] Error connecting to node b23-pkc-devcozvdmy.us-east-1.aws.devel.cpdev.cloud:9092 (id: 23 rack: Some("use1-az5") isFenced: false): Connection refused (os error 111)
[2026-06-17T19:08:03.882Z WARN  confluent_kafka::network_client] [Consumer clientId=consumer-perf, groupId=dz-rustc-1781723103] Error connecting to node b29-pkc-devcozvdmy.us-east-1.aws.devel.cpdev.cloud:9092 (id: 29 rack: Some("use1-az5") isFenced: false): Connection refused (os error 111)
[2026-06-17T19:08:03.889Z WARN  confluent_kafka::network_client] [Consumer clientId=consumer-perf, groupId=dz-rustc-1781723103] Error connecting to node b10-pkc-devcozvdmy.us-east-1.aws.devel.cpdev.cloud:9092 (id: 10 rack: Some("use1-az5") isFenced: false): Connection refused (os error 111)
[2026-06-17T19:08:03.904Z WARN  confluent_kafka::network_client] [Consumer clientId=consumer-perf, groupId=dz-rustc-1781723103] Error connecting to node b14-pkc-devcozvdmy.us-east-1.aws.devel.cpdev.cloud:9092 (id: 14 rack: Some("use1-az5") isFenced: false): Connection refused (os error 111)
[2026-06-17T19:08:03.909Z WARN  confluent_kafka::network_client] [Consumer clientId=consumer-perf, groupId=dz-rustc-1781723103] Error connecting to node b30-pkc-devcozvdmy.us-east-1.aws.devel.cpdev.cloud:9092 (id: 30 rack: Some("use1-az5") isFenced: false): Connection refused (os error 111)
[2026-06-17T19:08:03.913Z WARN  confluent_kafka::network_client] [Consumer clientId=consumer-perf, groupId=dz-rustc-1781723103] Error connecting to node b28-pkc-devcozvdmy.us-east-1.aws.devel.cpdev.cloud:9092 (id: 28 rack: Some("use1-az5") isFenced: false): Connection refused (os error 111)
[2026-06-17T19:08:04.022Z WARN  confluent_kafka::network_client] [Consumer clientId=consumer-perf, groupId=dz-rustc-1781723103] Error connecting to node b5-pkc-devcozvdmy.us-east-1.aws.devel.cpdev.cloud:9092 (id: 5 rack: Some("use1-az5") isFenced: false): Connection refused (os error 111)
[2026-06-17T19:08:04.029Z WARN  confluent_kafka::network_client] [Consumer clientId=consumer-perf, groupId=dz-rustc-1781723103] Error connecting to node b31-pkc-devcozvdmy.us-east-1.aws.devel.cpdev.cloud:9092 (id: 31 rack: Some("use1-az5") isFenced: false): Connection refused (os error 111)
[2026-06-17T19:08:04.065Z WARN  confluent_kafka::network_client] [Consumer clientId=consumer-perf, groupId=dz-rustc-1781723103] Error connecting to node b11-pkc-devcozvdmy.us-east-1.aws.devel.cpdev.cloud:9092 (id: 11 rack: Some("use1-az5") isFenced: false): Connection refused (os error 111)
[2026-06-17T19:08:04.088Z WARN  confluent_kafka::network_client] [Consumer clientId=consumer-perf, groupId=dz-rustc-1781723103] Error connecting to node b24-pkc-devcozvdmy.us-east-1.aws.devel.cpdev.cloud:9092 (id: 24 rack: Some("use1-az5") isFenced: false): Connection refused (os error 111)
[interval 12] t= 130.6s msgs= 675777 thr=    63872 msg/s  avg=  4.82 p50=4 p99=18 p999=28 max=6078 ms  cpu=  0.0% rss=  54.1MB
[interval 13] t= 140.6s msgs=2411551 thr=   241155 msg/s  avg=1175.09 p50=679 p99=7325 p999=7788 max=8667 ms  cpu=  0.0% rss= 203.7MB
[interval 14] t= 150.6s msgs=1500382 thr=   150035 msg/s  avg=  4.72 p50=4 p99=18 p999=35 max=81 ms  cpu=  0.0% rss= 203.7MB
[interval 15] t= 160.6s msgs=1500389 thr=   150038 msg/s  avg=  4.75 p50=4 p99=18 p999=30 max=45 ms  cpu=  0.0% rss= 203.7MB
[interval 16] t= 170.6s msgs=1500007 thr=   150000 msg/s  avg=  4.82 p50=4 p99=19 p999=35 max=118 ms  cpu=  0.0% rss= 203.7MB
[interval 17] t= 180.6s msgs=1500074 thr=   150005 msg/s  avg=  4.79 p50=4 p99=18 p999=30 max=52 ms  cpu=  0.0% rss= 203.7MB
[2026-06-17T19:09:03.830Z WARN  confluent_kafka::network_client] [Consumer clientId=consumer-perf, groupId=dz-rustc-1781723103] Error connecting to node b35-pkc-devcozvdmy.us-east-1.aws.devel.cpdev.cloud:9092 (id: 35 rack: Some("use1-az5") isFenced: false): Connection refused (os error 111)
[2026-06-17T19:09:03.831Z WARN  confluent_kafka::network_client] [Consumer clientId=consumer-perf, groupId=dz-rustc-1781723103] Error connecting to node b13-pkc-devcozvdmy.us-east-1.aws.devel.cpdev.cloud:9092 (id: 13 rack: Some("use1-az5") isFenced: false): Connection refused (os error 111)
[2026-06-17T19:09:03.832Z WARN  confluent_kafka::network_client] [Consumer clientId=consumer-perf, groupId=dz-rustc-1781723103] Error connecting to node b31-pkc-devcozvdmy.us-east-1.aws.devel.cpdev.cloud:9092 (id: 31 rack: Some("use1-az5") isFenced: false): Connection refused (os error 111)
[2026-06-17T19:09:03.833Z WARN  confluent_kafka::network_client] [Consumer clientId=consumer-perf, groupId=dz-rustc-1781723103] Error connecting to node b11-pkc-devcozvdmy.us-east-1.aws.devel.cpdev.cloud:9092 (id: 11 rack: Some("use1-az5") isFenced: false): Connection refused (os error 111)
[2026-06-17T19:09:03.834Z WARN  confluent_kafka::network_client] [Consumer clientId=consumer-perf, groupId=dz-rustc-1781723103] Error connecting to node b20-pkc-devcozvdmy.us-east-1.aws.devel.cpdev.cloud:9092 (id: 20 rack: Some("use1-az5") isFenced: false): Connection refused (os error 111)
[2026-06-17T19:09:03.835Z WARN  confluent_kafka::network_client] [Consumer clientId=consumer-perf, groupId=dz-rustc-1781723103] Error connecting to node b1-pkc-devcozvdmy.us-east-1.aws.devel.cpdev.cloud:9092 (id: 1 rack: Some("use1-az5") isFenced: false): Connection refused (os error 111)
[2026-06-17T19:09:03.837Z WARN  confluent_kafka::network_client] [Consumer clientId=consumer-perf, groupId=dz-rustc-1781723103] Error connecting to node b25-pkc-devcozvdmy.us-east-1.aws.devel.cpdev.cloud:9092 (id: 25 rack: Some("use1-az5") isFenced: false): Connection refused (os error 111)
[2026-06-17T19:09:03.838Z WARN  confluent_kafka::network_client] [Consumer clientId=consumer-perf, groupId=dz-rustc-1781723103] Error connecting to node b21-pkc-devcozvdmy.us-east-1.aws.devel.cpdev.cloud:9092 (id: 21 rack: Some("use1-az5") isFenced: false): Connection refused (os error 111)
[2026-06-17T19:09:03.839Z WARN  confluent_kafka::network_client] [Consumer clientId=consumer-perf, groupId=dz-rustc-1781723103] Error connecting to node b2-pkc-devcozvdmy.us-east-1.aws.devel.cpdev.cloud:9092 (id: 2 rack: Some("use1-az5") isFenced: false): Connection refused (os error 111)
[2026-06-17T19:09:03.840Z WARN  confluent_kafka::network_client] [Consumer clientId=consumer-perf, groupId=dz-rustc-1781723103] Error connecting to node b33-pkc-devcozvdmy.us-east-1.aws.devel.cpdev.cloud:9092 (id: 33 rack: Some("use1-az5") isFenced: false): Connection refused (os error 111)
[2026-06-17T19:09:03.842Z WARN  confluent_kafka::network_client] [Consumer clientId=consumer-perf, groupId=dz-rustc-1781723103] Error connecting to node b7-pkc-devcozvdmy.us-east-1.aws.devel.cpdev.cloud:9092 (id: 7 rack: Some("use1-az5") isFenced: false): Connection refused (os error 111)
[2026-06-17T19:09:03.843Z WARN  confluent_kafka::network_client] [Consumer clientId=consumer-perf, groupId=dz-rustc-1781723103] Error connecting to node b23-pkc-devcozvdmy.us-east-1.aws.devel.cpdev.cloud:9092 (id: 23 rack: Some("use1-az5") isFenced: false): Connection refused (os error 111)
[2026-06-17T19:09:03.844Z WARN  confluent_kafka::network_client] [Consumer clientId=consumer-perf, groupId=dz-rustc-1781723103] Error connecting to node b32-pkc-devcozvdmy.us-east-1.aws.devel.cpdev.cloud:9092 (id: 32 rack: Some("use1-az5") isFenced: false): Connection refused (os error 111)
[2026-06-17T19:09:03.845Z WARN  confluent_kafka::network_client] [Consumer clientId=consumer-perf, groupId=dz-rustc-1781723103] Error connecting to node b30-pkc-devcozvdmy.us-east-1.aws.devel.cpdev.cloud:9092 (id: 30 rack: Some("use1-az5") isFenced: false): Connection refused (os error 111)
[2026-06-17T19:09:03.846Z WARN  confluent_kafka::network_client] [Consumer clientId=consumer-perf, groupId=dz-rustc-1781723103] Error connecting to node b10-pkc-devcozvdmy.us-east-1.aws.devel.cpdev.cloud:9092 (id: 10 rack: Some("use1-az5") isFenced: false): Connection refused (os error 111)
[2026-06-17T19:09:03.847Z WARN  confluent_kafka::network_client] [Consumer clientId=consumer-perf, groupId=dz-rustc-1781723103] Error connecting to node b6-pkc-devcozvdmy.us-east-1.aws.devel.cpdev.cloud:9092 (id: 6 rack: Some("use1-az5") isFenced: false): Connection refused (os error 111)
[2026-06-17T19:09:03.848Z WARN  confluent_kafka::network_client] [Consumer clientId=consumer-perf, groupId=dz-rustc-1781723103] Error connecting to node b18-pkc-devcozvdmy.us-east-1.aws.devel.cpdev.cloud:9092 (id: 18 rack: Some("use1-az5") isFenced: false): Connection refused (os error 111)
[2026-06-17T19:09:03.851Z WARN  confluent_kafka::network_client] [Consumer clientId=consumer-perf, groupId=dz-rustc-1781723103] Error connecting to node b4-pkc-devcozvdmy.us-east-1.aws.devel.cpdev.cloud:9092 (id: 4 rack: Some("use1-az5") isFenced: false): Connection refused (os error 111)
[2026-06-17T19:09:03.853Z WARN  confluent_kafka::network_client] [Consumer clientId=consumer-perf, groupId=dz-rustc-1781723103] Error connecting to node b8-pkc-devcozvdmy.us-east-1.aws.devel.cpdev.cloud:9092 (id: 8 rack: Some("use1-az5") isFenced: false): Connection refused (os error 111)
[2026-06-17T19:09:03.854Z WARN  confluent_kafka::network_client] [Consumer clientId=consumer-perf, groupId=dz-rustc-1781723103] Error connecting to node b34-pkc-devcozvdmy.us-east-1.aws.devel.cpdev.cloud:9092 (id: 34 rack: Some("use1-az5") isFenced: false): Connection refused (os error 111)
[2026-06-17T19:09:03.855Z WARN  confluent_kafka::network_client] [Consumer clientId=consumer-perf, groupId=dz-rustc-1781723103] Error connecting to node b26-pkc-devcozvdmy.us-east-1.aws.devel.cpdev.cloud:9092 (id: 26 rack: Some("use1-az5") isFenced: false): Connection refused (os error 111)
[2026-06-17T19:09:03.856Z WARN  confluent_kafka::network_client] [Consumer clientId=consumer-perf, groupId=dz-rustc-1781723103] Error connecting to node b15-pkc-devcozvdmy.us-east-1.aws.devel.cpdev.cloud:9092 (id: 15 rack: Some("use1-az5") isFenced: false): Connection refused (os error 111)
[2026-06-17T19:09:03.857Z WARN  confluent_kafka::network_client] [Consumer clientId=consumer-perf, groupId=dz-rustc-1781723103] Error connecting to node b9-pkc-devcozvdmy.us-east-1.aws.devel.cpdev.cloud:9092 (id: 9 rack: Some("use1-az5") isFenced: false): Connection refused (os error 111)
[2026-06-17T19:09:03.858Z WARN  confluent_kafka::network_client] [Consumer clientId=consumer-perf, groupId=dz-rustc-1781723103] Error connecting to node b12-pkc-devcozvdmy.us-east-1.aws.devel.cpdev.cloud:9092 (id: 12 rack: Some("use1-az5") isFenced: false): Connection refused (os error 111)
[2026-06-17T19:09:03.859Z WARN  confluent_kafka::network_client] [Consumer clientId=consumer-perf, groupId=dz-rustc-1781723103] Error connecting to node b29-pkc-devcozvdmy.us-east-1.aws.devel.cpdev.cloud:9092 (id: 29 rack: Some("use1-az5") isFenced: false): Connection refused (os error 111)
[2026-06-17T19:09:03.860Z WARN  confluent_kafka::network_client] [Consumer clientId=consumer-perf, groupId=dz-rustc-1781723103] Error connecting to node b5-pkc-devcozvdmy.us-east-1.aws.devel.cpdev.cloud:9092 (id: 5 rack: Some("use1-az5") isFenced: false): Connection refused (os error 111)
[2026-06-17T19:09:03.861Z WARN  confluent_kafka::network_client] [Consumer clientId=consumer-perf, groupId=dz-rustc-1781723103] Error connecting to node b27-pkc-devcozvdmy.us-east-1.aws.devel.cpdev.cloud:9092 (id: 27 rack: Some("use1-az5") isFenced: false): Connection refused (os error 111)
[2026-06-17T19:09:03.862Z WARN  confluent_kafka::network_client] [Consumer clientId=consumer-perf, groupId=dz-rustc-1781723103] Error connecting to node b16-pkc-devcozvdmy.us-east-1.aws.devel.cpdev.cloud:9092 (id: 16 rack: Some("use1-az5") isFenced: false): Connection refused (os error 111)
[2026-06-17T19:09:03.863Z WARN  confluent_kafka::network_client] [Consumer clientId=consumer-perf, groupId=dz-rustc-1781723103] Error connecting to node b3-pkc-devcozvdmy.us-east-1.aws.devel.cpdev.cloud:9092 (id: 3 rack: Some("use1-az5") isFenced: false): Connection refused (os error 111)
[2026-06-17T19:09:03.864Z WARN  confluent_kafka::network_client] [Consumer clientId=consumer-perf, groupId=dz-rustc-1781723103] Error connecting to node b28-pkc-devcozvdmy.us-east-1.aws.devel.cpdev.cloud:9092 (id: 28 rack: Some("use1-az5") isFenced: false): Connection refused (os error 111)
[2026-06-17T19:09:04.100Z WARN  confluent_kafka::network_client] [Consumer clientId=consumer-perf, groupId=dz-rustc-1781723103] Error connecting to node b3-pkc-devcozvdmy.us-east-1.aws.devel.cpdev.cloud:9092 (id: 3 rack: Some("use1-az5") isFenced: false): Connection refused (os error 111)
[2026-06-17T19:09:04.152Z WARN  confluent_kafka::network_client] [Consumer clientId=consumer-perf, groupId=dz-rustc-1781723103] Error connecting to node b1-pkc-devcozvdmy.us-east-1.aws.devel.cpdev.cloud:9092 (id: 1 rack: Some("use1-az5") isFenced: false): Connection refused (os error 111)
[2026-06-17T19:09:04.163Z WARN  confluent_kafka::network_client] [Consumer clientId=consumer-perf, groupId=dz-rustc-1781723103] Error connecting to node b15-pkc-devcozvdmy.us-east-1.aws.devel.cpdev.cloud:9092 (id: 15 rack: Some("use1-az5") isFenced: false): Connection refused (os error 111)
[2026-06-17T19:09:04.164Z WARN  confluent_kafka::network_client] [Consumer clientId=consumer-perf, groupId=dz-rustc-1781723103] Error connecting to node b30-pkc-devcozvdmy.us-east-1.aws.devel.cpdev.cloud:9092 (id: 30 rack: Some("use1-az5") isFenced: false): Connection refused (os error 111)
[2026-06-17T19:09:04.167Z WARN  confluent_kafka::network_client] [Consumer clientId=consumer-perf, groupId=dz-rustc-1781723103] Error connecting to node b11-pkc-devcozvdmy.us-east-1.aws.devel.cpdev.cloud:9092 (id: 11 rack: Some("use1-az5") isFenced: false): Connection refused (os error 111)
[2026-06-17T19:09:04.168Z WARN  confluent_kafka::network_client] [Consumer clientId=consumer-perf, groupId=dz-rustc-1781723103] Error connecting to node b25-pkc-devcozvdmy.us-east-1.aws.devel.cpdev.cloud:9092 (id: 25 rack: Some("use1-az5") isFenced: false): Connection refused (os error 111)
[2026-06-17T19:09:04.169Z WARN  confluent_kafka::network_client] [Consumer clientId=consumer-perf, groupId=dz-rustc-1781723103] Error connecting to node b31-pkc-devcozvdmy.us-east-1.aws.devel.cpdev.cloud:9092 (id: 31 rack: Some("use1-az5") isFenced: false): Connection refused (os error 111)
[2026-06-17T19:09:04.170Z WARN  confluent_kafka::network_client] [Consumer clientId=consumer-perf, groupId=dz-rustc-1781723103] Error connecting to node b32-pkc-devcozvdmy.us-east-1.aws.devel.cpdev.cloud:9092 (id: 32 rack: Some("use1-az5") isFenced: false): Connection refused (os error 111)
[2026-06-17T19:09:04.171Z WARN  confluent_kafka::network_client] [Consumer clientId=consumer-perf, groupId=dz-rustc-1781723103] Error connecting to node b14-pkc-devcozvdmy.us-east-1.aws.devel.cpdev.cloud:9092 (id: 14 rack: Some("use1-az5") isFenced: false): Connection refused (os error 111)
[2026-06-17T19:09:04.172Z WARN  confluent_kafka::network_client] [Consumer clientId=consumer-perf, groupId=dz-rustc-1781723103] Error connecting to node b17-pkc-devcozvdmy.us-east-1.aws.devel.cpdev.cloud:9092 (id: 17 rack: Some("use1-az5") isFenced: false): Connection refused (os error 111)
[2026-06-17T19:09:04.173Z WARN  confluent_kafka::network_client] [Consumer clientId=consumer-perf, groupId=dz-rustc-1781723103] Error connecting to node b23-pkc-devcozvdmy.us-east-1.aws.devel.cpdev.cloud:9092 (id: 23 rack: Some("use1-az5") isFenced: false): Connection refused (os error 111)
[2026-06-17T19:09:04.174Z WARN  confluent_kafka::network_client] [Consumer clientId=consumer-perf, groupId=dz-rustc-1781723103] Error connecting to node b4-pkc-devcozvdmy.us-east-1.aws.devel.cpdev.cloud:9092 (id: 4 rack: Some("use1-az5") isFenced: false): Connection refused (os error 111)
[2026-06-17T19:09:04.175Z WARN  confluent_kafka::network_client] [Consumer clientId=consumer-perf, groupId=dz-rustc-1781723103] Error connecting to node b10-pkc-devcozvdmy.us-east-1.aws.devel.cpdev.cloud:9092 (id: 10 rack: Some("use1-az5") isFenced: false): Connection refused (os error 111)
[2026-06-17T19:09:04.176Z WARN  confluent_kafka::network_client] [Consumer clientId=consumer-perf, groupId=dz-rustc-1781723103] Error connecting to node b26-pkc-devcozvdmy.us-east-1.aws.devel.cpdev.cloud:9092 (id: 26 rack: Some("use1-az5") isFenced: false): Connection refused (os error 111)
[2026-06-17T19:09:04.177Z WARN  confluent_kafka::network_client] [Consumer clientId=consumer-perf, groupId=dz-rustc-1781723103] Error connecting to node b33-pkc-devcozvdmy.us-east-1.aws.devel.cpdev.cloud:9092 (id: 33 rack: Some("use1-az5") isFenced: false): Connection refused (os error 111)
[2026-06-17T19:09:04.178Z WARN  confluent_kafka::network_client] [Consumer clientId=consumer-perf, groupId=dz-rustc-1781723103] Error connecting to node b24-pkc-devcozvdmy.us-east-1.aws.devel.cpdev.cloud:9092 (id: 24 rack: Some("use1-az5") isFenced: false): Connection refused (os error 111)
[2026-06-17T19:09:04.179Z WARN  confluent_kafka::network_client] [Consumer clientId=consumer-perf, groupId=dz-rustc-1781723103] Error connecting to node b27-pkc-devcozvdmy.us-east-1.aws.devel.cpdev.cloud:9092 (id: 27 rack: Some("use1-az5") isFenced: false): Connection refused (os error 111)
[2026-06-17T19:09:04.181Z WARN  confluent_kafka::network_client] [Consumer clientId=consumer-perf, groupId=dz-rustc-1781723103] Error connecting to node b21-pkc-devcozvdmy.us-east-1.aws.devel.cpdev.cloud:9092 (id: 21 rack: Some("use1-az5") isFenced: false): Connection refused (os error 111)
[2026-06-17T19:09:04.181Z WARN  confluent_kafka::network_client] [Consumer clientId=consumer-perf, groupId=dz-rustc-1781723103] Error connecting to node b29-pkc-devcozvdmy.us-east-1.aws.devel.cpdev.cloud:9092 (id: 29 rack: Some("use1-az5") isFenced: false): Connection refused (os error 111)
[2026-06-17T19:09:04.182Z WARN  confluent_kafka::network_client] [Consumer clientId=consumer-perf, groupId=dz-rustc-1781723103] Error connecting to node b22-pkc-devcozvdmy.us-east-1.aws.devel.cpdev.cloud:9092 (id: 22 rack: Some("use1-az5") isFenced: false): Connection refused (os error 111)
[2026-06-17T19:09:04.183Z WARN  confluent_kafka::network_client] [Consumer clientId=consumer-perf, groupId=dz-rustc-1781723103] Error connecting to node b20-pkc-devcozvdmy.us-east-1.aws.devel.cpdev.cloud:9092 (id: 20 rack: Some("use1-az5") isFenced: false): Connection refused (os error 111)
[2026-06-17T19:09:04.184Z WARN  confluent_kafka::network_client] [Consumer clientId=consumer-perf, groupId=dz-rustc-1781723103] Error connecting to node b34-pkc-devcozvdmy.us-east-1.aws.devel.cpdev.cloud:9092 (id: 34 rack: Some("use1-az5") isFenced: false): Connection refused (os error 111)
[2026-06-17T19:09:04.185Z WARN  confluent_kafka::network_client] [Consumer clientId=consumer-perf, groupId=dz-rustc-1781723103] Error connecting to node b12-pkc-devcozvdmy.us-east-1.aws.devel.cpdev.cloud:9092 (id: 12 rack: Some("use1-az5") isFenced: false): Connection refused (os error 111)
[2026-06-17T19:09:04.186Z WARN  confluent_kafka::network_client] [Consumer clientId=consumer-perf, groupId=dz-rustc-1781723103] Error connecting to node b2-pkc-devcozvdmy.us-east-1.aws.devel.cpdev.cloud:9092 (id: 2 rack: Some("use1-az5") isFenced: false): Connection refused (os error 111)
[2026-06-17T19:09:04.187Z WARN  confluent_kafka::network_client] [Consumer clientId=consumer-perf, groupId=dz-rustc-1781723103] Error connecting to node b7-pkc-devcozvdmy.us-east-1.aws.devel.cpdev.cloud:9092 (id: 7 rack: Some("use1-az5") isFenced: false): Connection refused (os error 111)
[2026-06-17T19:09:04.188Z WARN  confluent_kafka::network_client] [Consumer clientId=consumer-perf, groupId=dz-rustc-1781723103] Error connecting to node b5-pkc-devcozvdmy.us-east-1.aws.devel.cpdev.cloud:9092 (id: 5 rack: Some("use1-az5") isFenced: false): Connection refused (os error 111)
[2026-06-17T19:09:04.189Z WARN  confluent_kafka::network_client] [Consumer clientId=consumer-perf, groupId=dz-rustc-1781723103] Error connecting to node b8-pkc-devcozvdmy.us-east-1.aws.devel.cpdev.cloud:9092 (id: 8 rack: Some("use1-az5") isFenced: false): Connection refused (os error 111)
[2026-06-17T19:09:04.190Z WARN  confluent_kafka::network_client] [Consumer clientId=consumer-perf, groupId=dz-rustc-1781723103] Error connecting to node b9-pkc-devcozvdmy.us-east-1.aws.devel.cpdev.cloud:9092 (id: 9 rack: Some("use1-az5") isFenced: false): Connection refused (os error 111)
[2026-06-17T19:09:04.191Z WARN  confluent_kafka::network_client] [Consumer clientId=consumer-perf, groupId=dz-rustc-1781723103] Error connecting to node b0-pkc-devcozvdmy.us-east-1.aws.devel.cpdev.cloud:9092 (id: 0 rack: Some("use1-az5") isFenced: false): Connection refused (os error 111)
[2026-06-17T19:09:04.192Z WARN  confluent_kafka::network_client] [Consumer clientId=consumer-perf, groupId=dz-rustc-1781723103] Error connecting to node b18-pkc-devcozvdmy.us-east-1.aws.devel.cpdev.cloud:9092 (id: 18 rack: Some("use1-az5") isFenced: false): Connection refused (os error 111)
[2026-06-17T19:09:04.192Z WARN  confluent_kafka::network_client] [Consumer clientId=consumer-perf, groupId=dz-rustc-1781723103] Error connecting to node b28-pkc-devcozvdmy.us-east-1.aws.devel.cpdev.cloud:9092 (id: 28 rack: Some("use1-az5") isFenced: false): Connection refused (os error 111)
[2026-06-17T19:09:04.193Z WARN  confluent_kafka::network_client] [Consumer clientId=consumer-perf, groupId=dz-rustc-1781723103] Error connecting to node b13-pkc-devcozvdmy.us-east-1.aws.devel.cpdev.cloud:9092 (id: 13 rack: Some("use1-az5") isFenced: false): Connection refused (os error 111)
[2026-06-17T19:09:04.194Z WARN  confluent_kafka::network_client] [Consumer clientId=consumer-perf, groupId=dz-rustc-1781723103] Error connecting to node b6-pkc-devcozvdmy.us-east-1.aws.devel.cpdev.cloud:9092 (id: 6 rack: Some("use1-az5") isFenced: false): Connection refused (os error 111)
[2026-06-17T19:09:04.195Z WARN  confluent_kafka::network_client] [Consumer clientId=consumer-perf, groupId=dz-rustc-1781723103] Error connecting to node b35-pkc-devcozvdmy.us-east-1.aws.devel.cpdev.cloud:9092 (id: 35 rack: Some("use1-az5") isFenced: false): Connection refused (os error 111)
[2026-06-17T19:09:04.196Z WARN  confluent_kafka::network_client] [Consumer clientId=consumer-perf, groupId=dz-rustc-1781723103] Error connecting to node b16-pkc-devcozvdmy.us-east-1.aws.devel.cpdev.cloud:9092 (id: 16 rack: Some("use1-az5") isFenced: false): Connection refused (os error 111)
[2026-06-17T19:09:04.197Z WARN  confluent_kafka::network_client] [Consumer clientId=consumer-perf, groupId=dz-rustc-1781723103] Error connecting to node b19-pkc-devcozvdmy.us-east-1.aws.devel.cpdev.cloud:9092 (id: 19 rack: Some("use1-az5") isFenced: false): Connection refused (os error 111)
[2026-06-17T19:09:04.247Z WARN  confluent_kafka::network_client] [Consumer clientId=consumer-perf, groupId=dz-rustc-1781723103] Error connecting to node b24-pkc-devcozvdmy.us-east-1.aws.devel.cpdev.cloud:9092 (id: 24 rack: Some("use1-az5") isFenced: false): Connection refused (os error 111)
[2026-06-17T19:09:04.256Z WARN  confluent_kafka::network_client] [Consumer clientId=consumer-perf, groupId=dz-rustc-1781723103] Error connecting to node b22-pkc-devcozvdmy.us-east-1.aws.devel.cpdev.cloud:9092 (id: 22 rack: Some("use1-az5") isFenced: false): Connection refused (os error 111)
[2026-06-17T19:09:04.266Z WARN  confluent_kafka::network_client] [Consumer clientId=consumer-perf, groupId=dz-rustc-1781723103] Error connecting to node b0-pkc-devcozvdmy.us-east-1.aws.devel.cpdev.cloud:9092 (id: 0 rack: Some("use1-az5") isFenced: false): Connection refused (os error 111)
[2026-06-17T19:09:04.267Z WARN  confluent_kafka::network_client] [Consumer clientId=consumer-perf, groupId=dz-rustc-1781723103] Error connecting to node b19-pkc-devcozvdmy.us-east-1.aws.devel.cpdev.cloud:9092 (id: 19 rack: Some("use1-az5") isFenced: false): Connection refused (os error 111)
[2026-06-17T19:09:04.268Z WARN  confluent_kafka::network_client] [Consumer clientId=consumer-perf, groupId=dz-rustc-1781723103] Error connecting to node b17-pkc-devcozvdmy.us-east-1.aws.devel.cpdev.cloud:9092 (id: 17 rack: Some("use1-az5") isFenced: false): Connection refused (os error 111)
[2026-06-17T19:09:04.269Z WARN  confluent_kafka::network_client] [Consumer clientId=consumer-perf, groupId=dz-rustc-1781723103] Error connecting to node b14-pkc-devcozvdmy.us-east-1.aws.devel.cpdev.cloud:9092 (id: 14 rack: Some("use1-az5") isFenced: false): Connection refused (os error 111)
[2026-06-17T19:09:04.317Z WARN  confluent_kafka::network_client] [Consumer clientId=consumer-perf, groupId=dz-rustc-1781723103] Error connecting to node b3-pkc-devcozvdmy.us-east-1.aws.devel.cpdev.cloud:9092 (id: 3 rack: Some("use1-az5") isFenced: false): Connection refused (os error 111)
[2026-06-17T19:09:04.323Z WARN  confluent_kafka::network_client] [Consumer clientId=consumer-perf, groupId=dz-rustc-1781723103] Error connecting to node b1-pkc-devcozvdmy.us-east-1.aws.devel.cpdev.cloud:9092 (id: 1 rack: Some("use1-az5") isFenced: false): Connection refused (os error 111)
[2026-06-17T19:09:04.326Z WARN  confluent_kafka::network_client] [Consumer clientId=consumer-perf, groupId=dz-rustc-1781723103] Error connecting to node b31-pkc-devcozvdmy.us-east-1.aws.devel.cpdev.cloud:9092 (id: 31 rack: Some("use1-az5") isFenced: false): Connection refused (os error 111)
[2026-06-17T19:09:04.329Z WARN  confluent_kafka::network_client] [Consumer clientId=consumer-perf, groupId=dz-rustc-1781723103] Error connecting to node b12-pkc-devcozvdmy.us-east-1.aws.devel.cpdev.cloud:9092 (id: 12 rack: Some("use1-az5") isFenced: false): Connection refused (os error 111)
[2026-06-17T19:09:04.336Z WARN  confluent_kafka::network_client] [Consumer clientId=consumer-perf, groupId=dz-rustc-1781723103] Error connecting to node b10-pkc-devcozvdmy.us-east-1.aws.devel.cpdev.cloud:9092 (id: 10 rack: Some("use1-az5") isFenced: false): Connection refused (os error 111)
[2026-06-17T19:09:04.337Z WARN  confluent_kafka::network_client] [Consumer clientId=consumer-perf, groupId=dz-rustc-1781723103] Error connecting to node b15-pkc-devcozvdmy.us-east-1.aws.devel.cpdev.cloud:9092 (id: 15 rack: Some("use1-az5") isFenced: false): Connection refused (os error 111)
[2026-06-17T19:09:04.339Z WARN  confluent_kafka::network_client] [Consumer clientId=consumer-perf, groupId=dz-rustc-1781723103] Error connecting to node b7-pkc-devcozvdmy.us-east-1.aws.devel.cpdev.cloud:9092 (id: 7 rack: Some("use1-az5") isFenced: false): Connection refused (os error 111)
[2026-06-17T19:09:04.340Z WARN  confluent_kafka::network_client] [Consumer clientId=consumer-perf, groupId=dz-rustc-1781723103] Error connecting to node b5-pkc-devcozvdmy.us-east-1.aws.devel.cpdev.cloud:9092 (id: 5 rack: Some("use1-az5") isFenced: false): Connection refused (os error 111)
[2026-06-17T19:09:04.344Z WARN  confluent_kafka::network_client] [Consumer clientId=consumer-perf, groupId=dz-rustc-1781723103] Error connecting to node b4-pkc-devcozvdmy.us-east-1.aws.devel.cpdev.cloud:9092 (id: 4 rack: Some("use1-az5") isFenced: false): Connection refused (os error 111)
[2026-06-17T19:09:04.346Z WARN  confluent_kafka::network_client] [Consumer clientId=consumer-perf, groupId=dz-rustc-1781723103] Error connecting to node b27-pkc-devcozvdmy.us-east-1.aws.devel.cpdev.cloud:9092 (id: 27 rack: Some("use1-az5") isFenced: false): Connection refused (os error 111)
[2026-06-17T19:09:04.348Z WARN  confluent_kafka::network_client] [Consumer clientId=consumer-perf, groupId=dz-rustc-1781723103] Error connecting to node b21-pkc-devcozvdmy.us-east-1.aws.devel.cpdev.cloud:9092 (id: 21 rack: Some("use1-az5") isFenced: false): Connection refused (os error 111)
[2026-06-17T19:09:04.348Z WARN  confluent_kafka::network_client] [Consumer clientId=consumer-perf, groupId=dz-rustc-1781723103] Error connecting to node b34-pkc-devcozvdmy.us-east-1.aws.devel.cpdev.cloud:9092 (id: 34 rack: Some("use1-az5") isFenced: false): Connection refused (os error 111)
[2026-06-17T19:09:04.353Z WARN  confluent_kafka::network_client] [Consumer clientId=consumer-perf, groupId=dz-rustc-1781723103] Error connecting to node b9-pkc-devcozvdmy.us-east-1.aws.devel.cpdev.cloud:9092 (id: 9 rack: Some("use1-az5") isFenced: false): Connection refused (os error 111)
[2026-06-17T19:09:04.354Z WARN  confluent_kafka::network_client] [Consumer clientId=consumer-perf, groupId=dz-rustc-1781723103] Error connecting to node b26-pkc-devcozvdmy.us-east-1.aws.devel.cpdev.cloud:9092 (id: 26 rack: Some("use1-az5") isFenced: false): Connection refused (os error 111)
[2026-06-17T19:09:04.356Z WARN  confluent_kafka::network_client] [Consumer clientId=consumer-perf, groupId=dz-rustc-1781723103] Error connecting to node b6-pkc-devcozvdmy.us-east-1.aws.devel.cpdev.cloud:9092 (id: 6 rack: Some("use1-az5") isFenced: false): Connection refused (os error 111)
[2026-06-17T19:09:04.359Z WARN  confluent_kafka::network_client] [Consumer clientId=consumer-perf, groupId=dz-rustc-1781723103] Error connecting to node b11-pkc-devcozvdmy.us-east-1.aws.devel.cpdev.cloud:9092 (id: 11 rack: Some("use1-az5") isFenced: false): Connection refused (os error 111)
[2026-06-17T19:09:04.365Z WARN  confluent_kafka::network_client] [Consumer clientId=consumer-perf, groupId=dz-rustc-1781723103] Error connecting to node b30-pkc-devcozvdmy.us-east-1.aws.devel.cpdev.cloud:9092 (id: 30 rack: Some("use1-az5") isFenced: false): Connection refused (os error 111)
[2026-06-17T19:09:04.367Z WARN  confluent_kafka::network_client] [Consumer clientId=consumer-perf, groupId=dz-rustc-1781723103] Error connecting to node b8-pkc-devcozvdmy.us-east-1.aws.devel.cpdev.cloud:9092 (id: 8 rack: Some("use1-az5") isFenced: false): Connection refused (os error 111)
[2026-06-17T19:09:04.368Z WARN  confluent_kafka::network_client] [Consumer clientId=consumer-perf, groupId=dz-rustc-1781723103] Error connecting to node b29-pkc-devcozvdmy.us-east-1.aws.devel.cpdev.cloud:9092 (id: 29 rack: Some("use1-az5") isFenced: false): Connection refused (os error 111)
[2026-06-17T19:09:04.370Z WARN  confluent_kafka::network_client] [Consumer clientId=consumer-perf, groupId=dz-rustc-1781723103] Error connecting to node b28-pkc-devcozvdmy.us-east-1.aws.devel.cpdev.cloud:9092 (id: 28 rack: Some("use1-az5") isFenced: false): Connection refused (os error 111)
[2026-06-17T19:09:04.371Z WARN  confluent_kafka::network_client] [Consumer clientId=consumer-perf, groupId=dz-rustc-1781723103] Error connecting to node b16-pkc-devcozvdmy.us-east-1.aws.devel.cpdev.cloud:9092 (id: 16 rack: Some("use1-az5") isFenced: false): Connection refused (os error 111)
[2026-06-17T19:09:04.371Z WARN  confluent_kafka::network_client] [Consumer clientId=consumer-perf, groupId=dz-rustc-1781723103] Error connecting to node b25-pkc-devcozvdmy.us-east-1.aws.devel.cpdev.cloud:9092 (id: 25 rack: Some("use1-az5") isFenced: false): Connection refused (os error 111)
[2026-06-17T19:09:04.372Z WARN  confluent_kafka::network_client] [Consumer clientId=consumer-perf, groupId=dz-rustc-1781723103] Error connecting to node b35-pkc-devcozvdmy.us-east-1.aws.devel.cpdev.cloud:9092 (id: 35 rack: Some("use1-az5") isFenced: false): Connection refused (os error 111)
[2026-06-17T19:09:04.373Z WARN  confluent_kafka::network_client] [Consumer clientId=consumer-perf, groupId=dz-rustc-1781723103] Error connecting to node b2-pkc-devcozvdmy.us-east-1.aws.devel.cpdev.cloud:9092 (id: 2 rack: Some("use1-az5") isFenced: false): Connection refused (os error 111)
[2026-06-17T19:09:04.376Z WARN  confluent_kafka::network_client] [Consumer clientId=consumer-perf, groupId=dz-rustc-1781723103] Error connecting to node b33-pkc-devcozvdmy.us-east-1.aws.devel.cpdev.cloud:9092 (id: 33 rack: Some("use1-az5") isFenced: false): Connection refused (os error 111)
[2026-06-17T19:09:04.379Z WARN  confluent_kafka::network_client] [Consumer clientId=consumer-perf, groupId=dz-rustc-1781723103] Error connecting to node b23-pkc-devcozvdmy.us-east-1.aws.devel.cpdev.cloud:9092 (id: 23 rack: Some("use1-az5") isFenced: false): Connection refused (os error 111)
[2026-06-17T19:09:04.381Z WARN  confluent_kafka::network_client] [Consumer clientId=consumer-perf, groupId=dz-rustc-1781723103] Error connecting to node b13-pkc-devcozvdmy.us-east-1.aws.devel.cpdev.cloud:9092 (id: 13 rack: Some("use1-az5") isFenced: false): Connection refused (os error 111)
[2026-06-17T19:09:04.385Z WARN  confluent_kafka::network_client] [Consumer clientId=consumer-perf, groupId=dz-rustc-1781723103] Error connecting to node b18-pkc-devcozvdmy.us-east-1.aws.devel.cpdev.cloud:9092 (id: 18 rack: Some("use1-az5") isFenced: false): Connection refused (os error 111)
[2026-06-17T19:09:04.386Z WARN  confluent_kafka::network_client] [Consumer clientId=consumer-perf, groupId=dz-rustc-1781723103] Error connecting to node b20-pkc-devcozvdmy.us-east-1.aws.devel.cpdev.cloud:9092 (id: 20 rack: Some("use1-az5") isFenced: false): Connection refused (os error 111)
[2026-06-17T19:09:04.389Z WARN  confluent_kafka::network_client] [Consumer clientId=consumer-perf, groupId=dz-rustc-1781723103] Error connecting to node b32-pkc-devcozvdmy.us-east-1.aws.devel.cpdev.cloud:9092 (id: 32 rack: Some("use1-az5") isFenced: false): Connection refused (os error 111)
[2026-06-17T19:09:04.408Z WARN  confluent_kafka::network_client] [Consumer clientId=consumer-perf, groupId=dz-rustc-1781723103] Error connecting to node b24-pkc-devcozvdmy.us-east-1.aws.devel.cpdev.cloud:9092 (id: 24 rack: Some("use1-az5") isFenced: false): Connection refused (os error 111)
[2026-06-17T19:09:04.443Z WARN  confluent_kafka::network_client] [Consumer clientId=consumer-perf, groupId=dz-rustc-1781723103] Error connecting to node b14-pkc-devcozvdmy.us-east-1.aws.devel.cpdev.cloud:9092 (id: 14 rack: Some("use1-az5") isFenced: false): Connection refused (os error 111)
[2026-06-17T19:09:04.460Z WARN  confluent_kafka::network_client] [Consumer clientId=consumer-perf, groupId=dz-rustc-1781723103] Error connecting to node b0-pkc-devcozvdmy.us-east-1.aws.devel.cpdev.cloud:9092 (id: 0 rack: Some("use1-az5") isFenced: false): Connection refused (os error 111)
[2026-06-17T19:09:04.497Z WARN  confluent_kafka::network_client] [Consumer clientId=consumer-perf, groupId=dz-rustc-1781723103] Error connecting to node b22-pkc-devcozvdmy.us-east-1.aws.devel.cpdev.cloud:9092 (id: 22 rack: Some("use1-az5") isFenced: false): Connection refused (os error 111)
[2026-06-17T19:09:04.504Z WARN  confluent_kafka::network_client] [Consumer clientId=consumer-perf, groupId=dz-rustc-1781723103] Error connecting to node b19-pkc-devcozvdmy.us-east-1.aws.devel.cpdev.cloud:9092 (id: 19 rack: Some("use1-az5") isFenced: false): Connection refused (os error 111)
[2026-06-17T19:09:04.505Z WARN  confluent_kafka::network_client] [Consumer clientId=consumer-perf, groupId=dz-rustc-1781723103] Error connecting to node b17-pkc-devcozvdmy.us-east-1.aws.devel.cpdev.cloud:9092 (id: 17 rack: Some("use1-az5") isFenced: false): Connection refused (os error 111)
[2026-06-17T19:09:04.672Z WARN  confluent_kafka::network_client] [Consumer clientId=consumer-perf, groupId=dz-rustc-1781723103] Error connecting to node b7-pkc-devcozvdmy.us-east-1.aws.devel.cpdev.cloud:9092 (id: 7 rack: Some("use1-az5") isFenced: false): Connection refused (os error 111)
[2026-06-17T19:09:04.674Z WARN  confluent_kafka::network_client] [Consumer clientId=consumer-perf, groupId=dz-rustc-1781723103] Error connecting to node b5-pkc-devcozvdmy.us-east-1.aws.devel.cpdev.cloud:9092 (id: 5 rack: Some("use1-az5") isFenced: false): Connection refused (os error 111)
[2026-06-17T19:09:04.683Z WARN  confluent_kafka::network_client] [Consumer clientId=consumer-perf, groupId=dz-rustc-1781723103] Error connecting to node b27-pkc-devcozvdmy.us-east-1.aws.devel.cpdev.cloud:9092 (id: 27 rack: Some("use1-az5") isFenced: false): Connection refused (os error 111)
[2026-06-17T19:09:04.687Z WARN  confluent_kafka::network_client] [Consumer clientId=consumer-perf, groupId=dz-rustc-1781723103] Error connecting to node b15-pkc-devcozvdmy.us-east-1.aws.devel.cpdev.cloud:9092 (id: 15 rack: Some("use1-az5") isFenced: false): Connection refused (os error 111)
[2026-06-17T19:09:04.693Z WARN  confluent_kafka::network_client] [Consumer clientId=consumer-perf, groupId=dz-rustc-1781723103] Error connecting to node b8-pkc-devcozvdmy.us-east-1.aws.devel.cpdev.cloud:9092 (id: 8 rack: Some("use1-az5") isFenced: false): Connection refused (os error 111)
[2026-06-17T19:09:04.695Z WARN  confluent_kafka::network_client] [Consumer clientId=consumer-perf, groupId=dz-rustc-1781723103] Error connecting to node b35-pkc-devcozvdmy.us-east-1.aws.devel.cpdev.cloud:9092 (id: 35 rack: Some("use1-az5") isFenced: false): Connection refused (os error 111)
[2026-06-17T19:09:04.708Z WARN  confluent_kafka::network_client] [Consumer clientId=consumer-perf, groupId=dz-rustc-1781723103] Error connecting to node b10-pkc-devcozvdmy.us-east-1.aws.devel.cpdev.cloud:9092 (id: 10 rack: Some("use1-az5") isFenced: false): Connection refused (os error 111)
[2026-06-17T19:09:04.711Z WARN  confluent_kafka::network_client] [Consumer clientId=consumer-perf, groupId=dz-rustc-1781723103] Error connecting to node b30-pkc-devcozvdmy.us-east-1.aws.devel.cpdev.cloud:9092 (id: 30 rack: Some("use1-az5") isFenced: false): Connection refused (os error 111)
[2026-06-17T19:09:04.712Z WARN  confluent_kafka::network_client] [Consumer clientId=consumer-perf, groupId=dz-rustc-1781723103] Error connecting to node b31-pkc-devcozvdmy.us-east-1.aws.devel.cpdev.cloud:9092 (id: 31 rack: Some("use1-az5") isFenced: false): Connection refused (os error 111)
[2026-06-17T19:09:04.714Z WARN  confluent_kafka::network_client] [Consumer clientId=consumer-perf, groupId=dz-rustc-1781723103] Error connecting to node b25-pkc-devcozvdmy.us-east-1.aws.devel.cpdev.cloud:9092 (id: 25 rack: Some("use1-az5") isFenced: false): Connection refused (os error 111)
[2026-06-17T19:09:04.733Z WARN  confluent_kafka::network_client] [Consumer clientId=consumer-perf, groupId=dz-rustc-1781723103] Error connecting to node b33-pkc-devcozvdmy.us-east-1.aws.devel.cpdev.cloud:9092 (id: 33 rack: Some("use1-az5") isFenced: false): Connection refused (os error 111)
[2026-06-17T19:09:04.737Z WARN  confluent_kafka::network_client] [Consumer clientId=consumer-perf, groupId=dz-rustc-1781723103] Error connecting to node b21-pkc-devcozvdmy.us-east-1.aws.devel.cpdev.cloud:9092 (id: 21 rack: Some("use1-az5") isFenced: false): Connection refused (os error 111)
[2026-06-17T19:09:04.742Z WARN  confluent_kafka::network_client] [Consumer clientId=consumer-perf, groupId=dz-rustc-1781723103] Error connecting to node b6-pkc-devcozvdmy.us-east-1.aws.devel.cpdev.cloud:9092 (id: 6 rack: Some("use1-az5") isFenced: false): Connection refused (os error 111)
[2026-06-17T19:09:04.746Z WARN  confluent_kafka::network_client] [Consumer clientId=consumer-perf, groupId=dz-rustc-1781723103] Error connecting to node b1-pkc-devcozvdmy.us-east-1.aws.devel.cpdev.cloud:9092 (id: 1 rack: Some("use1-az5") isFenced: false): Connection refused (os error 111)
[2026-06-17T19:09:04.748Z WARN  confluent_kafka::network_client] [Consumer clientId=consumer-perf, groupId=dz-rustc-1781723103] Error connecting to node b23-pkc-devcozvdmy.us-east-1.aws.devel.cpdev.cloud:9092 (id: 23 rack: Some("use1-az5") isFenced: false): Connection refused (os error 111)
[2026-06-17T19:09:04.762Z WARN  confluent_kafka::network_client] [Consumer clientId=consumer-perf, groupId=dz-rustc-1781723103] Error connecting to node b16-pkc-devcozvdmy.us-east-1.aws.devel.cpdev.cloud:9092 (id: 16 rack: Some("use1-az5") isFenced: false): Connection refused (os error 111)
[2026-06-17T19:09:04.766Z WARN  confluent_kafka::network_client] [Consumer clientId=consumer-perf, groupId=dz-rustc-1781723103] Error connecting to node b32-pkc-devcozvdmy.us-east-1.aws.devel.cpdev.cloud:9092 (id: 32 rack: Some("use1-az5") isFenced: false): Connection refused (os error 111)
[2026-06-17T19:09:04.769Z WARN  confluent_kafka::network_client] [Consumer clientId=consumer-perf, groupId=dz-rustc-1781723103] Error connecting to node b11-pkc-devcozvdmy.us-east-1.aws.devel.cpdev.cloud:9092 (id: 11 rack: Some("use1-az5") isFenced: false): Connection refused (os error 111)
[2026-06-17T19:09:04.774Z WARN  confluent_kafka::network_client] [Consumer clientId=consumer-perf, groupId=dz-rustc-1781723103] Error connecting to node b3-pkc-devcozvdmy.us-east-1.aws.devel.cpdev.cloud:9092 (id: 3 rack: Some("use1-az5") isFenced: false): Connection refused (os error 111)
[2026-06-17T19:09:04.776Z WARN  confluent_kafka::network_client] [Consumer clientId=consumer-perf, groupId=dz-rustc-1781723103] Error connecting to node b13-pkc-devcozvdmy.us-east-1.aws.devel.cpdev.cloud:9092 (id: 13 rack: Some("use1-az5") isFenced: false): Connection refused (os error 111)
[2026-06-17T19:09:04.779Z WARN  confluent_kafka::network_client] [Consumer clientId=consumer-perf, groupId=dz-rustc-1781723103] Error connecting to node b29-pkc-devcozvdmy.us-east-1.aws.devel.cpdev.cloud:9092 (id: 29 rack: Some("use1-az5") isFenced: false): Connection refused (os error 111)
[2026-06-17T19:09:04.785Z WARN  confluent_kafka::network_client] [Consumer clientId=consumer-perf, groupId=dz-rustc-1781723103] Error connecting to node b34-pkc-devcozvdmy.us-east-1.aws.devel.cpdev.cloud:9092 (id: 34 rack: Some("use1-az5") isFenced: false): Connection refused (os error 111)
[2026-06-17T19:09:04.789Z WARN  confluent_kafka::network_client] [Consumer clientId=consumer-perf, groupId=dz-rustc-1781723103] Error connecting to node b28-pkc-devcozvdmy.us-east-1.aws.devel.cpdev.cloud:9092 (id: 28 rack: Some("use1-az5") isFenced: false): Connection refused (os error 111)
[2026-06-17T19:09:04.790Z WARN  confluent_kafka::network_client] [Consumer clientId=consumer-perf, groupId=dz-rustc-1781723103] Error connecting to node b18-pkc-devcozvdmy.us-east-1.aws.devel.cpdev.cloud:9092 (id: 18 rack: Some("use1-az5") isFenced: false): Connection refused (os error 111)
[2026-06-17T19:09:04.808Z WARN  confluent_kafka::network_client] [Consumer clientId=consumer-perf, groupId=dz-rustc-1781723103] Error connecting to node b12-pkc-devcozvdmy.us-east-1.aws.devel.cpdev.cloud:9092 (id: 12 rack: Some("use1-az5") isFenced: false): Connection refused (os error 111)
[2026-06-17T19:09:04.809Z WARN  confluent_kafka::network_client] [Consumer clientId=consumer-perf, groupId=dz-rustc-1781723103] Error connecting to node b4-pkc-devcozvdmy.us-east-1.aws.devel.cpdev.cloud:9092 (id: 4 rack: Some("use1-az5") isFenced: false): Connection refused (os error 111)
[2026-06-17T19:09:04.818Z WARN  confluent_kafka::network_client] [Consumer clientId=consumer-perf, groupId=dz-rustc-1781723103] Error connecting to node b9-pkc-devcozvdmy.us-east-1.aws.devel.cpdev.cloud:9092 (id: 9 rack: Some("use1-az5") isFenced: false): Connection refused (os error 111)
[2026-06-17T19:09:04.820Z WARN  confluent_kafka::network_client] [Consumer clientId=consumer-perf, groupId=dz-rustc-1781723103] Error connecting to node b2-pkc-devcozvdmy.us-east-1.aws.devel.cpdev.cloud:9092 (id: 2 rack: Some("use1-az5") isFenced: false): Connection refused (os error 111)
[2026-06-17T19:09:04.823Z WARN  confluent_kafka::network_client] [Consumer clientId=consumer-perf, groupId=dz-rustc-1781723103] Error connecting to node b26-pkc-devcozvdmy.us-east-1.aws.devel.cpdev.cloud:9092 (id: 26 rack: Some("use1-az5") isFenced: false): Connection refused (os error 111)
[2026-06-17T19:09:04.825Z WARN  confluent_kafka::network_client] [Consumer clientId=consumer-perf, groupId=dz-rustc-1781723103] Error connecting to node b20-pkc-devcozvdmy.us-east-1.aws.devel.cpdev.cloud:9092 (id: 20 rack: Some("use1-az5") isFenced: false): Connection refused (os error 111)
[2026-06-17T19:09:04.826Z WARN  confluent_kafka::network_client] [Consumer clientId=consumer-perf, groupId=dz-rustc-1781723103] Error connecting to node b0-pkc-devcozvdmy.us-east-1.aws.devel.cpdev.cloud:9092 (id: 0 rack: Some("use1-az5") isFenced: false): Connection refused (os error 111)
[2026-06-17T19:09:04.867Z WARN  confluent_kafka::network_client] [Consumer clientId=consumer-perf, groupId=dz-rustc-1781723103] Error connecting to node b24-pkc-devcozvdmy.us-east-1.aws.devel.cpdev.cloud:9092 (id: 24 rack: Some("use1-az5") isFenced: false): Connection refused (os error 111)
[2026-06-17T19:09:04.870Z WARN  confluent_kafka::network_client] [Consumer clientId=consumer-perf, groupId=dz-rustc-1781723103] Error connecting to node b14-pkc-devcozvdmy.us-east-1.aws.devel.cpdev.cloud:9092 (id: 14 rack: Some("use1-az5") isFenced: false): Connection refused (os error 111)
[2026-06-17T19:09:04.872Z WARN  confluent_kafka::network_client] [Consumer clientId=consumer-perf, groupId=dz-rustc-1781723103] Error connecting to node b17-pkc-devcozvdmy.us-east-1.aws.devel.cpdev.cloud:9092 (id: 17 rack: Some("use1-az5") isFenced: false): Connection refused (os error 111)
[2026-06-17T19:09:04.891Z WARN  confluent_kafka::network_client] [Consumer clientId=consumer-perf, groupId=dz-rustc-1781723103] Error connecting to node b22-pkc-devcozvdmy.us-east-1.aws.devel.cpdev.cloud:9092 (id: 22 rack: Some("use1-az5") isFenced: false): Connection refused (os error 111)
[2026-06-17T19:09:04.931Z WARN  confluent_kafka::network_client] [Consumer clientId=consumer-perf, groupId=dz-rustc-1781723103] Error connecting to node b19-pkc-devcozvdmy.us-east-1.aws.devel.cpdev.cloud:9092 (id: 19 rack: Some("use1-az5") isFenced: false): Connection refused (os error 111)
[2026-06-17T19:09:05.381Z WARN  confluent_kafka::network_client] [Consumer clientId=consumer-perf, groupId=dz-rustc-1781723103] Error connecting to node b15-pkc-devcozvdmy.us-east-1.aws.devel.cpdev.cloud:9092 (id: 15 rack: Some("use1-az5") isFenced: false): Connection refused (os error 111)
[2026-06-17T19:09:05.403Z WARN  confluent_kafka::network_client] [Consumer clientId=consumer-perf, groupId=dz-rustc-1781723103] Error connecting to node b10-pkc-devcozvdmy.us-east-1.aws.devel.cpdev.cloud:9092 (id: 10 rack: Some("use1-az5") isFenced: false): Connection refused (os error 111)
[2026-06-17T19:09:05.408Z WARN  confluent_kafka::network_client] [Consumer clientId=consumer-perf, groupId=dz-rustc-1781723103] Error connecting to node b32-pkc-devcozvdmy.us-east-1.aws.devel.cpdev.cloud:9092 (id: 32 rack: Some("use1-az5") isFenced: false): Connection refused (os error 111)
[2026-06-17T19:09:05.417Z WARN  confluent_kafka::network_client] [Consumer clientId=consumer-perf, groupId=dz-rustc-1781723103] Error connecting to node b27-pkc-devcozvdmy.us-east-1.aws.devel.cpdev.cloud:9092 (id: 27 rack: Some("use1-az5") isFenced: false): Connection refused (os error 111)
[2026-06-17T19:09:05.432Z WARN  confluent_kafka::network_client] [Consumer clientId=consumer-perf, groupId=dz-rustc-1781723103] Error connecting to node b7-pkc-devcozvdmy.us-east-1.aws.devel.cpdev.cloud:9092 (id: 7 rack: Some("use1-az5") isFenced: false): Connection refused (os error 111)
[2026-06-17T19:09:05.450Z WARN  confluent_kafka::network_client] [Consumer clientId=consumer-perf, groupId=dz-rustc-1781723103] Error connecting to node b33-pkc-devcozvdmy.us-east-1.aws.devel.cpdev.cloud:9092 (id: 33 rack: Some("use1-az5") isFenced: false): Connection refused (os error 111)
[2026-06-17T19:09:05.465Z WARN  confluent_kafka::network_client] [Consumer clientId=consumer-perf, groupId=dz-rustc-1781723103] Error connecting to node b23-pkc-devcozvdmy.us-east-1.aws.devel.cpdev.cloud:9092 (id: 23 rack: Some("use1-az5") isFenced: false): Connection refused (os error 111)
[2026-06-17T19:09:05.491Z WARN  confluent_kafka::network_client] [Consumer clientId=consumer-perf, groupId=dz-rustc-1781723103] Error connecting to node b34-pkc-devcozvdmy.us-east-1.aws.devel.cpdev.cloud:9092 (id: 34 rack: Some("use1-az5") isFenced: false): Connection refused (os error 111)
[2026-06-17T19:09:05.503Z WARN  confluent_kafka::network_client] [Consumer clientId=consumer-perf, groupId=dz-rustc-1781723103] Error connecting to node b1-pkc-devcozvdmy.us-east-1.aws.devel.cpdev.cloud:9092 (id: 1 rack: Some("use1-az5") isFenced: false): Connection refused (os error 111)
[2026-06-17T19:09:05.516Z WARN  confluent_kafka::network_client] [Consumer clientId=consumer-perf, groupId=dz-rustc-1781723103] Error connecting to node b5-pkc-devcozvdmy.us-east-1.aws.devel.cpdev.cloud:9092 (id: 5 rack: Some("use1-az5") isFenced: false): Connection refused (os error 111)
[2026-06-17T19:09:05.518Z WARN  confluent_kafka::network_client] [Consumer clientId=consumer-perf, groupId=dz-rustc-1781723103] Error connecting to node b26-pkc-devcozvdmy.us-east-1.aws.devel.cpdev.cloud:9092 (id: 26 rack: Some("use1-az5") isFenced: false): Connection refused (os error 111)
[2026-06-17T19:09:05.519Z WARN  confluent_kafka::network_client] [Consumer clientId=consumer-perf, groupId=dz-rustc-1781723103] Error connecting to node b3-pkc-devcozvdmy.us-east-1.aws.devel.cpdev.cloud:9092 (id: 3 rack: Some("use1-az5") isFenced: false): Connection refused (os error 111)
[2026-06-17T19:09:05.534Z WARN  confluent_kafka::network_client] [Consumer clientId=consumer-perf, groupId=dz-rustc-1781723103] Error connecting to node b6-pkc-devcozvdmy.us-east-1.aws.devel.cpdev.cloud:9092 (id: 6 rack: Some("use1-az5") isFenced: false): Connection refused (os error 111)
[2026-06-17T19:09:05.538Z WARN  confluent_kafka::network_client] [Consumer clientId=consumer-perf, groupId=dz-rustc-1781723103] Error connecting to node b13-pkc-devcozvdmy.us-east-1.aws.devel.cpdev.cloud:9092 (id: 13 rack: Some("use1-az5") isFenced: false): Connection refused (os error 111)
[2026-06-17T19:09:05.542Z WARN  confluent_kafka::network_client] [Consumer clientId=consumer-perf, groupId=dz-rustc-1781723103] Error connecting to node b8-pkc-devcozvdmy.us-east-1.aws.devel.cpdev.cloud:9092 (id: 8 rack: Some("use1-az5") isFenced: false): Connection refused (os error 111)
[2026-06-17T19:09:05.549Z WARN  confluent_kafka::network_client] [Consumer clientId=consumer-perf, groupId=dz-rustc-1781723103] Error connecting to node b21-pkc-devcozvdmy.us-east-1.aws.devel.cpdev.cloud:9092 (id: 21 rack: Some("use1-az5") isFenced: false): Connection refused (os error 111)
[2026-06-17T19:09:05.560Z WARN  confluent_kafka::network_client] [Consumer clientId=consumer-perf, groupId=dz-rustc-1781723103] Error connecting to node b12-pkc-devcozvdmy.us-east-1.aws.devel.cpdev.cloud:9092 (id: 12 rack: Some("use1-az5") isFenced: false): Connection refused (os error 111)
[2026-06-17T19:09:05.561Z WARN  confluent_kafka::network_client] [Consumer clientId=consumer-perf, groupId=dz-rustc-1781723103] Error connecting to node b20-pkc-devcozvdmy.us-east-1.aws.devel.cpdev.cloud:9092 (id: 20 rack: Some("use1-az5") isFenced: false): Connection refused (os error 111)
[2026-06-17T19:09:05.584Z WARN  confluent_kafka::network_client] [Consumer clientId=consumer-perf, groupId=dz-rustc-1781723103] Error connecting to node b24-pkc-devcozvdmy.us-east-1.aws.devel.cpdev.cloud:9092 (id: 24 rack: Some("use1-az5") isFenced: false): Connection refused (os error 111)
[2026-06-17T19:09:05.586Z WARN  confluent_kafka::network_client] [Consumer clientId=consumer-perf, groupId=dz-rustc-1781723103] Error connecting to node b16-pkc-devcozvdmy.us-east-1.aws.devel.cpdev.cloud:9092 (id: 16 rack: Some("use1-az5") isFenced: false): Connection refused (os error 111)
[2026-06-17T19:09:05.597Z WARN  confluent_kafka::network_client] [Consumer clientId=consumer-perf, groupId=dz-rustc-1781723103] Error connecting to node b25-pkc-devcozvdmy.us-east-1.aws.devel.cpdev.cloud:9092 (id: 25 rack: Some("use1-az5") isFenced: false): Connection refused (os error 111)
[2026-06-17T19:09:05.634Z WARN  confluent_kafka::network_client] [Consumer clientId=consumer-perf, groupId=dz-rustc-1781723103] Error connecting to node b22-pkc-devcozvdmy.us-east-1.aws.devel.cpdev.cloud:9092 (id: 22 rack: Some("use1-az5") isFenced: false): Connection refused (os error 111)
[2026-06-17T19:09:05.635Z WARN  confluent_kafka::network_client] [Consumer clientId=consumer-perf, groupId=dz-rustc-1781723103] Error connecting to node b35-pkc-devcozvdmy.us-east-1.aws.devel.cpdev.cloud:9092 (id: 35 rack: Some("use1-az5") isFenced: false): Connection refused (os error 111)
[2026-06-17T19:09:05.636Z WARN  confluent_kafka::network_client] [Consumer clientId=consumer-perf, groupId=dz-rustc-1781723103] Error connecting to node b31-pkc-devcozvdmy.us-east-1.aws.devel.cpdev.cloud:9092 (id: 31 rack: Some("use1-az5") isFenced: false): Connection refused (os error 111)
[2026-06-17T19:09:05.652Z WARN  confluent_kafka::network_client] [Consumer clientId=consumer-perf, groupId=dz-rustc-1781723103] Error connecting to node b4-pkc-devcozvdmy.us-east-1.aws.devel.cpdev.cloud:9092 (id: 4 rack: Some("use1-az5") isFenced: false): Connection refused (os error 111)
[2026-06-17T19:09:05.656Z WARN  confluent_kafka::network_client] [Consumer clientId=consumer-perf, groupId=dz-rustc-1781723103] Error connecting to node b19-pkc-devcozvdmy.us-east-1.aws.devel.cpdev.cloud:9092 (id: 19 rack: Some("use1-az5") isFenced: false): Connection refused (os error 111)
[2026-06-17T19:09:05.660Z WARN  confluent_kafka::network_client] [Consumer clientId=consumer-perf, groupId=dz-rustc-1781723103] Error connecting to node b0-pkc-devcozvdmy.us-east-1.aws.devel.cpdev.cloud:9092 (id: 0 rack: Some("use1-az5") isFenced: false): Connection refused (os error 111)
[2026-06-17T19:09:05.665Z WARN  confluent_kafka::network_client] [Consumer clientId=consumer-perf, groupId=dz-rustc-1781723103] Error connecting to node b30-pkc-devcozvdmy.us-east-1.aws.devel.cpdev.cloud:9092 (id: 30 rack: Some("use1-az5") isFenced: false): Connection refused (os error 111)
[2026-06-17T19:09:05.672Z WARN  confluent_kafka::network_client] [Consumer clientId=consumer-perf, groupId=dz-rustc-1781723103] Error connecting to node b9-pkc-devcozvdmy.us-east-1.aws.devel.cpdev.cloud:9092 (id: 9 rack: Some("use1-az5") isFenced: false): Connection refused (os error 111)
[2026-06-17T19:09:05.681Z WARN  confluent_kafka::network_client] [Consumer clientId=consumer-perf, groupId=dz-rustc-1781723103] Error connecting to node b11-pkc-devcozvdmy.us-east-1.aws.devel.cpdev.cloud:9092 (id: 11 rack: Some("use1-az5") isFenced: false): Connection refused (os error 111)
[2026-06-17T19:09:05.686Z WARN  confluent_kafka::network_client] [Consumer clientId=consumer-perf, groupId=dz-rustc-1781723103] Error connecting to node b18-pkc-devcozvdmy.us-east-1.aws.devel.cpdev.cloud:9092 (id: 18 rack: Some("use1-az5") isFenced: false): Connection refused (os error 111)
[2026-06-17T19:09:05.697Z WARN  confluent_kafka::network_client] [Consumer clientId=consumer-perf, groupId=dz-rustc-1781723103] Error connecting to node b29-pkc-devcozvdmy.us-east-1.aws.devel.cpdev.cloud:9092 (id: 29 rack: Some("use1-az5") isFenced: false): Connection refused (os error 111)
[2026-06-17T19:09:05.700Z WARN  confluent_kafka::network_client] [Consumer clientId=consumer-perf, groupId=dz-rustc-1781723103] Error connecting to node b28-pkc-devcozvdmy.us-east-1.aws.devel.cpdev.cloud:9092 (id: 28 rack: Some("use1-az5") isFenced: false): Connection refused (os error 111)
[2026-06-17T19:09:05.702Z WARN  confluent_kafka::network_client] [Consumer clientId=consumer-perf, groupId=dz-rustc-1781723103] Error connecting to node b17-pkc-devcozvdmy.us-east-1.aws.devel.cpdev.cloud:9092 (id: 17 rack: Some("use1-az5") isFenced: false): Connection refused (os error 111)
[2026-06-17T19:09:05.779Z WARN  confluent_kafka::network_client] [Consumer clientId=consumer-perf, groupId=dz-rustc-1781723103] Error connecting to node b2-pkc-devcozvdmy.us-east-1.aws.devel.cpdev.cloud:9092 (id: 2 rack: Some("use1-az5") isFenced: false): Connection refused (os error 111)
[2026-06-17T19:09:05.796Z WARN  confluent_kafka::network_client] [Consumer clientId=consumer-perf, groupId=dz-rustc-1781723103] Error connecting to node b14-pkc-devcozvdmy.us-east-1.aws.devel.cpdev.cloud:9092 (id: 14 rack: Some("use1-az5") isFenced: false): Connection refused (os error 111)
[2026-06-17T19:09:06.259Z WARN  confluent_kafka::network_client] [Consumer clientId=consumer-perf, groupId=dz-rustc-1781723103] Error connecting to node b10-pkc-devcozvdmy.us-east-1.aws.devel.cpdev.cloud:9092 (id: 10 rack: Some("use1-az5") isFenced: false): Connection refused (os error 111)
[2026-06-17T19:09:06.324Z WARN  confluent_kafka::network_client] [Consumer clientId=consumer-perf, groupId=dz-rustc-1781723103] Error connecting to node b3-pkc-devcozvdmy.us-east-1.aws.devel.cpdev.cloud:9092 (id: 3 rack: Some("use1-az5") isFenced: false): Connection refused (os error 111)
[2026-06-17T19:09:06.378Z WARN  confluent_kafka::network_client] [Consumer clientId=consumer-perf, groupId=dz-rustc-1781723103] Error connecting to node b13-pkc-devcozvdmy.us-east-1.aws.devel.cpdev.cloud:9092 (id: 13 rack: Some("use1-az5") isFenced: false): Connection refused (os error 111)
[2026-06-17T19:09:06.381Z WARN  confluent_kafka::network_client] [Consumer clientId=consumer-perf, groupId=dz-rustc-1781723103] Error connecting to node b15-pkc-devcozvdmy.us-east-1.aws.devel.cpdev.cloud:9092 (id: 15 rack: Some("use1-az5") isFenced: false): Connection refused (os error 111)
[2026-06-17T19:09:06.391Z WARN  confluent_kafka::network_client] [Consumer clientId=consumer-perf, groupId=dz-rustc-1781723103] Error connecting to node b21-pkc-devcozvdmy.us-east-1.aws.devel.cpdev.cloud:9092 (id: 21 rack: Some("use1-az5") isFenced: false): Connection refused (os error 111)
[2026-06-17T19:09:06.395Z WARN  confluent_kafka::network_client] [Consumer clientId=consumer-perf, groupId=dz-rustc-1781723103] Error connecting to node b27-pkc-devcozvdmy.us-east-1.aws.devel.cpdev.cloud:9092 (id: 27 rack: Some("use1-az5") isFenced: false): Connection refused (os error 111)
[2026-06-17T19:09:06.407Z WARN  confluent_kafka::network_client] [Consumer clientId=consumer-perf, groupId=dz-rustc-1781723103] Error connecting to node b16-pkc-devcozvdmy.us-east-1.aws.devel.cpdev.cloud:9092 (id: 16 rack: Some("use1-az5") isFenced: false): Connection refused (os error 111)
[2026-06-17T19:09:06.409Z WARN  confluent_kafka::network_client] [Consumer clientId=consumer-perf, groupId=dz-rustc-1781723103] Error connecting to node b32-pkc-devcozvdmy.us-east-1.aws.devel.cpdev.cloud:9092 (id: 32 rack: Some("use1-az5") isFenced: false): Connection refused (os error 111)
[2026-06-17T19:09:06.423Z WARN  confluent_kafka::network_client] [Consumer clientId=consumer-perf, groupId=dz-rustc-1781723103] Error connecting to node b7-pkc-devcozvdmy.us-east-1.aws.devel.cpdev.cloud:9092 (id: 7 rack: Some("use1-az5") isFenced: false): Connection refused (os error 111)
[2026-06-17T19:09:06.450Z WARN  confluent_kafka::network_client] [Consumer clientId=consumer-perf, groupId=dz-rustc-1781723103] Error connecting to node b33-pkc-devcozvdmy.us-east-1.aws.devel.cpdev.cloud:9092 (id: 33 rack: Some("use1-az5") isFenced: false): Connection refused (os error 111)
[2026-06-17T19:09:06.457Z WARN  confluent_kafka::network_client] [Consumer clientId=consumer-perf, groupId=dz-rustc-1781723103] Error connecting to node b1-pkc-devcozvdmy.us-east-1.aws.devel.cpdev.cloud:9092 (id: 1 rack: Some("use1-az5") isFenced: false): Connection refused (os error 111)
[2026-06-17T19:09:06.465Z WARN  confluent_kafka::network_client] [Consumer clientId=consumer-perf, groupId=dz-rustc-1781723103] Error connecting to node b23-pkc-devcozvdmy.us-east-1.aws.devel.cpdev.cloud:9092 (id: 23 rack: Some("use1-az5") isFenced: false): Connection refused (os error 111)
[2026-06-17T19:09:06.491Z WARN  confluent_kafka::network_client] [Consumer clientId=consumer-perf, groupId=dz-rustc-1781723103] Error connecting to node b34-pkc-devcozvdmy.us-east-1.aws.devel.cpdev.cloud:9092 (id: 34 rack: Some("use1-az5") isFenced: false): Connection refused (os error 111)
[2026-06-17T19:09:06.508Z WARN  confluent_kafka::network_client] [Consumer clientId=consumer-perf, groupId=dz-rustc-1781723103] Error connecting to node b22-pkc-devcozvdmy.us-east-1.aws.devel.cpdev.cloud:9092 (id: 22 rack: Some("use1-az5") isFenced: false): Connection refused (os error 111)
[2026-06-17T19:09:06.516Z WARN  confluent_kafka::network_client] [Consumer clientId=consumer-perf, groupId=dz-rustc-1781723103] Error connecting to node b5-pkc-devcozvdmy.us-east-1.aws.devel.cpdev.cloud:9092 (id: 5 rack: Some("use1-az5") isFenced: false): Connection refused (os error 111)
[2026-06-17T19:09:06.518Z WARN  confluent_kafka::network_client] [Consumer clientId=consumer-perf, groupId=dz-rustc-1781723103] Error connecting to node b26-pkc-devcozvdmy.us-east-1.aws.devel.cpdev.cloud:9092 (id: 26 rack: Some("use1-az5") isFenced: false): Connection refused (os error 111)
[2026-06-17T19:09:06.532Z WARN  confluent_kafka::network_client] [Consumer clientId=consumer-perf, groupId=dz-rustc-1781723103] Error connecting to node b0-pkc-devcozvdmy.us-east-1.aws.devel.cpdev.cloud:9092 (id: 0 rack: Some("use1-az5") isFenced: false): Connection refused (os error 111)
[2026-06-17T19:09:06.534Z WARN  confluent_kafka::network_client] [Consumer clientId=consumer-perf, groupId=dz-rustc-1781723103] Error connecting to node b6-pkc-devcozvdmy.us-east-1.aws.devel.cpdev.cloud:9092 (id: 6 rack: Some("use1-az5") isFenced: false): Connection refused (os error 111)
[2026-06-17T19:09:06.535Z WARN  confluent_kafka::network_client] [Consumer clientId=consumer-perf, groupId=dz-rustc-1781723103] Error connecting to node b35-pkc-devcozvdmy.us-east-1.aws.devel.cpdev.cloud:9092 (id: 35 rack: Some("use1-az5") isFenced: false): Connection refused (os error 111)
[2026-06-17T19:09:06.542Z WARN  confluent_kafka::network_client] [Consumer clientId=consumer-perf, groupId=dz-rustc-1781723103] Error connecting to node b8-pkc-devcozvdmy.us-east-1.aws.devel.cpdev.cloud:9092 (id: 8 rack: Some("use1-az5") isFenced: false): Connection refused (os error 111)
[2026-06-17T19:09:06.549Z WARN  confluent_kafka::network_client] [Consumer clientId=consumer-perf, groupId=dz-rustc-1781723103] Error connecting to node b12-pkc-devcozvdmy.us-east-1.aws.devel.cpdev.cloud:9092 (id: 12 rack: Some("use1-az5") isFenced: false): Connection refused (os error 111)
[2026-06-17T19:09:06.561Z WARN  confluent_kafka::network_client] [Consumer clientId=consumer-perf, groupId=dz-rustc-1781723103] Error connecting to node b20-pkc-devcozvdmy.us-east-1.aws.devel.cpdev.cloud:9092 (id: 20 rack: Some("use1-az5") isFenced: false): Connection refused (os error 111)
[2026-06-17T19:09:06.578Z WARN  confluent_kafka::network_client] [Consumer clientId=consumer-perf, groupId=dz-rustc-1781723103] Error connecting to node b4-pkc-devcozvdmy.us-east-1.aws.devel.cpdev.cloud:9092 (id: 4 rack: Some("use1-az5") isFenced: false): Connection refused (os error 111)
[2026-06-17T19:09:06.584Z WARN  confluent_kafka::network_client] [Consumer clientId=consumer-perf, groupId=dz-rustc-1781723103] Error connecting to node b24-pkc-devcozvdmy.us-east-1.aws.devel.cpdev.cloud:9092 (id: 24 rack: Some("use1-az5") isFenced: false): Connection refused (os error 111)
[2026-06-17T19:09:06.597Z WARN  confluent_kafka::network_client] [Consumer clientId=consumer-perf, groupId=dz-rustc-1781723103] Error connecting to node b25-pkc-devcozvdmy.us-east-1.aws.devel.cpdev.cloud:9092 (id: 25 rack: Some("use1-az5") isFenced: false): Connection refused (os error 111)
[2026-06-17T19:09:06.602Z WARN  confluent_kafka::network_client] [Consumer clientId=consumer-perf, groupId=dz-rustc-1781723103] Error connecting to node b17-pkc-devcozvdmy.us-east-1.aws.devel.cpdev.cloud:9092 (id: 17 rack: Some("use1-az5") isFenced: false): Connection refused (os error 111)
[2026-06-17T19:09:06.629Z WARN  confluent_kafka::network_client] [Consumer clientId=consumer-perf, groupId=dz-rustc-1781723103] Error connecting to node b9-pkc-devcozvdmy.us-east-1.aws.devel.cpdev.cloud:9092 (id: 9 rack: Some("use1-az5") isFenced: false): Connection refused (os error 111)
[2026-06-17T19:09:06.637Z WARN  confluent_kafka::network_client] [Consumer clientId=consumer-perf, groupId=dz-rustc-1781723103] Error connecting to node b31-pkc-devcozvdmy.us-east-1.aws.devel.cpdev.cloud:9092 (id: 31 rack: Some("use1-az5") isFenced: false): Connection refused (os error 111)
[2026-06-17T19:09:06.657Z WARN  confluent_kafka::network_client] [Consumer clientId=consumer-perf, groupId=dz-rustc-1781723103] Error connecting to node b19-pkc-devcozvdmy.us-east-1.aws.devel.cpdev.cloud:9092 (id: 19 rack: Some("use1-az5") isFenced: false): Connection refused (os error 111)
[2026-06-17T19:09:06.665Z WARN  confluent_kafka::network_client] [Consumer clientId=consumer-perf, groupId=dz-rustc-1781723103] Error connecting to node b30-pkc-devcozvdmy.us-east-1.aws.devel.cpdev.cloud:9092 (id: 30 rack: Some("use1-az5") isFenced: false): Connection refused (os error 111)
[2026-06-17T19:09:06.681Z WARN  confluent_kafka::network_client] [Consumer clientId=consumer-perf, groupId=dz-rustc-1781723103] Error connecting to node b11-pkc-devcozvdmy.us-east-1.aws.devel.cpdev.cloud:9092 (id: 11 rack: Some("use1-az5") isFenced: false): Connection refused (os error 111)
[2026-06-17T19:09:06.686Z WARN  confluent_kafka::network_client] [Consumer clientId=consumer-perf, groupId=dz-rustc-1781723103] Error connecting to node b18-pkc-devcozvdmy.us-east-1.aws.devel.cpdev.cloud:9092 (id: 18 rack: Some("use1-az5") isFenced: false): Connection refused (os error 111)
[2026-06-17T19:09:06.697Z WARN  confluent_kafka::network_client] [Consumer clientId=consumer-perf, groupId=dz-rustc-1781723103] Error connecting to node b29-pkc-devcozvdmy.us-east-1.aws.devel.cpdev.cloud:9092 (id: 29 rack: Some("use1-az5") isFenced: false): Connection refused (os error 111)
[2026-06-17T19:09:06.701Z WARN  confluent_kafka::network_client] [Consumer clientId=consumer-perf, groupId=dz-rustc-1781723103] Error connecting to node b28-pkc-devcozvdmy.us-east-1.aws.devel.cpdev.cloud:9092 (id: 28 rack: Some("use1-az5") isFenced: false): Connection refused (os error 111)
[2026-06-17T19:09:06.778Z WARN  confluent_kafka::network_client] [Consumer clientId=consumer-perf, groupId=dz-rustc-1781723103] Error connecting to node b2-pkc-devcozvdmy.us-east-1.aws.devel.cpdev.cloud:9092 (id: 2 rack: Some("use1-az5") isFenced: false): Connection refused (os error 111)
[2026-06-17T19:09:06.796Z WARN  confluent_kafka::network_client] [Consumer clientId=consumer-perf, groupId=dz-rustc-1781723103] Error connecting to node b14-pkc-devcozvdmy.us-east-1.aws.devel.cpdev.cloud:9092 (id: 14 rack: Some("use1-az5") isFenced: false): Connection refused (os error 111)
[2026-06-17T19:09:07.244Z WARN  confluent_kafka::network_client] [Consumer clientId=consumer-perf, groupId=dz-rustc-1781723103] Error connecting to node b15-pkc-devcozvdmy.us-east-1.aws.devel.cpdev.cloud:9092 (id: 15 rack: Some("use1-az5") isFenced: false): Connection refused (os error 111)
[2026-06-17T19:09:07.253Z WARN  confluent_kafka::network_client] [Consumer clientId=consumer-perf, groupId=dz-rustc-1781723103] Error connecting to node b33-pkc-devcozvdmy.us-east-1.aws.devel.cpdev.cloud:9092 (id: 33 rack: Some("use1-az5") isFenced: false): Connection refused (os error 111)
[2026-06-17T19:09:07.259Z WARN  confluent_kafka::network_client] [Consumer clientId=consumer-perf, groupId=dz-rustc-1781723103] Error connecting to node b10-pkc-devcozvdmy.us-east-1.aws.devel.cpdev.cloud:9092 (id: 10 rack: Some("use1-az5") isFenced: false): Connection refused (os error 111)
[2026-06-17T19:09:07.271Z WARN  confluent_kafka::network_client] [Consumer clientId=consumer-perf, groupId=dz-rustc-1781723103] Error connecting to node b13-pkc-devcozvdmy.us-east-1.aws.devel.cpdev.cloud:9092 (id: 13 rack: Some("use1-az5") isFenced: false): Connection refused (os error 111)
[2026-06-17T19:09:07.317Z WARN  confluent_kafka::network_client] [Consumer clientId=consumer-perf, groupId=dz-rustc-1781723103] Error connecting to node b32-pkc-devcozvdmy.us-east-1.aws.devel.cpdev.cloud:9092 (id: 32 rack: Some("use1-az5") isFenced: false): Connection refused (os error 111)
[2026-06-17T19:09:07.324Z WARN  confluent_kafka::network_client] [Consumer clientId=consumer-perf, groupId=dz-rustc-1781723103] Error connecting to node b3-pkc-devcozvdmy.us-east-1.aws.devel.cpdev.cloud:9092 (id: 3 rack: Some("use1-az5") isFenced: false): Connection refused (os error 111)
[2026-06-17T19:09:07.330Z WARN  confluent_kafka::network_client] [Consumer clientId=consumer-perf, groupId=dz-rustc-1781723103] Error connecting to node b7-pkc-devcozvdmy.us-east-1.aws.devel.cpdev.cloud:9092 (id: 7 rack: Some("use1-az5") isFenced: false): Connection refused (os error 111)
[2026-06-17T19:09:07.353Z WARN  confluent_kafka::network_client] [Consumer clientId=consumer-perf, groupId=dz-rustc-1781723103] Error connecting to node b35-pkc-devcozvdmy.us-east-1.aws.devel.cpdev.cloud:9092 (id: 35 rack: Some("use1-az5") isFenced: false): Connection refused (os error 111)
[2026-06-17T19:09:07.356Z WARN  confluent_kafka::network_client] [Consumer clientId=consumer-perf, groupId=dz-rustc-1781723103] Error connecting to node b8-pkc-devcozvdmy.us-east-1.aws.devel.cpdev.cloud:9092 (id: 8 rack: Some("use1-az5") isFenced: false): Connection refused (os error 111)
[2026-06-17T19:09:07.357Z WARN  confluent_kafka::network_client] [Consumer clientId=consumer-perf, groupId=dz-rustc-1781723103] Error connecting to node b27-pkc-devcozvdmy.us-east-1.aws.devel.cpdev.cloud:9092 (id: 27 rack: Some("use1-az5") isFenced: false): Connection refused (os error 111)
[2026-06-17T19:09:07.372Z WARN  confluent_kafka::network_client] [Consumer clientId=consumer-perf, groupId=dz-rustc-1781723103] Error connecting to node b5-pkc-devcozvdmy.us-east-1.aws.devel.cpdev.cloud:9092 (id: 5 rack: Some("use1-az5") isFenced: false): Connection refused (os error 111)
[2026-06-17T19:09:07.373Z WARN  confluent_kafka::network_client] [Consumer clientId=consumer-perf, groupId=dz-rustc-1781723103] Error connecting to node b26-pkc-devcozvdmy.us-east-1.aws.devel.cpdev.cloud:9092 (id: 26 rack: Some("use1-az5") isFenced: false): Connection refused (os error 111)
[2026-06-17T19:09:07.383Z WARN  confluent_kafka::network_client] [Consumer clientId=consumer-perf, groupId=dz-rustc-1781723103] Error connecting to node b4-pkc-devcozvdmy.us-east-1.aws.devel.cpdev.cloud:9092 (id: 4 rack: Some("use1-az5") isFenced: false): Connection refused (os error 111)
[2026-06-17T19:09:07.391Z WARN  confluent_kafka::network_client] [Consumer clientId=consumer-perf, groupId=dz-rustc-1781723103] Error connecting to node b21-pkc-devcozvdmy.us-east-1.aws.devel.cpdev.cloud:9092 (id: 21 rack: Some("use1-az5") isFenced: false): Connection refused (os error 111)
[2026-06-17T19:09:07.407Z WARN  confluent_kafka::network_client] [Consumer clientId=consumer-perf, groupId=dz-rustc-1781723103] Error connecting to node b16-pkc-devcozvdmy.us-east-1.aws.devel.cpdev.cloud:9092 (id: 16 rack: Some("use1-az5") isFenced: false): Connection refused (os error 111)
[2026-06-17T19:09:07.411Z WARN  confluent_kafka::network_client] [Consumer clientId=consumer-perf, groupId=dz-rustc-1781723103] Error connecting to node b20-pkc-devcozvdmy.us-east-1.aws.devel.cpdev.cloud:9092 (id: 20 rack: Some("use1-az5") isFenced: false): Connection refused (os error 111)
[2026-06-17T19:09:07.444Z WARN  confluent_kafka::network_client] [Consumer clientId=consumer-perf, groupId=dz-rustc-1781723103] Error connecting to node b9-pkc-devcozvdmy.us-east-1.aws.devel.cpdev.cloud:9092 (id: 9 rack: Some("use1-az5") isFenced: false): Connection refused (os error 111)
[2026-06-17T19:09:07.453Z WARN  confluent_kafka::network_client] [Consumer clientId=consumer-perf, groupId=dz-rustc-1781723103] Error connecting to node b31-pkc-devcozvdmy.us-east-1.aws.devel.cpdev.cloud:9092 (id: 31 rack: Some("use1-az5") isFenced: false): Connection refused (os error 111)
[2026-06-17T19:09:07.457Z WARN  confluent_kafka::network_client] [Consumer clientId=consumer-perf, groupId=dz-rustc-1781723103] Error connecting to node b1-pkc-devcozvdmy.us-east-1.aws.devel.cpdev.cloud:9092 (id: 1 rack: Some("use1-az5") isFenced: false): Connection refused (os error 111)
[2026-06-17T19:09:07.466Z WARN  confluent_kafka::network_client] [Consumer clientId=consumer-perf, groupId=dz-rustc-1781723103] Error connecting to node b23-pkc-devcozvdmy.us-east-1.aws.devel.cpdev.cloud:9092 (id: 23 rack: Some("use1-az5") isFenced: false): Connection refused (os error 111)
[2026-06-17T19:09:07.473Z WARN  confluent_kafka::network_client] [Consumer clientId=consumer-perf, groupId=dz-rustc-1781723103] Error connecting to node b0-pkc-devcozvdmy.us-east-1.aws.devel.cpdev.cloud:9092 (id: 0 rack: Some("use1-az5") isFenced: false): Connection refused (os error 111)
[2026-06-17T19:09:07.491Z WARN  confluent_kafka::network_client] [Consumer clientId=consumer-perf, groupId=dz-rustc-1781723103] Error connecting to node b34-pkc-devcozvdmy.us-east-1.aws.devel.cpdev.cloud:9092 (id: 34 rack: Some("use1-az5") isFenced: false): Connection refused (os error 111)
[2026-06-17T19:09:07.508Z WARN  confluent_kafka::network_client] [Consumer clientId=consumer-perf, groupId=dz-rustc-1781723103] Error connecting to node b22-pkc-devcozvdmy.us-east-1.aws.devel.cpdev.cloud:9092 (id: 22 rack: Some("use1-az5") isFenced: false): Connection refused (os error 111)
[2026-06-17T19:09:07.525Z WARN  confluent_kafka::network_client] [Consumer clientId=consumer-perf, groupId=dz-rustc-1781723103] Error connecting to node b28-pkc-devcozvdmy.us-east-1.aws.devel.cpdev.cloud:9092 (id: 28 rack: Some("use1-az5") isFenced: false): Connection refused (os error 111)
[2026-06-17T19:09:07.533Z WARN  confluent_kafka::network_client] [Consumer clientId=consumer-perf, groupId=dz-rustc-1781723103] Error connecting to node b25-pkc-devcozvdmy.us-east-1.aws.devel.cpdev.cloud:9092 (id: 25 rack: Some("use1-az5") isFenced: false): Connection refused (os error 111)
[2026-06-17T19:09:07.534Z WARN  confluent_kafka::network_client] [Consumer clientId=consumer-perf, groupId=dz-rustc-1781723103] Error connecting to node b6-pkc-devcozvdmy.us-east-1.aws.devel.cpdev.cloud:9092 (id: 6 rack: Some("use1-az5") isFenced: false): Connection refused (os error 111)
[2026-06-17T19:09:07.549Z WARN  confluent_kafka::network_client] [Consumer clientId=consumer-perf, groupId=dz-rustc-1781723103] Error connecting to node b12-pkc-devcozvdmy.us-east-1.aws.devel.cpdev.cloud:9092 (id: 12 rack: Some("use1-az5") isFenced: false): Connection refused (os error 111)
[2026-06-17T19:09:07.570Z WARN  confluent_kafka::network_client] [Consumer clientId=consumer-perf, groupId=dz-rustc-1781723103] Error connecting to node b30-pkc-devcozvdmy.us-east-1.aws.devel.cpdev.cloud:9092 (id: 30 rack: Some("use1-az5") isFenced: false): Connection refused (os error 111)
[2026-06-17T19:09:07.584Z WARN  confluent_kafka::network_client] [Consumer clientId=consumer-perf, groupId=dz-rustc-1781723103] Error connecting to node b24-pkc-devcozvdmy.us-east-1.aws.devel.cpdev.cloud:9092 (id: 24 rack: Some("use1-az5") isFenced: false): Connection refused (os error 111)
[2026-06-17T19:09:07.602Z WARN  confluent_kafka::network_client] [Consumer clientId=consumer-perf, groupId=dz-rustc-1781723103] Error connecting to node b17-pkc-devcozvdmy.us-east-1.aws.devel.cpdev.cloud:9092 (id: 17 rack: Some("use1-az5") isFenced: false): Connection refused (os error 111)
[2026-06-17T19:09:07.615Z WARN  confluent_kafka::network_client] [Consumer clientId=consumer-perf, groupId=dz-rustc-1781723103] Error connecting to node b14-pkc-devcozvdmy.us-east-1.aws.devel.cpdev.cloud:9092 (id: 14 rack: Some("use1-az5") isFenced: false): Connection refused (os error 111)
[2026-06-17T19:09:07.656Z WARN  confluent_kafka::network_client] [Consumer clientId=consumer-perf, groupId=dz-rustc-1781723103] Error connecting to node b19-pkc-devcozvdmy.us-east-1.aws.devel.cpdev.cloud:9092 (id: 19 rack: Some("use1-az5") isFenced: false): Connection refused (os error 111)
[2026-06-17T19:09:07.661Z WARN  confluent_kafka::network_client] [Consumer clientId=consumer-perf, groupId=dz-rustc-1781723103] Error connecting to node b11-pkc-devcozvdmy.us-east-1.aws.devel.cpdev.cloud:9092 (id: 11 rack: Some("use1-az5") isFenced: false): Connection refused (os error 111)
[2026-06-17T19:09:07.686Z WARN  confluent_kafka::network_client] [Consumer clientId=consumer-perf, groupId=dz-rustc-1781723103] Error connecting to node b18-pkc-devcozvdmy.us-east-1.aws.devel.cpdev.cloud:9092 (id: 18 rack: Some("use1-az5") isFenced: false): Connection refused (os error 111)
[2026-06-17T19:09:07.694Z WARN  confluent_kafka::network_client] [Consumer clientId=consumer-perf, groupId=dz-rustc-1781723103] Error connecting to node b2-pkc-devcozvdmy.us-east-1.aws.devel.cpdev.cloud:9092 (id: 2 rack: Some("use1-az5") isFenced: false): Connection refused (os error 111)
[2026-06-17T19:09:07.697Z WARN  confluent_kafka::network_client] [Consumer clientId=consumer-perf, groupId=dz-rustc-1781723103] Error connecting to node b29-pkc-devcozvdmy.us-east-1.aws.devel.cpdev.cloud:9092 (id: 29 rack: Some("use1-az5") isFenced: false): Connection refused (os error 111)
[2026-06-17T19:09:08.161Z WARN  confluent_kafka::network_client] [Consumer clientId=consumer-perf, groupId=dz-rustc-1781723103] Error connecting to node b3-pkc-devcozvdmy.us-east-1.aws.devel.cpdev.cloud:9092 (id: 3 rack: Some("use1-az5") isFenced: false): Connection refused (os error 111)
[2026-06-17T19:09:08.193Z WARN  confluent_kafka::network_client] [Consumer clientId=consumer-perf, groupId=dz-rustc-1781723103] Error connecting to node b33-pkc-devcozvdmy.us-east-1.aws.devel.cpdev.cloud:9092 (id: 33 rack: Some("use1-az5") isFenced: false): Connection refused (os error 111)
[2026-06-17T19:09:08.244Z WARN  confluent_kafka::network_client] [Consumer clientId=consumer-perf, groupId=dz-rustc-1781723103] Error connecting to node b15-pkc-devcozvdmy.us-east-1.aws.devel.cpdev.cloud:9092 (id: 15 rack: Some("use1-az5") isFenced: false): Connection refused (os error 111)
[2026-06-17T19:09:08.259Z WARN  confluent_kafka::network_client] [Consumer clientId=consumer-perf, groupId=dz-rustc-1781723103] Error connecting to node b10-pkc-devcozvdmy.us-east-1.aws.devel.cpdev.cloud:9092 (id: 10 rack: Some("use1-az5") isFenced: false): Connection refused (os error 111)
[2026-06-17T19:09:08.271Z WARN  confluent_kafka::network_client] [Consumer clientId=consumer-perf, groupId=dz-rustc-1781723103] Error connecting to node b13-pkc-devcozvdmy.us-east-1.aws.devel.cpdev.cloud:9092 (id: 13 rack: Some("use1-az5") isFenced: false): Connection refused (os error 111)
[2026-06-17T19:09:08.295Z WARN  confluent_kafka::network_client] [Consumer clientId=consumer-perf, groupId=dz-rustc-1781723103] Error connecting to node b9-pkc-devcozvdmy.us-east-1.aws.devel.cpdev.cloud:9092 (id: 9 rack: Some("use1-az5") isFenced: false): Connection refused (os error 111)
[2026-06-17T19:09:08.308Z WARN  confluent_kafka::network_client] [Consumer clientId=consumer-perf, groupId=dz-rustc-1781723103] Error connecting to node b7-pkc-devcozvdmy.us-east-1.aws.devel.cpdev.cloud:9092 (id: 7 rack: Some("use1-az5") isFenced: false): Connection refused (os error 111)
[2026-06-17T19:09:08.317Z WARN  confluent_kafka::network_client] [Consumer clientId=consumer-perf, groupId=dz-rustc-1781723103] Error connecting to node b32-pkc-devcozvdmy.us-east-1.aws.devel.cpdev.cloud:9092 (id: 32 rack: Some("use1-az5") isFenced: false): Connection refused (os error 111)
[2026-06-17T19:09:08.353Z WARN  confluent_kafka::network_client] [Consumer clientId=consumer-perf, groupId=dz-rustc-1781723103] Error connecting to node b35-pkc-devcozvdmy.us-east-1.aws.devel.cpdev.cloud:9092 (id: 35 rack: Some("use1-az5") isFenced: false): Connection refused (os error 111)
[2026-06-17T19:09:08.356Z WARN  confluent_kafka::network_client] [Consumer clientId=consumer-perf, groupId=dz-rustc-1781723103] Error connecting to node b8-pkc-devcozvdmy.us-east-1.aws.devel.cpdev.cloud:9092 (id: 8 rack: Some("use1-az5") isFenced: false): Connection refused (os error 111)
[2026-06-17T19:09:08.357Z WARN  confluent_kafka::network_client] [Consumer clientId=consumer-perf, groupId=dz-rustc-1781723103] Error connecting to node b27-pkc-devcozvdmy.us-east-1.aws.devel.cpdev.cloud:9092 (id: 27 rack: Some("use1-az5") isFenced: false): Connection refused (os error 111)
[2026-06-17T19:09:08.372Z WARN  confluent_kafka::network_client] [Consumer clientId=consumer-perf, groupId=dz-rustc-1781723103] Error connecting to node b5-pkc-devcozvdmy.us-east-1.aws.devel.cpdev.cloud:9092 (id: 5 rack: Some("use1-az5") isFenced: false): Connection refused (os error 111)
[2026-06-17T19:09:08.373Z WARN  confluent_kafka::network_client] [Consumer clientId=consumer-perf, groupId=dz-rustc-1781723103] Error connecting to node b26-pkc-devcozvdmy.us-east-1.aws.devel.cpdev.cloud:9092 (id: 26 rack: Some("use1-az5") isFenced: false): Connection refused (os error 111)
[2026-06-17T19:09:08.374Z WARN  confluent_kafka::network_client] [Consumer clientId=consumer-perf, groupId=dz-rustc-1781723103] Error connecting to node b23-pkc-devcozvdmy.us-east-1.aws.devel.cpdev.cloud:9092 (id: 23 rack: Some("use1-az5") isFenced: false): Connection refused (os error 111)
[2026-06-17T19:09:08.374Z WARN  confluent_kafka::network_client] [Consumer clientId=consumer-perf, groupId=dz-rustc-1781723103] Error connecting to node b30-pkc-devcozvdmy.us-east-1.aws.devel.cpdev.cloud:9092 (id: 30 rack: Some("use1-az5") isFenced: false): Connection refused (os error 111)
[2026-06-17T19:09:08.375Z WARN  confluent_kafka::network_client] [Consumer clientId=consumer-perf, groupId=dz-rustc-1781723103] Error connecting to node b22-pkc-devcozvdmy.us-east-1.aws.devel.cpdev.cloud:9092 (id: 22 rack: Some("use1-az5") isFenced: false): Connection refused (os error 111)
[2026-06-17T19:09:08.376Z WARN  confluent_kafka::network_client] [Consumer clientId=consumer-perf, groupId=dz-rustc-1781723103] Error connecting to node b21-pkc-devcozvdmy.us-east-1.aws.devel.cpdev.cloud:9092 (id: 21 rack: Some("use1-az5") isFenced: false): Connection refused (os error 111)
[2026-06-17T19:09:08.383Z WARN  confluent_kafka::network_client] [Consumer clientId=consumer-perf, groupId=dz-rustc-1781723103] Error connecting to node b4-pkc-devcozvdmy.us-east-1.aws.devel.cpdev.cloud:9092 (id: 4 rack: Some("use1-az5") isFenced: false): Connection refused (os error 111)
[2026-06-17T19:09:08.400Z WARN  confluent_kafka::network_client] [Consumer clientId=consumer-perf, groupId=dz-rustc-1781723103] Error connecting to node b24-pkc-devcozvdmy.us-east-1.aws.devel.cpdev.cloud:9092 (id: 24 rack: Some("use1-az5") isFenced: false): Connection refused (os error 111)
[2026-06-17T19:09:08.407Z WARN  confluent_kafka::network_client] [Consumer clientId=consumer-perf, groupId=dz-rustc-1781723103] Error connecting to node b16-pkc-devcozvdmy.us-east-1.aws.devel.cpdev.cloud:9092 (id: 16 rack: Some("use1-az5") isFenced: false): Connection refused (os error 111)
[2026-06-17T19:09:08.410Z WARN  confluent_kafka::network_client] [Consumer clientId=consumer-perf, groupId=dz-rustc-1781723103] Error connecting to node b20-pkc-devcozvdmy.us-east-1.aws.devel.cpdev.cloud:9092 (id: 20 rack: Some("use1-az5") isFenced: false): Connection refused (os error 111)
[2026-06-17T19:09:08.435Z WARN  confluent_kafka::network_client] [Consumer clientId=consumer-perf, groupId=dz-rustc-1781723103] Error connecting to node b17-pkc-devcozvdmy.us-east-1.aws.devel.cpdev.cloud:9092 (id: 17 rack: Some("use1-az5") isFenced: false): Connection refused (os error 111)
[2026-06-17T19:09:08.439Z WARN  confluent_kafka::network_client] [Consumer clientId=consumer-perf, groupId=dz-rustc-1781723103] Error connecting to node b28-pkc-devcozvdmy.us-east-1.aws.devel.cpdev.cloud:9092 (id: 28 rack: Some("use1-az5") isFenced: false): Connection refused (os error 111)
[2026-06-17T19:09:08.453Z WARN  confluent_kafka::network_client] [Consumer clientId=consumer-perf, groupId=dz-rustc-1781723103] Error connecting to node b31-pkc-devcozvdmy.us-east-1.aws.devel.cpdev.cloud:9092 (id: 31 rack: Some("use1-az5") isFenced: false): Connection refused (os error 111)
[2026-06-17T19:09:08.457Z WARN  confluent_kafka::network_client] [Consumer clientId=consumer-perf, groupId=dz-rustc-1781723103] Error connecting to node b1-pkc-devcozvdmy.us-east-1.aws.devel.cpdev.cloud:9092 (id: 1 rack: Some("use1-az5") isFenced: false): Connection refused (os error 111)
[2026-06-17T19:09:08.473Z WARN  confluent_kafka::network_client] [Consumer clientId=consumer-perf, groupId=dz-rustc-1781723103] Error connecting to node b0-pkc-devcozvdmy.us-east-1.aws.devel.cpdev.cloud:9092 (id: 0 rack: Some("use1-az5") isFenced: false): Connection refused (os error 111)
[2026-06-17T19:09:08.482Z WARN  confluent_kafka::network_client] [Consumer clientId=consumer-perf, groupId=dz-rustc-1781723103] Error connecting to node b6-pkc-devcozvdmy.us-east-1.aws.devel.cpdev.cloud:9092 (id: 6 rack: Some("use1-az5") isFenced: false): Connection refused (os error 111)
[2026-06-17T19:09:08.491Z WARN  confluent_kafka::network_client] [Consumer clientId=consumer-perf, groupId=dz-rustc-1781723103] Error connecting to node b34-pkc-devcozvdmy.us-east-1.aws.devel.cpdev.cloud:9092 (id: 34 rack: Some("use1-az5") isFenced: false): Connection refused (os error 111)
[2026-06-17T19:09:08.505Z WARN  confluent_kafka::network_client] [Consumer clientId=consumer-perf, groupId=dz-rustc-1781723103] Error connecting to node b2-pkc-devcozvdmy.us-east-1.aws.devel.cpdev.cloud:9092 (id: 2 rack: Some("use1-az5") isFenced: false): Connection refused (os error 111)
[2026-06-17T19:09:08.511Z WARN  confluent_kafka::network_client] [Consumer clientId=consumer-perf, groupId=dz-rustc-1781723103] Error connecting to node b12-pkc-devcozvdmy.us-east-1.aws.devel.cpdev.cloud:9092 (id: 12 rack: Some("use1-az5") isFenced: false): Connection refused (os error 111)
[2026-06-17T19:09:08.533Z WARN  confluent_kafka::network_client] [Consumer clientId=consumer-perf, groupId=dz-rustc-1781723103] Error connecting to node b25-pkc-devcozvdmy.us-east-1.aws.devel.cpdev.cloud:9092 (id: 25 rack: Some("use1-az5") isFenced: false): Connection refused (os error 111)
[2026-06-17T19:09:08.552Z WARN  confluent_kafka::network_client] [Consumer clientId=consumer-perf, groupId=dz-rustc-1781723103] Error connecting to node b18-pkc-devcozvdmy.us-east-1.aws.devel.cpdev.cloud:9092 (id: 18 rack: Some("use1-az5") isFenced: false): Connection refused (os error 111)
[2026-06-17T19:09:08.556Z WARN  confluent_kafka::network_client] [Consumer clientId=consumer-perf, groupId=dz-rustc-1781723103] Error connecting to node b29-pkc-devcozvdmy.us-east-1.aws.devel.cpdev.cloud:9092 (id: 29 rack: Some("use1-az5") isFenced: false): Connection refused (os error 111)
[2026-06-17T19:09:08.578Z WARN  confluent_kafka::network_client] [Consumer clientId=consumer-perf, groupId=dz-rustc-1781723103] Error connecting to node b14-pkc-devcozvdmy.us-east-1.aws.devel.cpdev.cloud:9092 (id: 14 rack: Some("use1-az5") isFenced: false): Connection refused (os error 111)
[2026-06-17T19:09:08.656Z WARN  confluent_kafka::network_client] [Consumer clientId=consumer-perf, groupId=dz-rustc-1781723103] Error connecting to node b19-pkc-devcozvdmy.us-east-1.aws.devel.cpdev.cloud:9092 (id: 19 rack: Some("use1-az5") isFenced: false): Connection refused (os error 111)
[2026-06-17T19:09:08.660Z WARN  confluent_kafka::network_client] [Consumer clientId=consumer-perf, groupId=dz-rustc-1781723103] Error connecting to node b11-pkc-devcozvdmy.us-east-1.aws.devel.cpdev.cloud:9092 (id: 11 rack: Some("use1-az5") isFenced: false): Connection refused (os error 111)
[2026-06-17T19:09:09.156Z WARN  confluent_kafka::network_client] [Consumer clientId=consumer-perf, groupId=dz-rustc-1781723103] Error connecting to node b8-pkc-devcozvdmy.us-east-1.aws.devel.cpdev.cloud:9092 (id: 8 rack: Some("use1-az5") isFenced: false): Connection refused (os error 111)
[2026-06-17T19:09:09.159Z WARN  confluent_kafka::network_client] [Consumer clientId=consumer-perf, groupId=dz-rustc-1781723103] Error connecting to node b3-pkc-devcozvdmy.us-east-1.aws.devel.cpdev.cloud:9092 (id: 3 rack: Some("use1-az5") isFenced: false): Connection refused (os error 111)
[2026-06-17T19:09:09.165Z WARN  confluent_kafka::network_client] [Consumer clientId=consumer-perf, groupId=dz-rustc-1781723103] Error connecting to node b35-pkc-devcozvdmy.us-east-1.aws.devel.cpdev.cloud:9092 (id: 35 rack: Some("use1-az5") isFenced: false): Connection refused (os error 111)
[2026-06-17T19:09:09.183Z WARN  confluent_kafka::network_client] [Consumer clientId=consumer-perf, groupId=dz-rustc-1781723103] Error connecting to node b33-pkc-devcozvdmy.us-east-1.aws.devel.cpdev.cloud:9092 (id: 33 rack: Some("use1-az5") isFenced: false): Connection refused (os error 111)
[2026-06-17T19:09:09.207Z WARN  confluent_kafka::network_client] [Consumer clientId=consumer-perf, groupId=dz-rustc-1781723103] Error connecting to node b22-pkc-devcozvdmy.us-east-1.aws.devel.cpdev.cloud:9092 (id: 22 rack: Some("use1-az5") isFenced: false): Connection refused (os error 111)
[2026-06-17T19:09:09.242Z WARN  confluent_kafka::network_client] [Consumer clientId=consumer-perf, groupId=dz-rustc-1781723103] Error connecting to node b32-pkc-devcozvdmy.us-east-1.aws.devel.cpdev.cloud:9092 (id: 32 rack: Some("use1-az5") isFenced: false): Connection refused (os error 111)
[2026-06-17T19:09:09.244Z WARN  confluent_kafka::network_client] [Consumer clientId=consumer-perf, groupId=dz-rustc-1781723103] Error connecting to node b15-pkc-devcozvdmy.us-east-1.aws.devel.cpdev.cloud:9092 (id: 15 rack: Some("use1-az5") isFenced: false): Connection refused (os error 111)
[2026-06-17T19:09:09.257Z WARN  confluent_kafka::network_client] [Consumer clientId=consumer-perf, groupId=dz-rustc-1781723103] Error connecting to node b10-pkc-devcozvdmy.us-east-1.aws.devel.cpdev.cloud:9092 (id: 10 rack: Some("use1-az5") isFenced: false): Connection refused (os error 111)
[2026-06-17T19:09:09.271Z WARN  confluent_kafka::network_client] [Consumer clientId=consumer-perf, groupId=dz-rustc-1781723103] Error connecting to node b13-pkc-devcozvdmy.us-east-1.aws.devel.cpdev.cloud:9092 (id: 13 rack: Some("use1-az5") isFenced: false): Connection refused (os error 111)
[2026-06-17T19:09:09.279Z WARN  confluent_kafka::network_client] [Consumer clientId=consumer-perf, groupId=dz-rustc-1781723103] Error connecting to node b9-pkc-devcozvdmy.us-east-1.aws.devel.cpdev.cloud:9092 (id: 9 rack: Some("use1-az5") isFenced: false): Connection refused (os error 111)
[2026-06-17T19:09:09.280Z WARN  confluent_kafka::network_client] [Consumer clientId=consumer-perf, groupId=dz-rustc-1781723103] Error connecting to node b27-pkc-devcozvdmy.us-east-1.aws.devel.cpdev.cloud:9092 (id: 27 rack: Some("use1-az5") isFenced: false): Connection refused (os error 111)
[2026-06-17T19:09:09.308Z WARN  confluent_kafka::network_client] [Consumer clientId=consumer-perf, groupId=dz-rustc-1781723103] Error connecting to node b7-pkc-devcozvdmy.us-east-1.aws.devel.cpdev.cloud:9092 (id: 7 rack: Some("use1-az5") isFenced: false): Connection refused (os error 111)
[2026-06-17T19:09:09.315Z WARN  confluent_kafka::network_client] [Consumer clientId=consumer-perf, groupId=dz-rustc-1781723103] Error connecting to node b5-pkc-devcozvdmy.us-east-1.aws.devel.cpdev.cloud:9092 (id: 5 rack: Some("use1-az5") isFenced: false): Connection refused (os error 111)
[2026-06-17T19:09:09.328Z WARN  confluent_kafka::network_client] [Consumer clientId=consumer-perf, groupId=dz-rustc-1781723103] Error connecting to node b23-pkc-devcozvdmy.us-east-1.aws.devel.cpdev.cloud:9092 (id: 23 rack: Some("use1-az5") isFenced: false): Connection refused (os error 111)
[2026-06-17T19:09:09.350Z WARN  confluent_kafka::network_client] [Consumer clientId=consumer-perf, groupId=dz-rustc-1781723103] Error connecting to node b2-pkc-devcozvdmy.us-east-1.aws.devel.cpdev.cloud:9092 (id: 2 rack: Some("use1-az5") isFenced: false): Connection refused (os error 111)
[interval 18] t= 195.9s msgs=1372188 thr=    89839 msg/s  avg=  5.34 p50=4 p99=18 p999=33 max=6136 ms  cpu=  0.0% rss= 203.7MB
[interval 19] t= 205.9s msgs=2419769 thr=   241975 msg/s  avg=1076.40 p50=645 p99=7032 p999=7823 max=9338 ms  cpu=  0.0% rss= 203.7MB
[interval 20] t= 215.9s msgs=1500172 thr=   150012 msg/s  avg=  4.74 p50=4 p99=17 p999=26 max=45 ms  cpu=  0.0% rss= 203.7MB
[interval 21] t= 225.9s msgs=1500199 thr=   150011 msg/s  avg=  4.84 p50=4 p99=19 p999=41 max=110 ms  cpu=  0.0% rss= 203.7MB
[interval 22] t= 235.9s msgs=1500308 thr=   150030 msg/s  avg=  4.78 p50=4 p99=18 p999=31 max=50 ms  cpu=  0.0% rss= 203.7MB
[interval 23] t= 245.9s msgs=1500282 thr=   150026 msg/s  avg=  4.80 p50=4 p99=18 p999=31 max=59 ms  cpu=  0.0% rss= 203.7MB
[2026-06-17T19:10:09.102Z WARN  confluent_kafka::network_client] [Consumer clientId=consumer-perf, groupId=dz-rustc-1781723103] Error connecting to node b24-pkc-devcozvdmy.us-east-1.aws.devel.cpdev.cloud:9092 (id: 24 rack: Some("use1-az5") isFenced: false): Connection refused (os error 111)
[2026-06-17T19:10:09.103Z WARN  confluent_kafka::network_client] [Consumer clientId=consumer-perf, groupId=dz-rustc-1781723103] Error connecting to node b14-pkc-devcozvdmy.us-east-1.aws.devel.cpdev.cloud:9092 (id: 14 rack: Some("use1-az5") isFenced: false): Connection refused (os error 111)
[2026-06-17T19:10:09.104Z WARN  confluent_kafka::network_client] [Consumer clientId=consumer-perf, groupId=dz-rustc-1781723103] Error connecting to node b3-pkc-devcozvdmy.us-east-1.aws.devel.cpdev.cloud:9092 (id: 3 rack: Some("use1-az5") isFenced: false): Connection refused (os error 111)
[2026-06-17T19:10:09.105Z WARN  confluent_kafka::network_client] [Consumer clientId=consumer-perf, groupId=dz-rustc-1781723103] Error connecting to node b6-pkc-devcozvdmy.us-east-1.aws.devel.cpdev.cloud:9092 (id: 6 rack: Some("use1-az5") isFenced: false): Connection refused (os error 111)
[2026-06-17T19:10:09.106Z WARN  confluent_kafka::network_client] [Consumer clientId=consumer-perf, groupId=dz-rustc-1781723103] Error connecting to node b22-pkc-devcozvdmy.us-east-1.aws.devel.cpdev.cloud:9092 (id: 22 rack: Some("use1-az5") isFenced: false): Connection refused (os error 111)
[2026-06-17T19:10:09.107Z WARN  confluent_kafka::network_client] [Consumer clientId=consumer-perf, groupId=dz-rustc-1781723103] Error connecting to node b32-pkc-devcozvdmy.us-east-1.aws.devel.cpdev.cloud:9092 (id: 32 rack: Some("use1-az5") isFenced: false): Connection refused (os error 111)
[2026-06-17T19:10:09.108Z WARN  confluent_kafka::network_client] [Consumer clientId=consumer-perf, groupId=dz-rustc-1781723103] Error connecting to node b33-pkc-devcozvdmy.us-east-1.aws.devel.cpdev.cloud:9092 (id: 33 rack: Some("use1-az5") isFenced: false): Connection refused (os error 111)
[2026-06-17T19:10:09.109Z WARN  confluent_kafka::network_client] [Consumer clientId=consumer-perf, groupId=dz-rustc-1781723103] Error connecting to node b10-pkc-devcozvdmy.us-east-1.aws.devel.cpdev.cloud:9092 (id: 10 rack: Some("use1-az5") isFenced: false): Connection refused (os error 111)
[2026-06-17T19:10:09.110Z WARN  confluent_kafka::network_client] [Consumer clientId=consumer-perf, groupId=dz-rustc-1781723103] Error connecting to node b18-pkc-devcozvdmy.us-east-1.aws.devel.cpdev.cloud:9092 (id: 18 rack: Some("use1-az5") isFenced: false): Connection refused (os error 111)
[2026-06-17T19:10:09.111Z WARN  confluent_kafka::network_client] [Consumer clientId=consumer-perf, groupId=dz-rustc-1781723103] Error connecting to node b23-pkc-devcozvdmy.us-east-1.aws.devel.cpdev.cloud:9092 (id: 23 rack: Some("use1-az5") isFenced: false): Connection refused (os error 111)
[2026-06-17T19:10:09.112Z WARN  confluent_kafka::network_client] [Consumer clientId=consumer-perf, groupId=dz-rustc-1781723103] Error connecting to node b27-pkc-devcozvdmy.us-east-1.aws.devel.cpdev.cloud:9092 (id: 27 rack: Some("use1-az5") isFenced: false): Connection refused (os error 111)
[2026-06-17T19:10:09.113Z WARN  confluent_kafka::network_client] [Consumer clientId=consumer-perf, groupId=dz-rustc-1781723103] Error connecting to node b7-pkc-devcozvdmy.us-east-1.aws.devel.cpdev.cloud:9092 (id: 7 rack: Some("use1-az5") isFenced: false): Connection refused (os error 111)
[2026-06-17T19:10:09.114Z WARN  confluent_kafka::network_client] [Consumer clientId=consumer-perf, groupId=dz-rustc-1781723103] Error connecting to node b25-pkc-devcozvdmy.us-east-1.aws.devel.cpdev.cloud:9092 (id: 25 rack: Some("use1-az5") isFenced: false): Connection refused (os error 111)
[2026-06-17T19:10:09.115Z WARN  confluent_kafka::network_client] [Consumer clientId=consumer-perf, groupId=dz-rustc-1781723103] Error connecting to node b12-pkc-devcozvdmy.us-east-1.aws.devel.cpdev.cloud:9092 (id: 12 rack: Some("use1-az5") isFenced: false): Connection refused (os error 111)
[2026-06-17T19:10:09.116Z WARN  confluent_kafka::network_client] [Consumer clientId=consumer-perf, groupId=dz-rustc-1781723103] Error connecting to node b26-pkc-devcozvdmy.us-east-1.aws.devel.cpdev.cloud:9092 (id: 26 rack: Some("use1-az5") isFenced: false): Connection refused (os error 111)
[2026-06-17T19:10:09.117Z WARN  confluent_kafka::network_client] [Consumer clientId=consumer-perf, groupId=dz-rustc-1781723103] Error connecting to node b28-pkc-devcozvdmy.us-east-1.aws.devel.cpdev.cloud:9092 (id: 28 rack: Some("use1-az5") isFenced: false): Connection refused (os error 111)
[2026-06-17T19:10:09.118Z WARN  confluent_kafka::network_client] [Consumer clientId=consumer-perf, groupId=dz-rustc-1781723103] Error connecting to node b15-pkc-devcozvdmy.us-east-1.aws.devel.cpdev.cloud:9092 (id: 15 rack: Some("use1-az5") isFenced: false): Connection refused (os error 111)
[2026-06-17T19:10:09.119Z WARN  confluent_kafka::network_client] [Consumer clientId=consumer-perf, groupId=dz-rustc-1781723103] Error connecting to node b20-pkc-devcozvdmy.us-east-1.aws.devel.cpdev.cloud:9092 (id: 20 rack: Some("use1-az5") isFenced: false): Connection refused (os error 111)
[2026-06-17T19:10:09.121Z WARN  confluent_kafka::network_client] [Consumer clientId=consumer-perf, groupId=dz-rustc-1781723103] Error connecting to node b35-pkc-devcozvdmy.us-east-1.aws.devel.cpdev.cloud:9092 (id: 35 rack: Some("use1-az5") isFenced: false): Connection refused (os error 111)
[2026-06-17T19:10:09.122Z WARN  confluent_kafka::network_client] [Consumer clientId=consumer-perf, groupId=dz-rustc-1781723103] Error connecting to node b17-pkc-devcozvdmy.us-east-1.aws.devel.cpdev.cloud:9092 (id: 17 rack: Some("use1-az5") isFenced: false): Connection refused (os error 111)
[2026-06-17T19:10:09.122Z WARN  confluent_kafka::network_client] [Consumer clientId=consumer-perf, groupId=dz-rustc-1781723103] Error connecting to node b4-pkc-devcozvdmy.us-east-1.aws.devel.cpdev.cloud:9092 (id: 4 rack: Some("use1-az5") isFenced: false): Connection refused (os error 111)
[2026-06-17T19:10:09.123Z WARN  confluent_kafka::network_client] [Consumer clientId=consumer-perf, groupId=dz-rustc-1781723103] Error connecting to node b9-pkc-devcozvdmy.us-east-1.aws.devel.cpdev.cloud:9092 (id: 9 rack: Some("use1-az5") isFenced: false): Connection refused (os error 111)
[2026-06-17T19:10:09.124Z WARN  confluent_kafka::network_client] [Consumer clientId=consumer-perf, groupId=dz-rustc-1781723103] Error connecting to node b21-pkc-devcozvdmy.us-east-1.aws.devel.cpdev.cloud:9092 (id: 21 rack: Some("use1-az5") isFenced: false): Connection refused (os error 111)
[2026-06-17T19:10:09.125Z WARN  confluent_kafka::network_client] [Consumer clientId=consumer-perf, groupId=dz-rustc-1781723103] Error connecting to node b5-pkc-devcozvdmy.us-east-1.aws.devel.cpdev.cloud:9092 (id: 5 rack: Some("use1-az5") isFenced: false): Connection refused (os error 111)
[2026-06-17T19:10:09.126Z WARN  confluent_kafka::network_client] [Consumer clientId=consumer-perf, groupId=dz-rustc-1781723103] Error connecting to node b1-pkc-devcozvdmy.us-east-1.aws.devel.cpdev.cloud:9092 (id: 1 rack: Some("use1-az5") isFenced: false): Connection refused (os error 111)
[2026-06-17T19:10:09.127Z WARN  confluent_kafka::network_client] [Consumer clientId=consumer-perf, groupId=dz-rustc-1781723103] Error connecting to node b19-pkc-devcozvdmy.us-east-1.aws.devel.cpdev.cloud:9092 (id: 19 rack: Some("use1-az5") isFenced: false): Connection refused (os error 111)
[2026-06-17T19:10:09.128Z WARN  confluent_kafka::network_client] [Consumer clientId=consumer-perf, groupId=dz-rustc-1781723103] Error connecting to node b2-pkc-devcozvdmy.us-east-1.aws.devel.cpdev.cloud:9092 (id: 2 rack: Some("use1-az5") isFenced: false): Connection refused (os error 111)
[2026-06-17T19:10:09.129Z WARN  confluent_kafka::network_client] [Consumer clientId=consumer-perf, groupId=dz-rustc-1781723103] Error connecting to node b30-pkc-devcozvdmy.us-east-1.aws.devel.cpdev.cloud:9092 (id: 30 rack: Some("use1-az5") isFenced: false): Connection refused (os error 111)
[2026-06-17T19:10:09.310Z WARN  confluent_kafka::network_client] [Consumer clientId=consumer-perf, groupId=dz-rustc-1781723103] Error connecting to node b4-pkc-devcozvdmy.us-east-1.aws.devel.cpdev.cloud:9092 (id: 4 rack: Some("use1-az5") isFenced: false): Connection refused (os error 111)
[2026-06-17T19:10:09.453Z WARN  confluent_kafka::network_client] [Consumer clientId=consumer-perf, groupId=dz-rustc-1781723103] Error connecting to node b28-pkc-devcozvdmy.us-east-1.aws.devel.cpdev.cloud:9092 (id: 28 rack: Some("use1-az5") isFenced: false): Connection refused (os error 111)
[2026-06-17T19:10:09.455Z WARN  confluent_kafka::network_client] [Consumer clientId=consumer-perf, groupId=dz-rustc-1781723103] Error connecting to node b24-pkc-devcozvdmy.us-east-1.aws.devel.cpdev.cloud:9092 (id: 24 rack: Some("use1-az5") isFenced: false): Connection refused (os error 111)
[2026-06-17T19:10:09.457Z WARN  confluent_kafka::network_client] [Consumer clientId=consumer-perf, groupId=dz-rustc-1781723103] Error connecting to node b16-pkc-devcozvdmy.us-east-1.aws.devel.cpdev.cloud:9092 (id: 16 rack: Some("use1-az5") isFenced: false): Connection refused (os error 111)
[2026-06-17T19:10:09.458Z WARN  confluent_kafka::network_client] [Consumer clientId=consumer-perf, groupId=dz-rustc-1781723103] Error connecting to node b0-pkc-devcozvdmy.us-east-1.aws.devel.cpdev.cloud:9092 (id: 0 rack: Some("use1-az5") isFenced: false): Connection refused (os error 111)
[2026-06-17T19:10:09.459Z WARN  confluent_kafka::network_client] [Consumer clientId=consumer-perf, groupId=dz-rustc-1781723103] Error connecting to node b1-pkc-devcozvdmy.us-east-1.aws.devel.cpdev.cloud:9092 (id: 1 rack: Some("use1-az5") isFenced: false): Connection refused (os error 111)
[2026-06-17T19:10:09.460Z WARN  confluent_kafka::network_client] [Consumer clientId=consumer-perf, groupId=dz-rustc-1781723103] Error connecting to node b23-pkc-devcozvdmy.us-east-1.aws.devel.cpdev.cloud:9092 (id: 23 rack: Some("use1-az5") isFenced: false): Connection refused (os error 111)
[2026-06-17T19:10:09.461Z WARN  confluent_kafka::network_client] [Consumer clientId=consumer-perf, groupId=dz-rustc-1781723103] Error connecting to node b19-pkc-devcozvdmy.us-east-1.aws.devel.cpdev.cloud:9092 (id: 19 rack: Some("use1-az5") isFenced: false): Connection refused (os error 111)
[2026-06-17T19:10:09.462Z WARN  confluent_kafka::network_client] [Consumer clientId=consumer-perf, groupId=dz-rustc-1781723103] Error connecting to node b35-pkc-devcozvdmy.us-east-1.aws.devel.cpdev.cloud:9092 (id: 35 rack: Some("use1-az5") isFenced: false): Connection refused (os error 111)
[2026-06-17T19:10:09.463Z WARN  confluent_kafka::network_client] [Consumer clientId=consumer-perf, groupId=dz-rustc-1781723103] Error connecting to node b3-pkc-devcozvdmy.us-east-1.aws.devel.cpdev.cloud:9092 (id: 3 rack: Some("use1-az5") isFenced: false): Connection refused (os error 111)
[2026-06-17T19:10:09.464Z WARN  confluent_kafka::network_client] [Consumer clientId=consumer-perf, groupId=dz-rustc-1781723103] Error connecting to node b26-pkc-devcozvdmy.us-east-1.aws.devel.cpdev.cloud:9092 (id: 26 rack: Some("use1-az5") isFenced: false): Connection refused (os error 111)
[2026-06-17T19:10:09.465Z WARN  confluent_kafka::network_client] [Consumer clientId=consumer-perf, groupId=dz-rustc-1781723103] Error connecting to node b31-pkc-devcozvdmy.us-east-1.aws.devel.cpdev.cloud:9092 (id: 31 rack: Some("use1-az5") isFenced: false): Connection refused (os error 111)
[2026-06-17T19:10:09.467Z WARN  confluent_kafka::network_client] [Consumer clientId=consumer-perf, groupId=dz-rustc-1781723103] Error connecting to node b15-pkc-devcozvdmy.us-east-1.aws.devel.cpdev.cloud:9092 (id: 15 rack: Some("use1-az5") isFenced: false): Connection refused (os error 111)
[2026-06-17T19:10:09.468Z WARN  confluent_kafka::network_client] [Consumer clientId=consumer-perf, groupId=dz-rustc-1781723103] Error connecting to node b18-pkc-devcozvdmy.us-east-1.aws.devel.cpdev.cloud:9092 (id: 18 rack: Some("use1-az5") isFenced: false): Connection refused (os error 111)
[2026-06-17T19:10:09.469Z WARN  confluent_kafka::network_client] [Consumer clientId=consumer-perf, groupId=dz-rustc-1781723103] Error connecting to node b29-pkc-devcozvdmy.us-east-1.aws.devel.cpdev.cloud:9092 (id: 29 rack: Some("use1-az5") isFenced: false): Connection refused (os error 111)
[2026-06-17T19:10:09.470Z WARN  confluent_kafka::network_client] [Consumer clientId=consumer-perf, groupId=dz-rustc-1781723103] Error connecting to node b10-pkc-devcozvdmy.us-east-1.aws.devel.cpdev.cloud:9092 (id: 10 rack: Some("use1-az5") isFenced: false): Connection refused (os error 111)
[2026-06-17T19:10:09.471Z WARN  confluent_kafka::network_client] [Consumer clientId=consumer-perf, groupId=dz-rustc-1781723103] Error connecting to node b2-pkc-devcozvdmy.us-east-1.aws.devel.cpdev.cloud:9092 (id: 2 rack: Some("use1-az5") isFenced: false): Connection refused (os error 111)
[2026-06-17T19:10:09.472Z WARN  confluent_kafka::network_client] [Consumer clientId=consumer-perf, groupId=dz-rustc-1781723103] Error connecting to node b8-pkc-devcozvdmy.us-east-1.aws.devel.cpdev.cloud:9092 (id: 8 rack: Some("use1-az5") isFenced: false): Connection refused (os error 111)
[2026-06-17T19:10:09.474Z WARN  confluent_kafka::network_client] [Consumer clientId=consumer-perf, groupId=dz-rustc-1781723103] Error connecting to node b11-pkc-devcozvdmy.us-east-1.aws.devel.cpdev.cloud:9092 (id: 11 rack: Some("use1-az5") isFenced: false): Connection refused (os error 111)
[2026-06-17T19:10:09.474Z WARN  confluent_kafka::network_client] [Consumer clientId=consumer-perf, groupId=dz-rustc-1781723103] Error connecting to node b20-pkc-devcozvdmy.us-east-1.aws.devel.cpdev.cloud:9092 (id: 20 rack: Some("use1-az5") isFenced: false): Connection refused (os error 111)
[2026-06-17T19:10:09.475Z WARN  confluent_kafka::network_client] [Consumer clientId=consumer-perf, groupId=dz-rustc-1781723103] Error connecting to node b34-pkc-devcozvdmy.us-east-1.aws.devel.cpdev.cloud:9092 (id: 34 rack: Some("use1-az5") isFenced: false): Connection refused (os error 111)
[2026-06-17T19:10:09.476Z WARN  confluent_kafka::network_client] [Consumer clientId=consumer-perf, groupId=dz-rustc-1781723103] Error connecting to node b22-pkc-devcozvdmy.us-east-1.aws.devel.cpdev.cloud:9092 (id: 22 rack: Some("use1-az5") isFenced: false): Connection refused (os error 111)
[2026-06-17T19:10:09.477Z WARN  confluent_kafka::network_client] [Consumer clientId=consumer-perf, groupId=dz-rustc-1781723103] Error connecting to node b25-pkc-devcozvdmy.us-east-1.aws.devel.cpdev.cloud:9092 (id: 25 rack: Some("use1-az5") isFenced: false): Connection refused (os error 111)
[2026-06-17T19:10:09.478Z WARN  confluent_kafka::network_client] [Consumer clientId=consumer-perf, groupId=dz-rustc-1781723103] Error connecting to node b7-pkc-devcozvdmy.us-east-1.aws.devel.cpdev.cloud:9092 (id: 7 rack: Some("use1-az5") isFenced: false): Connection refused (os error 111)
[2026-06-17T19:10:09.480Z WARN  confluent_kafka::network_client] [Consumer clientId=consumer-perf, groupId=dz-rustc-1781723103] Error connecting to node b27-pkc-devcozvdmy.us-east-1.aws.devel.cpdev.cloud:9092 (id: 27 rack: Some("use1-az5") isFenced: false): Connection refused (os error 111)
[2026-06-17T19:10:09.481Z WARN  confluent_kafka::network_client] [Consumer clientId=consumer-perf, groupId=dz-rustc-1781723103] Error connecting to node b6-pkc-devcozvdmy.us-east-1.aws.devel.cpdev.cloud:9092 (id: 6 rack: Some("use1-az5") isFenced: false): Connection refused (os error 111)
[2026-06-17T19:10:09.482Z WARN  confluent_kafka::network_client] [Consumer clientId=consumer-perf, groupId=dz-rustc-1781723103] Error connecting to node b9-pkc-devcozvdmy.us-east-1.aws.devel.cpdev.cloud:9092 (id: 9 rack: Some("use1-az5") isFenced: false): Connection refused (os error 111)
[2026-06-17T19:10:09.483Z WARN  confluent_kafka::network_client] [Consumer clientId=consumer-perf, groupId=dz-rustc-1781723103] Error connecting to node b30-pkc-devcozvdmy.us-east-1.aws.devel.cpdev.cloud:9092 (id: 30 rack: Some("use1-az5") isFenced: false): Connection refused (os error 111)
[2026-06-17T19:10:09.484Z WARN  confluent_kafka::network_client] [Consumer clientId=consumer-perf, groupId=dz-rustc-1781723103] Error connecting to node b5-pkc-devcozvdmy.us-east-1.aws.devel.cpdev.cloud:9092 (id: 5 rack: Some("use1-az5") isFenced: false): Connection refused (os error 111)
[2026-06-17T19:10:09.485Z WARN  confluent_kafka::network_client] [Consumer clientId=consumer-perf, groupId=dz-rustc-1781723103] Error connecting to node b12-pkc-devcozvdmy.us-east-1.aws.devel.cpdev.cloud:9092 (id: 12 rack: Some("use1-az5") isFenced: false): Connection refused (os error 111)
[2026-06-17T19:10:09.486Z WARN  confluent_kafka::network_client] [Consumer clientId=consumer-perf, groupId=dz-rustc-1781723103] Error connecting to node b21-pkc-devcozvdmy.us-east-1.aws.devel.cpdev.cloud:9092 (id: 21 rack: Some("use1-az5") isFenced: false): Connection refused (os error 111)
[2026-06-17T19:10:09.487Z WARN  confluent_kafka::network_client] [Consumer clientId=consumer-perf, groupId=dz-rustc-1781723103] Error connecting to node b14-pkc-devcozvdmy.us-east-1.aws.devel.cpdev.cloud:9092 (id: 14 rack: Some("use1-az5") isFenced: false): Connection refused (os error 111)
[2026-06-17T19:10:09.488Z WARN  confluent_kafka::network_client] [Consumer clientId=consumer-perf, groupId=dz-rustc-1781723103] Error connecting to node b33-pkc-devcozvdmy.us-east-1.aws.devel.cpdev.cloud:9092 (id: 33 rack: Some("use1-az5") isFenced: false): Connection refused (os error 111)
[2026-06-17T19:10:09.489Z WARN  confluent_kafka::network_client] [Consumer clientId=consumer-perf, groupId=dz-rustc-1781723103] Error connecting to node b17-pkc-devcozvdmy.us-east-1.aws.devel.cpdev.cloud:9092 (id: 17 rack: Some("use1-az5") isFenced: false): Connection refused (os error 111)
[2026-06-17T19:10:09.490Z WARN  confluent_kafka::network_client] [Consumer clientId=consumer-perf, groupId=dz-rustc-1781723103] Error connecting to node b13-pkc-devcozvdmy.us-east-1.aws.devel.cpdev.cloud:9092 (id: 13 rack: Some("use1-az5") isFenced: false): Connection refused (os error 111)
[2026-06-17T19:10:09.491Z WARN  confluent_kafka::network_client] [Consumer clientId=consumer-perf, groupId=dz-rustc-1781723103] Error connecting to node b32-pkc-devcozvdmy.us-east-1.aws.devel.cpdev.cloud:9092 (id: 32 rack: Some("use1-az5") isFenced: false): Connection refused (os error 111)
[2026-06-17T19:10:09.594Z WARN  confluent_kafka::network_client] [Consumer clientId=consumer-perf, groupId=dz-rustc-1781723103] Error connecting to node b4-pkc-devcozvdmy.us-east-1.aws.devel.cpdev.cloud:9092 (id: 4 rack: Some("use1-az5") isFenced: false): Connection refused (os error 111)
[2026-06-17T19:10:09.595Z WARN  confluent_kafka::network_client] [Consumer clientId=consumer-perf, groupId=dz-rustc-1781723103] Error connecting to node b29-pkc-devcozvdmy.us-east-1.aws.devel.cpdev.cloud:9092 (id: 29 rack: Some("use1-az5") isFenced: false): Connection refused (os error 111)
[2026-06-17T19:10:09.596Z WARN  confluent_kafka::network_client] [Consumer clientId=consumer-perf, groupId=dz-rustc-1781723103] Error connecting to node b8-pkc-devcozvdmy.us-east-1.aws.devel.cpdev.cloud:9092 (id: 8 rack: Some("use1-az5") isFenced: false): Connection refused (os error 111)
[2026-06-17T19:10:09.597Z WARN  confluent_kafka::network_client] [Consumer clientId=consumer-perf, groupId=dz-rustc-1781723103] Error connecting to node b13-pkc-devcozvdmy.us-east-1.aws.devel.cpdev.cloud:9092 (id: 13 rack: Some("use1-az5") isFenced: false): Connection refused (os error 111)
[2026-06-17T19:10:09.598Z WARN  confluent_kafka::network_client] [Consumer clientId=consumer-perf, groupId=dz-rustc-1781723103] Error connecting to node b31-pkc-devcozvdmy.us-east-1.aws.devel.cpdev.cloud:9092 (id: 31 rack: Some("use1-az5") isFenced: false): Connection refused (os error 111)
[2026-06-17T19:10:09.600Z WARN  confluent_kafka::network_client] [Consumer clientId=consumer-perf, groupId=dz-rustc-1781723103] Error connecting to node b11-pkc-devcozvdmy.us-east-1.aws.devel.cpdev.cloud:9092 (id: 11 rack: Some("use1-az5") isFenced: false): Connection refused (os error 111)
[2026-06-17T19:10:09.601Z WARN  confluent_kafka::network_client] [Consumer clientId=consumer-perf, groupId=dz-rustc-1781723103] Error connecting to node b0-pkc-devcozvdmy.us-east-1.aws.devel.cpdev.cloud:9092 (id: 0 rack: Some("use1-az5") isFenced: false): Connection refused (os error 111)
[2026-06-17T19:10:09.602Z WARN  confluent_kafka::network_client] [Consumer clientId=consumer-perf, groupId=dz-rustc-1781723103] Error connecting to node b34-pkc-devcozvdmy.us-east-1.aws.devel.cpdev.cloud:9092 (id: 34 rack: Some("use1-az5") isFenced: false): Connection refused (os error 111)
[2026-06-17T19:10:09.603Z WARN  confluent_kafka::network_client] [Consumer clientId=consumer-perf, groupId=dz-rustc-1781723103] Error connecting to node b16-pkc-devcozvdmy.us-east-1.aws.devel.cpdev.cloud:9092 (id: 16 rack: Some("use1-az5") isFenced: false): Connection refused (os error 111)
[2026-06-17T19:10:09.615Z WARN  confluent_kafka::network_client] [Consumer clientId=consumer-perf, groupId=dz-rustc-1781723103] Error connecting to node b10-pkc-devcozvdmy.us-east-1.aws.devel.cpdev.cloud:9092 (id: 10 rack: Some("use1-az5") isFenced: false): Connection refused (os error 111)
[2026-06-17T19:10:09.620Z WARN  confluent_kafka::network_client] [Consumer clientId=consumer-perf, groupId=dz-rustc-1781723103] Error connecting to node b28-pkc-devcozvdmy.us-east-1.aws.devel.cpdev.cloud:9092 (id: 28 rack: Some("use1-az5") isFenced: false): Connection refused (os error 111)
[2026-06-17T19:10:09.621Z WARN  confluent_kafka::network_client] [Consumer clientId=consumer-perf, groupId=dz-rustc-1781723103] Error connecting to node b30-pkc-devcozvdmy.us-east-1.aws.devel.cpdev.cloud:9092 (id: 30 rack: Some("use1-az5") isFenced: false): Connection refused (os error 111)
[2026-06-17T19:10:09.624Z WARN  confluent_kafka::network_client] [Consumer clientId=consumer-perf, groupId=dz-rustc-1781723103] Error connecting to node b9-pkc-devcozvdmy.us-east-1.aws.devel.cpdev.cloud:9092 (id: 9 rack: Some("use1-az5") isFenced: false): Connection refused (os error 111)
[2026-06-17T19:10:09.627Z WARN  confluent_kafka::network_client] [Consumer clientId=consumer-perf, groupId=dz-rustc-1781723103] Error connecting to node b26-pkc-devcozvdmy.us-east-1.aws.devel.cpdev.cloud:9092 (id: 26 rack: Some("use1-az5") isFenced: false): Connection refused (os error 111)
[2026-06-17T19:10:09.629Z WARN  confluent_kafka::network_client] [Consumer clientId=consumer-perf, groupId=dz-rustc-1781723103] Error connecting to node b23-pkc-devcozvdmy.us-east-1.aws.devel.cpdev.cloud:9092 (id: 23 rack: Some("use1-az5") isFenced: false): Connection refused (os error 111)
[2026-06-17T19:10:09.633Z WARN  confluent_kafka::network_client] [Consumer clientId=consumer-perf, groupId=dz-rustc-1781723103] Error connecting to node b1-pkc-devcozvdmy.us-east-1.aws.devel.cpdev.cloud:9092 (id: 1 rack: Some("use1-az5") isFenced: false): Connection refused (os error 111)
[2026-06-17T19:10:09.634Z WARN  confluent_kafka::network_client] [Consumer clientId=consumer-perf, groupId=dz-rustc-1781723103] Error connecting to node b6-pkc-devcozvdmy.us-east-1.aws.devel.cpdev.cloud:9092 (id: 6 rack: Some("use1-az5") isFenced: false): Connection refused (os error 111)
[2026-06-17T19:10:09.635Z WARN  confluent_kafka::network_client] [Consumer clientId=consumer-perf, groupId=dz-rustc-1781723103] Error connecting to node b32-pkc-devcozvdmy.us-east-1.aws.devel.cpdev.cloud:9092 (id: 32 rack: Some("use1-az5") isFenced: false): Connection refused (os error 111)
[2026-06-17T19:10:09.649Z WARN  confluent_kafka::network_client] [Consumer clientId=consumer-perf, groupId=dz-rustc-1781723103] Error connecting to node b2-pkc-devcozvdmy.us-east-1.aws.devel.cpdev.cloud:9092 (id: 2 rack: Some("use1-az5") isFenced: false): Connection refused (os error 111)
[2026-06-17T19:10:09.652Z WARN  confluent_kafka::network_client] [Consumer clientId=consumer-perf, groupId=dz-rustc-1781723103] Error connecting to node b27-pkc-devcozvdmy.us-east-1.aws.devel.cpdev.cloud:9092 (id: 27 rack: Some("use1-az5") isFenced: false): Connection refused (os error 111)
[2026-06-17T19:10:09.653Z WARN  confluent_kafka::network_client] [Consumer clientId=consumer-perf, groupId=dz-rustc-1781723103] Error connecting to node b12-pkc-devcozvdmy.us-east-1.aws.devel.cpdev.cloud:9092 (id: 12 rack: Some("use1-az5") isFenced: false): Connection refused (os error 111)
[2026-06-17T19:10:09.655Z WARN  confluent_kafka::network_client] [Consumer clientId=consumer-perf, groupId=dz-rustc-1781723103] Error connecting to node b7-pkc-devcozvdmy.us-east-1.aws.devel.cpdev.cloud:9092 (id: 7 rack: Some("use1-az5") isFenced: false): Connection refused (os error 111)
[2026-06-17T19:10:09.659Z WARN  confluent_kafka::network_client] [Consumer clientId=consumer-perf, groupId=dz-rustc-1781723103] Error connecting to node b33-pkc-devcozvdmy.us-east-1.aws.devel.cpdev.cloud:9092 (id: 33 rack: Some("use1-az5") isFenced: false): Connection refused (os error 111)
[2026-06-17T19:10:09.660Z WARN  confluent_kafka::network_client] [Consumer clientId=consumer-perf, groupId=dz-rustc-1781723103] Error connecting to node b17-pkc-devcozvdmy.us-east-1.aws.devel.cpdev.cloud:9092 (id: 17 rack: Some("use1-az5") isFenced: false): Connection refused (os error 111)
[2026-06-17T19:10:09.661Z WARN  confluent_kafka::network_client] [Consumer clientId=consumer-perf, groupId=dz-rustc-1781723103] Error connecting to node b24-pkc-devcozvdmy.us-east-1.aws.devel.cpdev.cloud:9092 (id: 24 rack: Some("use1-az5") isFenced: false): Connection refused (os error 111)
[2026-06-17T19:10:09.663Z WARN  confluent_kafka::network_client] [Consumer clientId=consumer-perf, groupId=dz-rustc-1781723103] Error connecting to node b21-pkc-devcozvdmy.us-east-1.aws.devel.cpdev.cloud:9092 (id: 21 rack: Some("use1-az5") isFenced: false): Connection refused (os error 111)
[2026-06-17T19:10:09.664Z WARN  confluent_kafka::network_client] [Consumer clientId=consumer-perf, groupId=dz-rustc-1781723103] Error connecting to node b35-pkc-devcozvdmy.us-east-1.aws.devel.cpdev.cloud:9092 (id: 35 rack: Some("use1-az5") isFenced: false): Connection refused (os error 111)
[2026-06-17T19:10:09.668Z WARN  confluent_kafka::network_client] [Consumer clientId=consumer-perf, groupId=dz-rustc-1781723103] Error connecting to node b3-pkc-devcozvdmy.us-east-1.aws.devel.cpdev.cloud:9092 (id: 3 rack: Some("use1-az5") isFenced: false): Connection refused (os error 111)
[2026-06-17T19:10:09.671Z WARN  confluent_kafka::network_client] [Consumer clientId=consumer-perf, groupId=dz-rustc-1781723103] Error connecting to node b18-pkc-devcozvdmy.us-east-1.aws.devel.cpdev.cloud:9092 (id: 18 rack: Some("use1-az5") isFenced: false): Connection refused (os error 111)
[2026-06-17T19:10:09.672Z WARN  confluent_kafka::network_client] [Consumer clientId=consumer-perf, groupId=dz-rustc-1781723103] Error connecting to node b20-pkc-devcozvdmy.us-east-1.aws.devel.cpdev.cloud:9092 (id: 20 rack: Some("use1-az5") isFenced: false): Connection refused (os error 111)
[2026-06-17T19:10:09.679Z WARN  confluent_kafka::network_client] [Consumer clientId=consumer-perf, groupId=dz-rustc-1781723103] Error connecting to node b22-pkc-devcozvdmy.us-east-1.aws.devel.cpdev.cloud:9092 (id: 22 rack: Some("use1-az5") isFenced: false): Connection refused (os error 111)
[2026-06-17T19:10:09.681Z WARN  confluent_kafka::network_client] [Consumer clientId=consumer-perf, groupId=dz-rustc-1781723103] Error connecting to node b14-pkc-devcozvdmy.us-east-1.aws.devel.cpdev.cloud:9092 (id: 14 rack: Some("use1-az5") isFenced: false): Connection refused (os error 111)
[2026-06-17T19:10:09.687Z WARN  confluent_kafka::network_client] [Consumer clientId=consumer-perf, groupId=dz-rustc-1781723103] Error connecting to node b25-pkc-devcozvdmy.us-east-1.aws.devel.cpdev.cloud:9092 (id: 25 rack: Some("use1-az5") isFenced: false): Connection refused (os error 111)
[2026-06-17T19:10:09.688Z WARN  confluent_kafka::network_client] [Consumer clientId=consumer-perf, groupId=dz-rustc-1781723103] Error connecting to node b5-pkc-devcozvdmy.us-east-1.aws.devel.cpdev.cloud:9092 (id: 5 rack: Some("use1-az5") isFenced: false): Connection refused (os error 111)
[2026-06-17T19:10:09.691Z WARN  confluent_kafka::network_client] [Consumer clientId=consumer-perf, groupId=dz-rustc-1781723103] Error connecting to node b19-pkc-devcozvdmy.us-east-1.aws.devel.cpdev.cloud:9092 (id: 19 rack: Some("use1-az5") isFenced: false): Connection refused (os error 111)
[2026-06-17T19:10:09.692Z WARN  confluent_kafka::network_client] [Consumer clientId=consumer-perf, groupId=dz-rustc-1781723103] Error connecting to node b15-pkc-devcozvdmy.us-east-1.aws.devel.cpdev.cloud:9092 (id: 15 rack: Some("use1-az5") isFenced: false): Connection refused (os error 111)
[2026-06-17T19:10:09.772Z WARN  confluent_kafka::network_client] [Consumer clientId=consumer-perf, groupId=dz-rustc-1781723103] Error connecting to node b11-pkc-devcozvdmy.us-east-1.aws.devel.cpdev.cloud:9092 (id: 11 rack: Some("use1-az5") isFenced: false): Connection refused (os error 111)
[2026-06-17T19:10:09.777Z WARN  confluent_kafka::network_client] [Consumer clientId=consumer-perf, groupId=dz-rustc-1781723103] Error connecting to node b34-pkc-devcozvdmy.us-east-1.aws.devel.cpdev.cloud:9092 (id: 34 rack: Some("use1-az5") isFenced: false): Connection refused (os error 111)
[2026-06-17T19:10:09.785Z WARN  confluent_kafka::network_client] [Consumer clientId=consumer-perf, groupId=dz-rustc-1781723103] Error connecting to node b31-pkc-devcozvdmy.us-east-1.aws.devel.cpdev.cloud:9092 (id: 31 rack: Some("use1-az5") isFenced: false): Connection refused (os error 111)
[2026-06-17T19:10:09.798Z WARN  confluent_kafka::network_client] [Consumer clientId=consumer-perf, groupId=dz-rustc-1781723103] Error connecting to node b0-pkc-devcozvdmy.us-east-1.aws.devel.cpdev.cloud:9092 (id: 0 rack: Some("use1-az5") isFenced: false): Connection refused (os error 111)
[2026-06-17T19:10:09.812Z WARN  confluent_kafka::network_client] [Consumer clientId=consumer-perf, groupId=dz-rustc-1781723103] Error connecting to node b13-pkc-devcozvdmy.us-east-1.aws.devel.cpdev.cloud:9092 (id: 13 rack: Some("use1-az5") isFenced: false): Connection refused (os error 111)
[2026-06-17T19:10:09.814Z WARN  confluent_kafka::network_client] [Consumer clientId=consumer-perf, groupId=dz-rustc-1781723103] Error connecting to node b16-pkc-devcozvdmy.us-east-1.aws.devel.cpdev.cloud:9092 (id: 16 rack: Some("use1-az5") isFenced: false): Connection refused (os error 111)
[2026-06-17T19:10:09.817Z WARN  confluent_kafka::network_client] [Consumer clientId=consumer-perf, groupId=dz-rustc-1781723103] Error connecting to node b8-pkc-devcozvdmy.us-east-1.aws.devel.cpdev.cloud:9092 (id: 8 rack: Some("use1-az5") isFenced: false): Connection refused (os error 111)
[2026-06-17T19:10:09.822Z WARN  confluent_kafka::network_client] [Consumer clientId=consumer-perf, groupId=dz-rustc-1781723103] Error connecting to node b29-pkc-devcozvdmy.us-east-1.aws.devel.cpdev.cloud:9092 (id: 29 rack: Some("use1-az5") isFenced: false): Connection refused (os error 111)
[2026-06-17T19:10:09.977Z WARN  confluent_kafka::network_client] [Consumer clientId=consumer-perf, groupId=dz-rustc-1781723103] Error connecting to node b6-pkc-devcozvdmy.us-east-1.aws.devel.cpdev.cloud:9092 (id: 6 rack: Some("use1-az5") isFenced: false): Connection refused (os error 111)
[2026-06-17T19:10:09.979Z WARN  confluent_kafka::network_client] [Consumer clientId=consumer-perf, groupId=dz-rustc-1781723103] Error connecting to node b32-pkc-devcozvdmy.us-east-1.aws.devel.cpdev.cloud:9092 (id: 32 rack: Some("use1-az5") isFenced: false): Connection refused (os error 111)
[2026-06-17T19:10:09.983Z WARN  confluent_kafka::network_client] [Consumer clientId=consumer-perf, groupId=dz-rustc-1781723103] Error connecting to node b28-pkc-devcozvdmy.us-east-1.aws.devel.cpdev.cloud:9092 (id: 28 rack: Some("use1-az5") isFenced: false): Connection refused (os error 111)
[2026-06-17T19:10:09.985Z WARN  confluent_kafka::network_client] [Consumer clientId=consumer-perf, groupId=dz-rustc-1781723103] Error connecting to node b2-pkc-devcozvdmy.us-east-1.aws.devel.cpdev.cloud:9092 (id: 2 rack: Some("use1-az5") isFenced: false): Connection refused (os error 111)
[2026-06-17T19:10:09.991Z WARN  confluent_kafka::network_client] [Consumer clientId=consumer-perf, groupId=dz-rustc-1781723103] Error connecting to node b23-pkc-devcozvdmy.us-east-1.aws.devel.cpdev.cloud:9092 (id: 23 rack: Some("use1-az5") isFenced: false): Connection refused (os error 111)
[2026-06-17T19:10:09.998Z WARN  confluent_kafka::network_client] [Consumer clientId=consumer-perf, groupId=dz-rustc-1781723103] Error connecting to node b24-pkc-devcozvdmy.us-east-1.aws.devel.cpdev.cloud:9092 (id: 24 rack: Some("use1-az5") isFenced: false): Connection refused (os error 111)
[2026-06-17T19:10:10.010Z WARN  confluent_kafka::network_client] [Consumer clientId=consumer-perf, groupId=dz-rustc-1781723103] Error connecting to node b1-pkc-devcozvdmy.us-east-1.aws.devel.cpdev.cloud:9092 (id: 1 rack: Some("use1-az5") isFenced: false): Connection refused (os error 111)
[2026-06-17T19:10:10.014Z WARN  confluent_kafka::network_client] [Consumer clientId=consumer-perf, groupId=dz-rustc-1781723103] Error connecting to node b12-pkc-devcozvdmy.us-east-1.aws.devel.cpdev.cloud:9092 (id: 12 rack: Some("use1-az5") isFenced: false): Connection refused (os error 111)
[2026-06-17T19:10:10.024Z WARN  confluent_kafka::network_client] [Consumer clientId=consumer-perf, groupId=dz-rustc-1781723103] Error connecting to node b33-pkc-devcozvdmy.us-east-1.aws.devel.cpdev.cloud:9092 (id: 33 rack: Some("use1-az5") isFenced: false): Connection refused (os error 111)
[2026-06-17T19:10:10.035Z WARN  confluent_kafka::network_client] [Consumer clientId=consumer-perf, groupId=dz-rustc-1781723103] Error connecting to node b3-pkc-devcozvdmy.us-east-1.aws.devel.cpdev.cloud:9092 (id: 3 rack: Some("use1-az5") isFenced: false): Connection refused (os error 111)
[2026-06-17T19:10:10.041Z WARN  confluent_kafka::network_client] [Consumer clientId=consumer-perf, groupId=dz-rustc-1781723103] Error connecting to node b30-pkc-devcozvdmy.us-east-1.aws.devel.cpdev.cloud:9092 (id: 30 rack: Some("use1-az5") isFenced: false): Connection refused (os error 111)
[2026-06-17T19:10:10.043Z WARN  confluent_kafka::network_client] [Consumer clientId=consumer-perf, groupId=dz-rustc-1781723103] Error connecting to node b22-pkc-devcozvdmy.us-east-1.aws.devel.cpdev.cloud:9092 (id: 22 rack: Some("use1-az5") isFenced: false): Connection refused (os error 111)
[2026-06-17T19:10:10.048Z WARN  confluent_kafka::network_client] [Consumer clientId=consumer-perf, groupId=dz-rustc-1781723103] Error connecting to node b4-pkc-devcozvdmy.us-east-1.aws.devel.cpdev.cloud:9092 (id: 4 rack: Some("use1-az5") isFenced: false): Connection refused (os error 111)
[2026-06-17T19:10:10.056Z WARN  confluent_kafka::network_client] [Consumer clientId=consumer-perf, groupId=dz-rustc-1781723103] Error connecting to node b19-pkc-devcozvdmy.us-east-1.aws.devel.cpdev.cloud:9092 (id: 19 rack: Some("use1-az5") isFenced: false): Connection refused (os error 111)
[2026-06-17T19:10:10.063Z WARN  confluent_kafka::network_client] [Consumer clientId=consumer-perf, groupId=dz-rustc-1781723103] Error connecting to node b27-pkc-devcozvdmy.us-east-1.aws.devel.cpdev.cloud:9092 (id: 27 rack: Some("use1-az5") isFenced: false): Connection refused (os error 111)
[2026-06-17T19:10:10.065Z WARN  confluent_kafka::network_client] [Consumer clientId=consumer-perf, groupId=dz-rustc-1781723103] Error connecting to node b17-pkc-devcozvdmy.us-east-1.aws.devel.cpdev.cloud:9092 (id: 17 rack: Some("use1-az5") isFenced: false): Connection refused (os error 111)
[2026-06-17T19:10:10.066Z WARN  confluent_kafka::network_client] [Consumer clientId=consumer-perf, groupId=dz-rustc-1781723103] Error connecting to node b10-pkc-devcozvdmy.us-east-1.aws.devel.cpdev.cloud:9092 (id: 10 rack: Some("use1-az5") isFenced: false): Connection refused (os error 111)
[2026-06-17T19:10:10.069Z WARN  confluent_kafka::network_client] [Consumer clientId=consumer-perf, groupId=dz-rustc-1781723103] Error connecting to node b15-pkc-devcozvdmy.us-east-1.aws.devel.cpdev.cloud:9092 (id: 15 rack: Some("use1-az5") isFenced: false): Connection refused (os error 111)
[2026-06-17T19:10:10.082Z WARN  confluent_kafka::network_client] [Consumer clientId=consumer-perf, groupId=dz-rustc-1781723103] Error connecting to node b21-pkc-devcozvdmy.us-east-1.aws.devel.cpdev.cloud:9092 (id: 21 rack: Some("use1-az5") isFenced: false): Connection refused (os error 111)
[2026-06-17T19:10:10.088Z WARN  confluent_kafka::network_client] [Consumer clientId=consumer-perf, groupId=dz-rustc-1781723103] Error connecting to node b26-pkc-devcozvdmy.us-east-1.aws.devel.cpdev.cloud:9092 (id: 26 rack: Some("use1-az5") isFenced: false): Connection refused (os error 111)
[2026-06-17T19:10:10.089Z WARN  confluent_kafka::network_client] [Consumer clientId=consumer-perf, groupId=dz-rustc-1781723103] Error connecting to node b35-pkc-devcozvdmy.us-east-1.aws.devel.cpdev.cloud:9092 (id: 35 rack: Some("use1-az5") isFenced: false): Connection refused (os error 111)
[2026-06-17T19:10:10.090Z WARN  confluent_kafka::network_client] [Consumer clientId=consumer-perf, groupId=dz-rustc-1781723103] Error connecting to node b5-pkc-devcozvdmy.us-east-1.aws.devel.cpdev.cloud:9092 (id: 5 rack: Some("use1-az5") isFenced: false): Connection refused (os error 111)
[2026-06-17T19:10:10.094Z WARN  confluent_kafka::network_client] [Consumer clientId=consumer-perf, groupId=dz-rustc-1781723103] Error connecting to node b11-pkc-devcozvdmy.us-east-1.aws.devel.cpdev.cloud:9092 (id: 11 rack: Some("use1-az5") isFenced: false): Connection refused (os error 111)
[2026-06-17T19:10:10.102Z WARN  confluent_kafka::network_client] [Consumer clientId=consumer-perf, groupId=dz-rustc-1781723103] Error connecting to node b9-pkc-devcozvdmy.us-east-1.aws.devel.cpdev.cloud:9092 (id: 9 rack: Some("use1-az5") isFenced: false): Connection refused (os error 111)
[2026-06-17T19:10:10.115Z WARN  confluent_kafka::network_client] [Consumer clientId=consumer-perf, groupId=dz-rustc-1781723103] Error connecting to node b18-pkc-devcozvdmy.us-east-1.aws.devel.cpdev.cloud:9092 (id: 18 rack: Some("use1-az5") isFenced: false): Connection refused (os error 111)
[2026-06-17T19:10:10.128Z WARN  confluent_kafka::network_client] [Consumer clientId=consumer-perf, groupId=dz-rustc-1781723103] Error connecting to node b7-pkc-devcozvdmy.us-east-1.aws.devel.cpdev.cloud:9092 (id: 7 rack: Some("use1-az5") isFenced: false): Connection refused (os error 111)
[2026-06-17T19:10:10.135Z WARN  confluent_kafka::network_client] [Consumer clientId=consumer-perf, groupId=dz-rustc-1781723103] Error connecting to node b14-pkc-devcozvdmy.us-east-1.aws.devel.cpdev.cloud:9092 (id: 14 rack: Some("use1-az5") isFenced: false): Connection refused (os error 111)
[2026-06-17T19:10:10.139Z WARN  confluent_kafka::network_client] [Consumer clientId=consumer-perf, groupId=dz-rustc-1781723103] Error connecting to node b8-pkc-devcozvdmy.us-east-1.aws.devel.cpdev.cloud:9092 (id: 8 rack: Some("use1-az5") isFenced: false): Connection refused (os error 111)
[2026-06-17T19:10:10.147Z WARN  confluent_kafka::network_client] [Consumer clientId=consumer-perf, groupId=dz-rustc-1781723103] Error connecting to node b25-pkc-devcozvdmy.us-east-1.aws.devel.cpdev.cloud:9092 (id: 25 rack: Some("use1-az5") isFenced: false): Connection refused (os error 111)
[2026-06-17T19:10:10.148Z WARN  confluent_kafka::network_client] [Consumer clientId=consumer-perf, groupId=dz-rustc-1781723103] Error connecting to node b20-pkc-devcozvdmy.us-east-1.aws.devel.cpdev.cloud:9092 (id: 20 rack: Some("use1-az5") isFenced: false): Connection refused (os error 111)
[2026-06-17T19:10:10.173Z WARN  confluent_kafka::network_client] [Consumer clientId=consumer-perf, groupId=dz-rustc-1781723103] Error connecting to node b29-pkc-devcozvdmy.us-east-1.aws.devel.cpdev.cloud:9092 (id: 29 rack: Some("use1-az5") isFenced: false): Connection refused (os error 111)
[2026-06-17T19:10:10.183Z WARN  confluent_kafka::network_client] [Consumer clientId=consumer-perf, groupId=dz-rustc-1781723103] Error connecting to node b0-pkc-devcozvdmy.us-east-1.aws.devel.cpdev.cloud:9092 (id: 0 rack: Some("use1-az5") isFenced: false): Connection refused (os error 111)
[2026-06-17T19:10:10.233Z WARN  confluent_kafka::network_client] [Consumer clientId=consumer-perf, groupId=dz-rustc-1781723103] Error connecting to node b34-pkc-devcozvdmy.us-east-1.aws.devel.cpdev.cloud:9092 (id: 34 rack: Some("use1-az5") isFenced: false): Connection refused (os error 111)
[2026-06-17T19:10:10.246Z WARN  confluent_kafka::network_client] [Consumer clientId=consumer-perf, groupId=dz-rustc-1781723103] Error connecting to node b31-pkc-devcozvdmy.us-east-1.aws.devel.cpdev.cloud:9092 (id: 31 rack: Some("use1-az5") isFenced: false): Connection refused (os error 111)
[2026-06-17T19:10:10.278Z WARN  confluent_kafka::network_client] [Consumer clientId=consumer-perf, groupId=dz-rustc-1781723103] Error connecting to node b16-pkc-devcozvdmy.us-east-1.aws.devel.cpdev.cloud:9092 (id: 16 rack: Some("use1-az5") isFenced: false): Connection refused (os error 111)
[2026-06-17T19:10:10.279Z WARN  confluent_kafka::network_client] [Consumer clientId=consumer-perf, groupId=dz-rustc-1781723103] Error connecting to node b13-pkc-devcozvdmy.us-east-1.aws.devel.cpdev.cloud:9092 (id: 13 rack: Some("use1-az5") isFenced: false): Connection refused (os error 111)
[2026-06-17T19:10:10.673Z WARN  confluent_kafka::network_client] [Consumer clientId=consumer-perf, groupId=dz-rustc-1781723103] Error connecting to node b28-pkc-devcozvdmy.us-east-1.aws.devel.cpdev.cloud:9092 (id: 28 rack: Some("use1-az5") isFenced: false): Connection refused (os error 111)
[2026-06-17T19:10:10.680Z WARN  confluent_kafka::network_client] [Consumer clientId=consumer-perf, groupId=dz-rustc-1781723103] Error connecting to node b33-pkc-devcozvdmy.us-east-1.aws.devel.cpdev.cloud:9092 (id: 33 rack: Some("use1-az5") isFenced: false): Connection refused (os error 111)
[2026-06-17T19:10:10.717Z WARN  confluent_kafka::network_client] [Consumer clientId=consumer-perf, groupId=dz-rustc-1781723103] Error connecting to node b23-pkc-devcozvdmy.us-east-1.aws.devel.cpdev.cloud:9092 (id: 23 rack: Some("use1-az5") isFenced: false): Connection refused (os error 111)
[2026-06-17T19:10:10.738Z WARN  confluent_kafka::network_client] [Consumer clientId=consumer-perf, groupId=dz-rustc-1781723103] Error connecting to node b12-pkc-devcozvdmy.us-east-1.aws.devel.cpdev.cloud:9092 (id: 12 rack: Some("use1-az5") isFenced: false): Connection refused (os error 111)
[2026-06-17T19:10:10.784Z WARN  confluent_kafka::network_client] [Consumer clientId=consumer-perf, groupId=dz-rustc-1781723103] Error connecting to node b8-pkc-devcozvdmy.us-east-1.aws.devel.cpdev.cloud:9092 (id: 8 rack: Some("use1-az5") isFenced: false): Connection refused (os error 111)
[2026-06-17T19:10:10.789Z WARN  confluent_kafka::network_client] [Consumer clientId=consumer-perf, groupId=dz-rustc-1781723103] Error connecting to node b30-pkc-devcozvdmy.us-east-1.aws.devel.cpdev.cloud:9092 (id: 30 rack: Some("use1-az5") isFenced: false): Connection refused (os error 111)
[2026-06-17T19:10:10.794Z WARN  confluent_kafka::network_client] [Consumer clientId=consumer-perf, groupId=dz-rustc-1781723103] Error connecting to node b4-pkc-devcozvdmy.us-east-1.aws.devel.cpdev.cloud:9092 (id: 4 rack: Some("use1-az5") isFenced: false): Connection refused (os error 111)
[2026-06-17T19:10:10.795Z WARN  confluent_kafka::network_client] [Consumer clientId=consumer-perf, groupId=dz-rustc-1781723103] Error connecting to node b19-pkc-devcozvdmy.us-east-1.aws.devel.cpdev.cloud:9092 (id: 19 rack: Some("use1-az5") isFenced: false): Connection refused (os error 111)
[2026-06-17T19:10:10.813Z WARN  confluent_kafka::network_client] [Consumer clientId=consumer-perf, groupId=dz-rustc-1781723103] Error connecting to node b1-pkc-devcozvdmy.us-east-1.aws.devel.cpdev.cloud:9092 (id: 1 rack: Some("use1-az5") isFenced: false): Connection refused (os error 111)
[2026-06-17T19:10:10.846Z WARN  confluent_kafka::network_client] [Consumer clientId=consumer-perf, groupId=dz-rustc-1781723103] Error connecting to node b3-pkc-devcozvdmy.us-east-1.aws.devel.cpdev.cloud:9092 (id: 3 rack: Some("use1-az5") isFenced: false): Connection refused (os error 111)
[2026-06-17T19:10:10.847Z WARN  confluent_kafka::network_client] [Consumer clientId=consumer-perf, groupId=dz-rustc-1781723103] Error connecting to node b26-pkc-devcozvdmy.us-east-1.aws.devel.cpdev.cloud:9092 (id: 26 rack: Some("use1-az5") isFenced: false): Connection refused (os error 111)
[2026-06-17T19:10:10.856Z WARN  confluent_kafka::network_client] [Consumer clientId=consumer-perf, groupId=dz-rustc-1781723103] Error connecting to node b32-pkc-devcozvdmy.us-east-1.aws.devel.cpdev.cloud:9092 (id: 32 rack: Some("use1-az5") isFenced: false): Connection refused (os error 111)
[2026-06-17T19:10:10.857Z WARN  confluent_kafka::network_client] [Consumer clientId=consumer-perf, groupId=dz-rustc-1781723103] Error connecting to node b17-pkc-devcozvdmy.us-east-1.aws.devel.cpdev.cloud:9092 (id: 17 rack: Some("use1-az5") isFenced: false): Connection refused (os error 111)
[2026-06-17T19:10:10.864Z WARN  confluent_kafka::network_client] [Consumer clientId=consumer-perf, groupId=dz-rustc-1781723103] Error connecting to node b18-pkc-devcozvdmy.us-east-1.aws.devel.cpdev.cloud:9092 (id: 18 rack: Some("use1-az5") isFenced: false): Connection refused (os error 111)
[2026-06-17T19:10:10.870Z WARN  confluent_kafka::network_client] [Consumer clientId=consumer-perf, groupId=dz-rustc-1781723103] Error connecting to node b22-pkc-devcozvdmy.us-east-1.aws.devel.cpdev.cloud:9092 (id: 22 rack: Some("use1-az5") isFenced: false): Connection refused (os error 111)
[2026-06-17T19:10:10.875Z WARN  confluent_kafka::network_client] [Consumer clientId=consumer-perf, groupId=dz-rustc-1781723103] Error connecting to node b2-pkc-devcozvdmy.us-east-1.aws.devel.cpdev.cloud:9092 (id: 2 rack: Some("use1-az5") isFenced: false): Connection refused (os error 111)
[2026-06-17T19:10:10.877Z WARN  confluent_kafka::network_client] [Consumer clientId=consumer-perf, groupId=dz-rustc-1781723103] Error connecting to node b0-pkc-devcozvdmy.us-east-1.aws.devel.cpdev.cloud:9092 (id: 0 rack: Some("use1-az5") isFenced: false): Connection refused (os error 111)
[2026-06-17T19:10:10.878Z WARN  confluent_kafka::network_client] [Consumer clientId=consumer-perf, groupId=dz-rustc-1781723103] Error connecting to node b5-pkc-devcozvdmy.us-east-1.aws.devel.cpdev.cloud:9092 (id: 5 rack: Some("use1-az5") isFenced: false): Connection refused (os error 111)
[2026-06-17T19:10:10.898Z WARN  confluent_kafka::network_client] [Consumer clientId=consumer-perf, groupId=dz-rustc-1781723103] Error connecting to node b11-pkc-devcozvdmy.us-east-1.aws.devel.cpdev.cloud:9092 (id: 11 rack: Some("use1-az5") isFenced: false): Connection refused (os error 111)
[2026-06-17T19:10:10.901Z WARN  confluent_kafka::network_client] [Consumer clientId=consumer-perf, groupId=dz-rustc-1781723103] Error connecting to node b29-pkc-devcozvdmy.us-east-1.aws.devel.cpdev.cloud:9092 (id: 29 rack: Some("use1-az5") isFenced: false): Connection refused (os error 111)
[2026-06-17T19:10:10.910Z WARN  confluent_kafka::network_client] [Consumer clientId=consumer-perf, groupId=dz-rustc-1781723103] Error connecting to node b20-pkc-devcozvdmy.us-east-1.aws.devel.cpdev.cloud:9092 (id: 20 rack: Some("use1-az5") isFenced: false): Connection refused (os error 111)
[2026-06-17T19:10:10.912Z WARN  confluent_kafka::network_client] [Consumer clientId=consumer-perf, groupId=dz-rustc-1781723103] Error connecting to node b6-pkc-devcozvdmy.us-east-1.aws.devel.cpdev.cloud:9092 (id: 6 rack: Some("use1-az5") isFenced: false): Connection refused (os error 111)
[2026-06-17T19:10:10.915Z WARN  confluent_kafka::network_client] [Consumer clientId=consumer-perf, groupId=dz-rustc-1781723103] Error connecting to node b27-pkc-devcozvdmy.us-east-1.aws.devel.cpdev.cloud:9092 (id: 27 rack: Some("use1-az5") isFenced: false): Connection refused (os error 111)
[2026-06-17T19:10:10.916Z WARN  confluent_kafka::network_client] [Consumer clientId=consumer-perf, groupId=dz-rustc-1781723103] Error connecting to node b24-pkc-devcozvdmy.us-east-1.aws.devel.cpdev.cloud:9092 (id: 24 rack: Some("use1-az5") isFenced: false): Connection refused (os error 111)
[2026-06-17T19:10:10.938Z WARN  confluent_kafka::network_client] [Consumer clientId=consumer-perf, groupId=dz-rustc-1781723103] Error connecting to node b13-pkc-devcozvdmy.us-east-1.aws.devel.cpdev.cloud:9092 (id: 13 rack: Some("use1-az5") isFenced: false): Connection refused (os error 111)
[2026-06-17T19:10:10.957Z WARN  confluent_kafka::network_client] [Consumer clientId=consumer-perf, groupId=dz-rustc-1781723103] Error connecting to node b16-pkc-devcozvdmy.us-east-1.aws.devel.cpdev.cloud:9092 (id: 16 rack: Some("use1-az5") isFenced: false): Connection refused (os error 111)
[2026-06-17T19:10:10.965Z WARN  confluent_kafka::network_client] [Consumer clientId=consumer-perf, groupId=dz-rustc-1781723103] Error connecting to node b10-pkc-devcozvdmy.us-east-1.aws.devel.cpdev.cloud:9092 (id: 10 rack: Some("use1-az5") isFenced: false): Connection refused (os error 111)
[2026-06-17T19:10:10.973Z WARN  confluent_kafka::network_client] [Consumer clientId=consumer-perf, groupId=dz-rustc-1781723103] Error connecting to node b14-pkc-devcozvdmy.us-east-1.aws.devel.cpdev.cloud:9092 (id: 14 rack: Some("use1-az5") isFenced: false): Connection refused (os error 111)
[2026-06-17T19:10:10.977Z WARN  confluent_kafka::network_client] [Consumer clientId=consumer-perf, groupId=dz-rustc-1781723103] Error connecting to node b25-pkc-devcozvdmy.us-east-1.aws.devel.cpdev.cloud:9092 (id: 25 rack: Some("use1-az5") isFenced: false): Connection refused (os error 111)
[2026-06-17T19:10:10.985Z WARN  confluent_kafka::network_client] [Consumer clientId=consumer-perf, groupId=dz-rustc-1781723103] Error connecting to node b15-pkc-devcozvdmy.us-east-1.aws.devel.cpdev.cloud:9092 (id: 15 rack: Some("use1-az5") isFenced: false): Connection refused (os error 111)
[2026-06-17T19:10:10.995Z WARN  confluent_kafka::network_client] [Consumer clientId=consumer-perf, groupId=dz-rustc-1781723103] Error connecting to node b21-pkc-devcozvdmy.us-east-1.aws.devel.cpdev.cloud:9092 (id: 21 rack: Some("use1-az5") isFenced: false): Connection refused (os error 111)
[2026-06-17T19:10:11.006Z WARN  confluent_kafka::network_client] [Consumer clientId=consumer-perf, groupId=dz-rustc-1781723103] Error connecting to node b9-pkc-devcozvdmy.us-east-1.aws.devel.cpdev.cloud:9092 (id: 9 rack: Some("use1-az5") isFenced: false): Connection refused (os error 111)
[2026-06-17T19:10:11.015Z WARN  confluent_kafka::network_client] [Consumer clientId=consumer-perf, groupId=dz-rustc-1781723103] Error connecting to node b35-pkc-devcozvdmy.us-east-1.aws.devel.cpdev.cloud:9092 (id: 35 rack: Some("use1-az5") isFenced: false): Connection refused (os error 111)
[2026-06-17T19:10:11.016Z WARN  confluent_kafka::network_client] [Consumer clientId=consumer-perf, groupId=dz-rustc-1781723103] Error connecting to node b7-pkc-devcozvdmy.us-east-1.aws.devel.cpdev.cloud:9092 (id: 7 rack: Some("use1-az5") isFenced: false): Connection refused (os error 111)
[2026-06-17T19:10:11.072Z WARN  confluent_kafka::network_client] [Consumer clientId=consumer-perf, groupId=dz-rustc-1781723103] Error connecting to node b31-pkc-devcozvdmy.us-east-1.aws.devel.cpdev.cloud:9092 (id: 31 rack: Some("use1-az5") isFenced: false): Connection refused (os error 111)
[2026-06-17T19:10:11.162Z WARN  confluent_kafka::network_client] [Consumer clientId=consumer-perf, groupId=dz-rustc-1781723103] Error connecting to node b34-pkc-devcozvdmy.us-east-1.aws.devel.cpdev.cloud:9092 (id: 34 rack: Some("use1-az5") isFenced: false): Connection refused (os error 111)
[2026-06-17T19:10:11.581Z WARN  confluent_kafka::network_client] [Consumer clientId=consumer-perf, groupId=dz-rustc-1781723103] Error connecting to node b33-pkc-devcozvdmy.us-east-1.aws.devel.cpdev.cloud:9092 (id: 33 rack: Some("use1-az5") isFenced: false): Connection refused (os error 111)
[2026-06-17T19:10:11.673Z WARN  confluent_kafka::network_client] [Consumer clientId=consumer-perf, groupId=dz-rustc-1781723103] Error connecting to node b28-pkc-devcozvdmy.us-east-1.aws.devel.cpdev.cloud:9092 (id: 28 rack: Some("use1-az5") isFenced: false): Connection refused (os error 111)
[2026-06-17T19:10:11.676Z WARN  confluent_kafka::network_client] [Consumer clientId=consumer-perf, groupId=dz-rustc-1781723103] Error connecting to node b32-pkc-devcozvdmy.us-east-1.aws.devel.cpdev.cloud:9092 (id: 32 rack: Some("use1-az5") isFenced: false): Connection refused (os error 111)
[2026-06-17T19:10:11.679Z WARN  confluent_kafka::network_client] [Consumer clientId=consumer-perf, groupId=dz-rustc-1781723103] Error connecting to node b0-pkc-devcozvdmy.us-east-1.aws.devel.cpdev.cloud:9092 (id: 0 rack: Some("use1-az5") isFenced: false): Connection refused (os error 111)
[2026-06-17T19:10:11.703Z WARN  confluent_kafka::network_client] [Consumer clientId=consumer-perf, groupId=dz-rustc-1781723103] Error connecting to node b4-pkc-devcozvdmy.us-east-1.aws.devel.cpdev.cloud:9092 (id: 4 rack: Some("use1-az5") isFenced: false): Connection refused (os error 111)
[2026-06-17T19:10:11.717Z WARN  confluent_kafka::network_client] [Consumer clientId=consumer-perf, groupId=dz-rustc-1781723103] Error connecting to node b23-pkc-devcozvdmy.us-east-1.aws.devel.cpdev.cloud:9092 (id: 23 rack: Some("use1-az5") isFenced: false): Connection refused (os error 111)
[2026-06-17T19:10:11.734Z WARN  confluent_kafka::network_client] [Consumer clientId=consumer-perf, groupId=dz-rustc-1781723103] Error connecting to node b29-pkc-devcozvdmy.us-east-1.aws.devel.cpdev.cloud:9092 (id: 29 rack: Some("use1-az5") isFenced: false): Connection refused (os error 111)
[2026-06-17T19:10:11.737Z WARN  confluent_kafka::network_client] [Consumer clientId=consumer-perf, groupId=dz-rustc-1781723103] Error connecting to node b12-pkc-devcozvdmy.us-east-1.aws.devel.cpdev.cloud:9092 (id: 12 rack: Some("use1-az5") isFenced: false): Connection refused (os error 111)
[2026-06-17T19:10:11.764Z WARN  confluent_kafka::network_client] [Consumer clientId=consumer-perf, groupId=dz-rustc-1781723103] Error connecting to node b3-pkc-devcozvdmy.us-east-1.aws.devel.cpdev.cloud:9092 (id: 3 rack: Some("use1-az5") isFenced: false): Connection refused (os error 111)
[2026-06-17T19:10:11.775Z WARN  confluent_kafka::network_client] [Consumer clientId=consumer-perf, groupId=dz-rustc-1781723103] Error connecting to node b17-pkc-devcozvdmy.us-east-1.aws.devel.cpdev.cloud:9092 (id: 17 rack: Some("use1-az5") isFenced: false): Connection refused (os error 111)
[2026-06-17T19:10:11.783Z WARN  confluent_kafka::network_client] [Consumer clientId=consumer-perf, groupId=dz-rustc-1781723103] Error connecting to node b30-pkc-devcozvdmy.us-east-1.aws.devel.cpdev.cloud:9092 (id: 30 rack: Some("use1-az5") isFenced: false): Connection refused (os error 111)
[2026-06-17T19:10:11.785Z WARN  confluent_kafka::network_client] [Consumer clientId=consumer-perf, groupId=dz-rustc-1781723103] Error connecting to node b8-pkc-devcozvdmy.us-east-1.aws.devel.cpdev.cloud:9092 (id: 8 rack: Some("use1-az5") isFenced: false): Connection refused (os error 111)
[2026-06-17T19:10:11.796Z WARN  confluent_kafka::network_client] [Consumer clientId=consumer-perf, groupId=dz-rustc-1781723103] Error connecting to node b19-pkc-devcozvdmy.us-east-1.aws.devel.cpdev.cloud:9092 (id: 19 rack: Some("use1-az5") isFenced: false): Connection refused (os error 111)
[2026-06-17T19:10:11.813Z WARN  confluent_kafka::network_client] [Consumer clientId=consumer-perf, groupId=dz-rustc-1781723103] Error connecting to node b1-pkc-devcozvdmy.us-east-1.aws.devel.cpdev.cloud:9092 (id: 1 rack: Some("use1-az5") isFenced: false): Connection refused (os error 111)
[2026-06-17T19:10:11.820Z WARN  confluent_kafka::network_client] [Consumer clientId=consumer-perf, groupId=dz-rustc-1781723103] Error connecting to node b5-pkc-devcozvdmy.us-east-1.aws.devel.cpdev.cloud:9092 (id: 5 rack: Some("use1-az5") isFenced: false): Connection refused (os error 111)
[2026-06-17T19:10:11.847Z WARN  confluent_kafka::network_client] [Consumer clientId=consumer-perf, groupId=dz-rustc-1781723103] Error connecting to node b26-pkc-devcozvdmy.us-east-1.aws.devel.cpdev.cloud:9092 (id: 26 rack: Some("use1-az5") isFenced: false): Connection refused (os error 111)
[2026-06-17T19:10:11.848Z WARN  confluent_kafka::network_client] [Consumer clientId=consumer-perf, groupId=dz-rustc-1781723103] Error connecting to node b7-pkc-devcozvdmy.us-east-1.aws.devel.cpdev.cloud:9092 (id: 7 rack: Some("use1-az5") isFenced: false): Connection refused (os error 111)
[2026-06-17T19:10:11.854Z WARN  confluent_kafka::network_client] [Consumer clientId=consumer-perf, groupId=dz-rustc-1781723103] Error connecting to node b35-pkc-devcozvdmy.us-east-1.aws.devel.cpdev.cloud:9092 (id: 35 rack: Some("use1-az5") isFenced: false): Connection refused (os error 111)
[2026-06-17T19:10:11.864Z WARN  confluent_kafka::network_client] [Consumer clientId=consumer-perf, groupId=dz-rustc-1781723103] Error connecting to node b18-pkc-devcozvdmy.us-east-1.aws.devel.cpdev.cloud:9092 (id: 18 rack: Some("use1-az5") isFenced: false): Connection refused (os error 111)
[2026-06-17T19:10:11.869Z WARN  confluent_kafka::network_client] [Consumer clientId=consumer-perf, groupId=dz-rustc-1781723103] Error connecting to node b22-pkc-devcozvdmy.us-east-1.aws.devel.cpdev.cloud:9092 (id: 22 rack: Some("use1-az5") isFenced: false): Connection refused (os error 111)
[2026-06-17T19:10:11.872Z WARN  confluent_kafka::network_client] [Consumer clientId=consumer-perf, groupId=dz-rustc-1781723103] Error connecting to node b27-pkc-devcozvdmy.us-east-1.aws.devel.cpdev.cloud:9092 (id: 27 rack: Some("use1-az5") isFenced: false): Connection refused (os error 111)
[2026-06-17T19:10:11.875Z WARN  confluent_kafka::network_client] [Consumer clientId=consumer-perf, groupId=dz-rustc-1781723103] Error connecting to node b2-pkc-devcozvdmy.us-east-1.aws.devel.cpdev.cloud:9092 (id: 2 rack: Some("use1-az5") isFenced: false): Connection refused (os error 111)
[2026-06-17T19:10:11.891Z WARN  confluent_kafka::network_client] [Consumer clientId=consumer-perf, groupId=dz-rustc-1781723103] Error connecting to node b6-pkc-devcozvdmy.us-east-1.aws.devel.cpdev.cloud:9092 (id: 6 rack: Some("use1-az5") isFenced: false): Connection refused (os error 111)
[2026-06-17T19:10:11.898Z WARN  confluent_kafka::network_client] [Consumer clientId=consumer-perf, groupId=dz-rustc-1781723103] Error connecting to node b11-pkc-devcozvdmy.us-east-1.aws.devel.cpdev.cloud:9092 (id: 11 rack: Some("use1-az5") isFenced: false): Connection refused (os error 111)
[2026-06-17T19:10:11.911Z WARN  confluent_kafka::network_client] [Consumer clientId=consumer-perf, groupId=dz-rustc-1781723103] Error connecting to node b20-pkc-devcozvdmy.us-east-1.aws.devel.cpdev.cloud:9092 (id: 20 rack: Some("use1-az5") isFenced: false): Connection refused (os error 111)
[2026-06-17T19:10:11.914Z WARN  confluent_kafka::network_client] [Consumer clientId=consumer-perf, groupId=dz-rustc-1781723103] Error connecting to node b13-pkc-devcozvdmy.us-east-1.aws.devel.cpdev.cloud:9092 (id: 13 rack: Some("use1-az5") isFenced: false): Connection refused (os error 111)
[2026-06-17T19:10:11.915Z WARN  confluent_kafka::network_client] [Consumer clientId=consumer-perf, groupId=dz-rustc-1781723103] Error connecting to node b24-pkc-devcozvdmy.us-east-1.aws.devel.cpdev.cloud:9092 (id: 24 rack: Some("use1-az5") isFenced: false): Connection refused (os error 111)
[2026-06-17T19:10:11.957Z WARN  confluent_kafka::network_client] [Consumer clientId=consumer-perf, groupId=dz-rustc-1781723103] Error connecting to node b16-pkc-devcozvdmy.us-east-1.aws.devel.cpdev.cloud:9092 (id: 16 rack: Some("use1-az5") isFenced: false): Connection refused (os error 111)
[2026-06-17T19:10:11.965Z WARN  confluent_kafka::network_client] [Consumer clientId=consumer-perf, groupId=dz-rustc-1781723103] Error connecting to node b10-pkc-devcozvdmy.us-east-1.aws.devel.cpdev.cloud:9092 (id: 10 rack: Some("use1-az5") isFenced: false): Connection refused (os error 111)
[2026-06-17T19:10:11.967Z WARN  confluent_kafka::network_client] [Consumer clientId=consumer-perf, groupId=dz-rustc-1781723103] Error connecting to node b21-pkc-devcozvdmy.us-east-1.aws.devel.cpdev.cloud:9092 (id: 21 rack: Some("use1-az5") isFenced: false): Connection refused (os error 111)
[2026-06-17T19:10:11.973Z WARN  confluent_kafka::network_client] [Consumer clientId=consumer-perf, groupId=dz-rustc-1781723103] Error connecting to node b14-pkc-devcozvdmy.us-east-1.aws.devel.cpdev.cloud:9092 (id: 14 rack: Some("use1-az5") isFenced: false): Connection refused (os error 111)
[2026-06-17T19:10:11.976Z WARN  confluent_kafka::network_client] [Consumer clientId=consumer-perf, groupId=dz-rustc-1781723103] Error connecting to node b25-pkc-devcozvdmy.us-east-1.aws.devel.cpdev.cloud:9092 (id: 25 rack: Some("use1-az5") isFenced: false): Connection refused (os error 111)
[2026-06-17T19:10:11.985Z WARN  confluent_kafka::network_client] [Consumer clientId=consumer-perf, groupId=dz-rustc-1781723103] Error connecting to node b15-pkc-devcozvdmy.us-east-1.aws.devel.cpdev.cloud:9092 (id: 15 rack: Some("use1-az5") isFenced: false): Connection refused (os error 111)
[2026-06-17T19:10:12.006Z WARN  confluent_kafka::network_client] [Consumer clientId=consumer-perf, groupId=dz-rustc-1781723103] Error connecting to node b9-pkc-devcozvdmy.us-east-1.aws.devel.cpdev.cloud:9092 (id: 9 rack: Some("use1-az5") isFenced: false): Connection refused (os error 111)
[2026-06-17T19:10:12.072Z WARN  confluent_kafka::network_client] [Consumer clientId=consumer-perf, groupId=dz-rustc-1781723103] Error connecting to node b31-pkc-devcozvdmy.us-east-1.aws.devel.cpdev.cloud:9092 (id: 31 rack: Some("use1-az5") isFenced: false): Connection refused (os error 111)
[2026-06-17T19:10:12.079Z WARN  confluent_kafka::network_client] [Consumer clientId=consumer-perf, groupId=dz-rustc-1781723103] Error connecting to node b34-pkc-devcozvdmy.us-east-1.aws.devel.cpdev.cloud:9092 (id: 34 rack: Some("use1-az5") isFenced: false): Connection refused (os error 111)
[2026-06-17T19:10:12.460Z WARN  confluent_kafka::network_client] [Consumer clientId=consumer-perf, groupId=dz-rustc-1781723103] Error connecting to node b33-pkc-devcozvdmy.us-east-1.aws.devel.cpdev.cloud:9092 (id: 33 rack: Some("use1-az5") isFenced: false): Connection refused (os error 111)
[2026-06-17T19:10:12.547Z WARN  confluent_kafka::network_client] [Consumer clientId=consumer-perf, groupId=dz-rustc-1781723103] Error connecting to node b4-pkc-devcozvdmy.us-east-1.aws.devel.cpdev.cloud:9092 (id: 4 rack: Some("use1-az5") isFenced: false): Connection refused (os error 111)
[2026-06-17T19:10:12.586Z WARN  confluent_kafka::network_client] [Consumer clientId=consumer-perf, groupId=dz-rustc-1781723103] Error connecting to node b29-pkc-devcozvdmy.us-east-1.aws.devel.cpdev.cloud:9092 (id: 29 rack: Some("use1-az5") isFenced: false): Connection refused (os error 111)
[2026-06-17T19:10:12.614Z WARN  confluent_kafka::network_client] [Consumer clientId=consumer-perf, groupId=dz-rustc-1781723103] Error connecting to node b23-pkc-devcozvdmy.us-east-1.aws.devel.cpdev.cloud:9092 (id: 23 rack: Some("use1-az5") isFenced: false): Connection refused (os error 111)
[2026-06-17T19:10:12.626Z WARN  confluent_kafka::network_client] [Consumer clientId=consumer-perf, groupId=dz-rustc-1781723103] Error connecting to node b17-pkc-devcozvdmy.us-east-1.aws.devel.cpdev.cloud:9092 (id: 17 rack: Some("use1-az5") isFenced: false): Connection refused (os error 111)
[2026-06-17T19:10:12.649Z WARN  confluent_kafka::network_client] [Consumer clientId=consumer-perf, groupId=dz-rustc-1781723103] Error connecting to node b28-pkc-devcozvdmy.us-east-1.aws.devel.cpdev.cloud:9092 (id: 28 rack: Some("use1-az5") isFenced: false): Connection refused (os error 111)
[2026-06-17T19:10:12.676Z WARN  confluent_kafka::network_client] [Consumer clientId=consumer-perf, groupId=dz-rustc-1781723103] Error connecting to node b32-pkc-devcozvdmy.us-east-1.aws.devel.cpdev.cloud:9092 (id: 32 rack: Some("use1-az5") isFenced: false): Connection refused (os error 111)
[2026-06-17T19:10:12.679Z WARN  confluent_kafka::network_client] [Consumer clientId=consumer-perf, groupId=dz-rustc-1781723103] Error connecting to node b0-pkc-devcozvdmy.us-east-1.aws.devel.cpdev.cloud:9092 (id: 0 rack: Some("use1-az5") isFenced: false): Connection refused (os error 111)
[2026-06-17T19:10:12.689Z WARN  confluent_kafka::network_client] [Consumer clientId=consumer-perf, groupId=dz-rustc-1781723103] Error connecting to node b26-pkc-devcozvdmy.us-east-1.aws.devel.cpdev.cloud:9092 (id: 26 rack: Some("use1-az5") isFenced: false): Connection refused (os error 111)
[2026-06-17T19:10:12.705Z WARN  confluent_kafka::network_client] [Consumer clientId=consumer-perf, groupId=dz-rustc-1781723103] Error connecting to node b1-pkc-devcozvdmy.us-east-1.aws.devel.cpdev.cloud:9092 (id: 1 rack: Some("use1-az5") isFenced: false): Connection refused (os error 111)
[2026-06-17T19:10:12.706Z WARN  confluent_kafka::network_client] [Consumer clientId=consumer-perf, groupId=dz-rustc-1781723103] Error connecting to node b18-pkc-devcozvdmy.us-east-1.aws.devel.cpdev.cloud:9092 (id: 18 rack: Some("use1-az5") isFenced: false): Connection refused (os error 111)
[2026-06-17T19:10:12.707Z WARN  confluent_kafka::network_client] [Consumer clientId=consumer-perf, groupId=dz-rustc-1781723103] Error connecting to node b22-pkc-devcozvdmy.us-east-1.aws.devel.cpdev.cloud:9092 (id: 22 rack: Some("use1-az5") isFenced: false): Connection refused (os error 111)
[2026-06-17T19:10:12.738Z WARN  confluent_kafka::network_client] [Consumer clientId=consumer-perf, groupId=dz-rustc-1781723103] Error connecting to node b12-pkc-devcozvdmy.us-east-1.aws.devel.cpdev.cloud:9092 (id: 12 rack: Some("use1-az5") isFenced: false): Connection refused (os error 111)
[2026-06-17T19:10:12.764Z WARN  confluent_kafka::network_client] [Consumer clientId=consumer-perf, groupId=dz-rustc-1781723103] Error connecting to node b3-pkc-devcozvdmy.us-east-1.aws.devel.cpdev.cloud:9092 (id: 3 rack: Some("use1-az5") isFenced: false): Connection refused (os error 111)
[2026-06-17T19:10:12.770Z WARN  confluent_kafka::network_client] [Consumer clientId=consumer-perf, groupId=dz-rustc-1781723103] Error connecting to node b20-pkc-devcozvdmy.us-east-1.aws.devel.cpdev.cloud:9092 (id: 20 rack: Some("use1-az5") isFenced: false): Connection refused (os error 111)
[2026-06-17T19:10:12.783Z WARN  confluent_kafka::network_client] [Consumer clientId=consumer-perf, groupId=dz-rustc-1781723103] Error connecting to node b30-pkc-devcozvdmy.us-east-1.aws.devel.cpdev.cloud:9092 (id: 30 rack: Some("use1-az5") isFenced: false): Connection refused (os error 111)
[2026-06-17T19:10:12.784Z WARN  confluent_kafka::network_client] [Consumer clientId=consumer-perf, groupId=dz-rustc-1781723103] Error connecting to node b8-pkc-devcozvdmy.us-east-1.aws.devel.cpdev.cloud:9092 (id: 8 rack: Some("use1-az5") isFenced: false): Connection refused (os error 111)
[2026-06-17T19:10:12.796Z WARN  confluent_kafka::network_client] [Consumer clientId=consumer-perf, groupId=dz-rustc-1781723103] Error connecting to node b19-pkc-devcozvdmy.us-east-1.aws.devel.cpdev.cloud:9092 (id: 19 rack: Some("use1-az5") isFenced: false): Connection refused (os error 111)
[2026-06-17T19:10:12.817Z WARN  confluent_kafka::network_client] [Consumer clientId=consumer-perf, groupId=dz-rustc-1781723103] Error connecting to node b6-pkc-devcozvdmy.us-east-1.aws.devel.cpdev.cloud:9092 (id: 6 rack: Some("use1-az5") isFenced: false): Connection refused (os error 111)
[2026-06-17T19:10:12.819Z WARN  confluent_kafka::network_client] [Consumer clientId=consumer-perf, groupId=dz-rustc-1781723103] Error connecting to node b5-pkc-devcozvdmy.us-east-1.aws.devel.cpdev.cloud:9092 (id: 5 rack: Some("use1-az5") isFenced: false): Connection refused (os error 111)
[2026-06-17T19:10:12.837Z WARN  confluent_kafka::network_client] [Consumer clientId=consumer-perf, groupId=dz-rustc-1781723103] Error connecting to node b2-pkc-devcozvdmy.us-east-1.aws.devel.cpdev.cloud:9092 (id: 2 rack: Some("use1-az5") isFenced: false): Connection refused (os error 111)
[2026-06-17T19:10:12.848Z WARN  confluent_kafka::network_client] [Consumer clientId=consumer-perf, groupId=dz-rustc-1781723103] Error connecting to node b7-pkc-devcozvdmy.us-east-1.aws.devel.cpdev.cloud:9092 (id: 7 rack: Some("use1-az5") isFenced: false): Connection refused (os error 111)
[2026-06-17T19:10:12.854Z WARN  confluent_kafka::network_client] [Consumer clientId=consumer-perf, groupId=dz-rustc-1781723103] Error connecting to node b35-pkc-devcozvdmy.us-east-1.aws.devel.cpdev.cloud:9092 (id: 35 rack: Some("use1-az5") isFenced: false): Connection refused (os error 111)
[2026-06-17T19:10:12.869Z WARN  confluent_kafka::network_client] [Consumer clientId=consumer-perf, groupId=dz-rustc-1781723103] Error connecting to node b16-pkc-devcozvdmy.us-east-1.aws.devel.cpdev.cloud:9092 (id: 16 rack: Some("use1-az5") isFenced: false): Connection refused (os error 111)
[2026-06-17T19:10:12.870Z WARN  confluent_kafka::network_client] [Consumer clientId=consumer-perf, groupId=dz-rustc-1781723103] Error connecting to node b21-pkc-devcozvdmy.us-east-1.aws.devel.cpdev.cloud:9092 (id: 21 rack: Some("use1-az5") isFenced: false): Connection refused (os error 111)
[2026-06-17T19:10:12.871Z WARN  confluent_kafka::network_client] [Consumer clientId=consumer-perf, groupId=dz-rustc-1781723103] Error connecting to node b27-pkc-devcozvdmy.us-east-1.aws.devel.cpdev.cloud:9092 (id: 27 rack: Some("use1-az5") isFenced: false): Connection refused (os error 111)
[2026-06-17T19:10:12.898Z WARN  confluent_kafka::network_client] [Consumer clientId=consumer-perf, groupId=dz-rustc-1781723103] Error connecting to node b11-pkc-devcozvdmy.us-east-1.aws.devel.cpdev.cloud:9092 (id: 11 rack: Some("use1-az5") isFenced: false): Connection refused (os error 111)
[2026-06-17T19:10:12.915Z WARN  confluent_kafka::network_client] [Consumer clientId=consumer-perf, groupId=dz-rustc-1781723103] Error connecting to node b13-pkc-devcozvdmy.us-east-1.aws.devel.cpdev.cloud:9092 (id: 13 rack: Some("use1-az5") isFenced: false): Connection refused (os error 111)
[2026-06-17T19:10:12.916Z WARN  confluent_kafka::network_client] [Consumer clientId=consumer-perf, groupId=dz-rustc-1781723103] Error connecting to node b24-pkc-devcozvdmy.us-east-1.aws.devel.cpdev.cloud:9092 (id: 24 rack: Some("use1-az5") isFenced: false): Connection refused (os error 111)
[2026-06-17T19:10:12.917Z WARN  confluent_kafka::network_client] [Consumer clientId=consumer-perf, groupId=dz-rustc-1781723103] Error connecting to node b14-pkc-devcozvdmy.us-east-1.aws.devel.cpdev.cloud:9092 (id: 14 rack: Some("use1-az5") isFenced: false): Connection refused (os error 111)
[2026-06-17T19:10:12.934Z WARN  confluent_kafka::network_client] [Consumer clientId=consumer-perf, groupId=dz-rustc-1781723103] Error connecting to node b15-pkc-devcozvdmy.us-east-1.aws.devel.cpdev.cloud:9092 (id: 15 rack: Some("use1-az5") isFenced: false): Connection refused (os error 111)
[2026-06-17T19:10:12.965Z WARN  confluent_kafka::network_client] [Consumer clientId=consumer-perf, groupId=dz-rustc-1781723103] Error connecting to node b10-pkc-devcozvdmy.us-east-1.aws.devel.cpdev.cloud:9092 (id: 10 rack: Some("use1-az5") isFenced: false): Connection refused (os error 111)
[2026-06-17T19:10:12.974Z WARN  confluent_kafka::network_client] [Consumer clientId=consumer-perf, groupId=dz-rustc-1781723103] Error connecting to node b9-pkc-devcozvdmy.us-east-1.aws.devel.cpdev.cloud:9092 (id: 9 rack: Some("use1-az5") isFenced: false): Connection refused (os error 111)
[2026-06-17T19:10:12.977Z WARN  confluent_kafka::network_client] [Consumer clientId=consumer-perf, groupId=dz-rustc-1781723103] Error connecting to node b25-pkc-devcozvdmy.us-east-1.aws.devel.cpdev.cloud:9092 (id: 25 rack: Some("use1-az5") isFenced: false): Connection refused (os error 111)
[2026-06-17T19:10:13.038Z WARN  confluent_kafka::network_client] [Consumer clientId=consumer-perf, groupId=dz-rustc-1781723103] Error connecting to node b31-pkc-devcozvdmy.us-east-1.aws.devel.cpdev.cloud:9092 (id: 31 rack: Some("use1-az5") isFenced: false): Connection refused (os error 111)
[2026-06-17T19:10:13.079Z WARN  confluent_kafka::network_client] [Consumer clientId=consumer-perf, groupId=dz-rustc-1781723103] Error connecting to node b34-pkc-devcozvdmy.us-east-1.aws.devel.cpdev.cloud:9092 (id: 34 rack: Some("use1-az5") isFenced: false): Connection refused (os error 111)
[2026-06-17T19:10:13.424Z WARN  confluent_kafka::network_client] [Consumer clientId=consumer-perf, groupId=dz-rustc-1781723103] Error connecting to node b29-pkc-devcozvdmy.us-east-1.aws.devel.cpdev.cloud:9092 (id: 29 rack: Some("use1-az5") isFenced: false): Connection refused (os error 111)
[2026-06-17T19:10:13.460Z WARN  confluent_kafka::network_client] [Consumer clientId=consumer-perf, groupId=dz-rustc-1781723103] Error connecting to node b33-pkc-devcozvdmy.us-east-1.aws.devel.cpdev.cloud:9092 (id: 33 rack: Some("use1-az5") isFenced: false): Connection refused (os error 111)
[2026-06-17T19:10:13.463Z WARN  confluent_kafka::network_client] [Consumer clientId=consumer-perf, groupId=dz-rustc-1781723103] Error connecting to node b28-pkc-devcozvdmy.us-east-1.aws.devel.cpdev.cloud:9092 (id: 28 rack: Some("use1-az5") isFenced: false): Connection refused (os error 111)
[2026-06-17T19:10:13.464Z WARN  confluent_kafka::network_client] [Consumer clientId=consumer-perf, groupId=dz-rustc-1781723103] Error connecting to node b17-pkc-devcozvdmy.us-east-1.aws.devel.cpdev.cloud:9092 (id: 17 rack: Some("use1-az5") isFenced: false): Connection refused (os error 111)
[2026-06-17T19:10:13.547Z WARN  confluent_kafka::network_client] [Consumer clientId=consumer-perf, groupId=dz-rustc-1781723103] Error connecting to node b4-pkc-devcozvdmy.us-east-1.aws.devel.cpdev.cloud:9092 (id: 4 rack: Some("use1-az5") isFenced: false): Connection refused (os error 111)
[2026-06-17T19:10:13.549Z WARN  confluent_kafka::network_client] [Consumer clientId=consumer-perf, groupId=dz-rustc-1781723103] Error connecting to node b1-pkc-devcozvdmy.us-east-1.aws.devel.cpdev.cloud:9092 (id: 1 rack: Some("use1-az5") isFenced: false): Connection refused (os error 111)
[2026-06-17T19:10:13.556Z WARN  confluent_kafka::network_client] [Consumer clientId=consumer-perf, groupId=dz-rustc-1781723103] Error connecting to node b26-pkc-devcozvdmy.us-east-1.aws.devel.cpdev.cloud:9092 (id: 26 rack: Some("use1-az5") isFenced: false): Connection refused (os error 111)
[2026-06-17T19:10:13.614Z WARN  confluent_kafka::network_client] [Consumer clientId=consumer-perf, groupId=dz-rustc-1781723103] Error connecting to node b23-pkc-devcozvdmy.us-east-1.aws.devel.cpdev.cloud:9092 (id: 23 rack: Some("use1-az5") isFenced: false): Connection refused (os error 111)
[2026-06-17T19:10:13.634Z WARN  confluent_kafka::network_client] [Consumer clientId=consumer-perf, groupId=dz-rustc-1781723103] Error connecting to node b12-pkc-devcozvdmy.us-east-1.aws.devel.cpdev.cloud:9092 (id: 12 rack: Some("use1-az5") isFenced: false): Connection refused (os error 111)
[2026-06-17T19:10:13.650Z WARN  confluent_kafka::network_client] [Consumer clientId=consumer-perf, groupId=dz-rustc-1781723103] Error connecting to node b19-pkc-devcozvdmy.us-east-1.aws.devel.cpdev.cloud:9092 (id: 19 rack: Some("use1-az5") isFenced: false): Connection refused (os error 111)
[2026-06-17T19:10:13.676Z WARN  confluent_kafka::network_client] [Consumer clientId=consumer-perf, groupId=dz-rustc-1781723103] Error connecting to node b32-pkc-devcozvdmy.us-east-1.aws.devel.cpdev.cloud:9092 (id: 32 rack: Some("use1-az5") isFenced: false): Connection refused (os error 111)
[2026-06-17T19:10:13.677Z WARN  confluent_kafka::network_client] [Consumer clientId=consumer-perf, groupId=dz-rustc-1781723103] Error connecting to node b0-pkc-devcozvdmy.us-east-1.aws.devel.cpdev.cloud:9092 (id: 0 rack: Some("use1-az5") isFenced: false): Connection refused (os error 111)
[2026-06-17T19:10:13.686Z WARN  confluent_kafka::network_client] [Consumer clientId=consumer-perf, groupId=dz-rustc-1781723103] Error connecting to node b7-pkc-devcozvdmy.us-east-1.aws.devel.cpdev.cloud:9092 (id: 7 rack: Some("use1-az5") isFenced: false): Connection refused (os error 111)
[2026-06-17T19:10:13.706Z WARN  confluent_kafka::network_client] [Consumer clientId=consumer-perf, groupId=dz-rustc-1781723103] Error connecting to node b18-pkc-devcozvdmy.us-east-1.aws.devel.cpdev.cloud:9092 (id: 18 rack: Some("use1-az5") isFenced: false): Connection refused (os error 111)
[2026-06-17T19:10:13.707Z WARN  confluent_kafka::network_client] [Consumer clientId=consumer-perf, groupId=dz-rustc-1781723103] Error connecting to node b22-pkc-devcozvdmy.us-east-1.aws.devel.cpdev.cloud:9092 (id: 22 rack: Some("use1-az5") isFenced: false): Connection refused (os error 111)
[2026-06-17T19:10:13.709Z WARN  confluent_kafka::network_client] [Consumer clientId=consumer-perf, groupId=dz-rustc-1781723103] Error connecting to node b5-pkc-devcozvdmy.us-east-1.aws.devel.cpdev.cloud:9092 (id: 5 rack: Some("use1-az5") isFenced: false): Connection refused (os error 111)
[2026-06-17T19:10:13.728Z WARN  confluent_kafka::network_client] [Consumer clientId=consumer-perf, groupId=dz-rustc-1781723103] Error connecting to node b35-pkc-devcozvdmy.us-east-1.aws.devel.cpdev.cloud:9092 (id: 35 rack: Some("use1-az5") isFenced: false): Connection refused (os error 111)
[2026-06-17T19:10:13.764Z WARN  confluent_kafka::network_client] [Consumer clientId=consumer-perf, groupId=dz-rustc-1781723103] Error connecting to node b3-pkc-devcozvdmy.us-east-1.aws.devel.cpdev.cloud:9092 (id: 3 rack: Some("use1-az5") isFenced: false): Connection refused (os error 111)
[2026-06-17T19:10:13.770Z WARN  confluent_kafka::network_client] [Consumer clientId=consumer-perf, groupId=dz-rustc-1781723103] Error connecting to node b20-pkc-devcozvdmy.us-east-1.aws.devel.cpdev.cloud:9092 (id: 20 rack: Some("use1-az5") isFenced: false): Connection refused (os error 111)
[2026-06-17T19:10:13.781Z WARN  confluent_kafka::network_client] [Consumer clientId=consumer-perf, groupId=dz-rustc-1781723103] Error connecting to node b21-pkc-devcozvdmy.us-east-1.aws.devel.cpdev.cloud:9092 (id: 21 rack: Some("use1-az5") isFenced: false): Connection refused (os error 111)
[2026-06-17T19:10:13.783Z WARN  confluent_kafka::network_client] [Consumer clientId=consumer-perf, groupId=dz-rustc-1781723103] Error connecting to node b30-pkc-devcozvdmy.us-east-1.aws.devel.cpdev.cloud:9092 (id: 30 rack: Some("use1-az5") isFenced: false): Connection refused (os error 111)
[2026-06-17T19:10:13.784Z WARN  confluent_kafka::network_client] [Consumer clientId=consumer-perf, groupId=dz-rustc-1781723103] Error connecting to node b8-pkc-devcozvdmy.us-east-1.aws.devel.cpdev.cloud:9092 (id: 8 rack: Some("use1-az5") isFenced: false): Connection refused (os error 111)
[2026-06-17T19:10:13.789Z WARN  confluent_kafka::network_client] [Consumer clientId=consumer-perf, groupId=dz-rustc-1781723103] Error connecting to node b10-pkc-devcozvdmy.us-east-1.aws.devel.cpdev.cloud:9092 (id: 10 rack: Some("use1-az5") isFenced: false): Connection refused (os error 111)
[2026-06-17T19:10:13.812Z WARN  confluent_kafka::network_client] [Consumer clientId=consumer-perf, groupId=dz-rustc-1781723103] Error connecting to node b27-pkc-devcozvdmy.us-east-1.aws.devel.cpdev.cloud:9092 (id: 27 rack: Some("use1-az5") isFenced: false): Connection refused (os error 111)
[2026-06-17T19:10:13.816Z WARN  confluent_kafka::network_client] [Consumer clientId=consumer-perf, groupId=dz-rustc-1781723103] Error connecting to node b6-pkc-devcozvdmy.us-east-1.aws.devel.cpdev.cloud:9092 (id: 6 rack: Some("use1-az5") isFenced: false): Connection refused (os error 111)
[2026-06-17T19:10:13.837Z WARN  confluent_kafka::network_client] [Consumer clientId=consumer-perf, groupId=dz-rustc-1781723103] Error connecting to node b2-pkc-devcozvdmy.us-east-1.aws.devel.cpdev.cloud:9092 (id: 2 rack: Some("use1-az5") isFenced: false): Connection refused (os error 111)
[2026-06-17T19:10:13.856Z WARN  confluent_kafka::network_client] [Consumer clientId=consumer-perf, groupId=dz-rustc-1781723103] Error connecting to node b25-pkc-devcozvdmy.us-east-1.aws.devel.cpdev.cloud:9092 (id: 25 rack: Some("use1-az5") isFenced: false): Connection refused (os error 111)
[2026-06-17T19:10:13.867Z WARN  confluent_kafka::network_client] [Consumer clientId=consumer-perf, groupId=dz-rustc-1781723103] Error connecting to node b16-pkc-devcozvdmy.us-east-1.aws.devel.cpdev.cloud:9092 (id: 16 rack: Some("use1-az5") isFenced: false): Connection refused (os error 111)
[2026-06-17T19:10:13.898Z WARN  confluent_kafka::network_client] [Consumer clientId=consumer-perf, groupId=dz-rustc-1781723103] Error connecting to node b11-pkc-devcozvdmy.us-east-1.aws.devel.cpdev.cloud:9092 (id: 11 rack: Some("use1-az5") isFenced: false): Connection refused (os error 111)
[2026-06-17T19:10:13.900Z WARN  confluent_kafka::network_client] [Consumer clientId=consumer-perf, groupId=dz-rustc-1781723103] Error connecting to node b13-pkc-devcozvdmy.us-east-1.aws.devel.cpdev.cloud:9092 (id: 13 rack: Some("use1-az5") isFenced: false): Connection refused (os error 111)
[2026-06-17T19:10:13.916Z WARN  confluent_kafka::network_client] [Consumer clientId=consumer-perf, groupId=dz-rustc-1781723103] Error connecting to node b14-pkc-devcozvdmy.us-east-1.aws.devel.cpdev.cloud:9092 (id: 14 rack: Some("use1-az5") isFenced: false): Connection refused (os error 111)
[2026-06-17T19:10:13.917Z WARN  confluent_kafka::network_client] [Consumer clientId=consumer-perf, groupId=dz-rustc-1781723103] Error connecting to node b24-pkc-devcozvdmy.us-east-1.aws.devel.cpdev.cloud:9092 (id: 24 rack: Some("use1-az5") isFenced: false): Connection refused (os error 111)
[2026-06-17T19:10:13.918Z WARN  confluent_kafka::network_client] [Consumer clientId=consumer-perf, groupId=dz-rustc-1781723103] Error connecting to node b15-pkc-devcozvdmy.us-east-1.aws.devel.cpdev.cloud:9092 (id: 15 rack: Some("use1-az5") isFenced: false): Connection refused (os error 111)
[2026-06-17T19:10:13.958Z WARN  confluent_kafka::network_client] [Consumer clientId=consumer-perf, groupId=dz-rustc-1781723103] Error connecting to node b9-pkc-devcozvdmy.us-east-1.aws.devel.cpdev.cloud:9092 (id: 9 rack: Some("use1-az5") isFenced: false): Connection refused (os error 111)
[2026-06-17T19:10:13.973Z WARN  confluent_kafka::network_client] [Consumer clientId=consumer-perf, groupId=dz-rustc-1781723103] Error connecting to node b31-pkc-devcozvdmy.us-east-1.aws.devel.cpdev.cloud:9092 (id: 31 rack: Some("use1-az5") isFenced: false): Connection refused (os error 111)
[2026-06-17T19:10:14.003Z WARN  confluent_kafka::network_client] [Consumer clientId=consumer-perf, groupId=dz-rustc-1781723103] Error connecting to node b34-pkc-devcozvdmy.us-east-1.aws.devel.cpdev.cloud:9092 (id: 34 rack: Some("use1-az5") isFenced: false): Connection refused (os error 111)
[2026-06-17T19:10:14.423Z WARN  confluent_kafka::network_client] [Consumer clientId=consumer-perf, groupId=dz-rustc-1781723103] Error connecting to node b29-pkc-devcozvdmy.us-east-1.aws.devel.cpdev.cloud:9092 (id: 29 rack: Some("use1-az5") isFenced: false): Connection refused (os error 111)
[2026-06-17T19:10:14.436Z WARN  confluent_kafka::network_client] [Consumer clientId=consumer-perf, groupId=dz-rustc-1781723103] Error connecting to node b17-pkc-devcozvdmy.us-east-1.aws.devel.cpdev.cloud:9092 (id: 17 rack: Some("use1-az5") isFenced: false): Connection refused (os error 111)
[2026-06-17T19:10:14.440Z WARN  confluent_kafka::network_client] [Consumer clientId=consumer-perf, groupId=dz-rustc-1781723103] Error connecting to node b33-pkc-devcozvdmy.us-east-1.aws.devel.cpdev.cloud:9092 (id: 33 rack: Some("use1-az5") isFenced: false): Connection refused (os error 111)
[2026-06-17T19:10:14.463Z WARN  confluent_kafka::network_client] [Consumer clientId=consumer-perf, groupId=dz-rustc-1781723103] Error connecting to node b28-pkc-devcozvdmy.us-east-1.aws.devel.cpdev.cloud:9092 (id: 28 rack: Some("use1-az5") isFenced: false): Connection refused (os error 111)
[2026-06-17T19:10:14.490Z WARN  confluent_kafka::network_client] [Consumer clientId=consumer-perf, groupId=dz-rustc-1781723103] Error connecting to node b32-pkc-devcozvdmy.us-east-1.aws.devel.cpdev.cloud:9092 (id: 32 rack: Some("use1-az5") isFenced: false): Connection refused (os error 111)
[2026-06-17T19:10:14.500Z WARN  confluent_kafka::network_client] [Consumer clientId=consumer-perf, groupId=dz-rustc-1781723103] Error connecting to node b4-pkc-devcozvdmy.us-east-1.aws.devel.cpdev.cloud:9092 (id: 4 rack: Some("use1-az5") isFenced: false): Connection refused (os error 111)
[2026-06-17T19:10:14.504Z WARN  confluent_kafka::network_client] [Consumer clientId=consumer-perf, groupId=dz-rustc-1781723103] Error connecting to node b1-pkc-devcozvdmy.us-east-1.aws.devel.cpdev.cloud:9092 (id: 1 rack: Some("use1-az5") isFenced: false): Connection refused (os error 111)
[2026-06-17T19:10:14.555Z WARN  confluent_kafka::network_client] [Consumer clientId=consumer-perf, groupId=dz-rustc-1781723103] Error connecting to node b22-pkc-devcozvdmy.us-east-1.aws.devel.cpdev.cloud:9092 (id: 22 rack: Some("use1-az5") isFenced: false): Connection refused (os error 111)
[2026-06-17T19:10:14.556Z WARN  confluent_kafka::network_client] [Consumer clientId=consumer-perf, groupId=dz-rustc-1781723103] Error connecting to node b26-pkc-devcozvdmy.us-east-1.aws.devel.cpdev.cloud:9092 (id: 26 rack: Some("use1-az5") isFenced: false): Connection refused (os error 111)
[2026-06-17T19:10:14.614Z WARN  confluent_kafka::network_client] [Consumer clientId=consumer-perf, groupId=dz-rustc-1781723103] Error connecting to node b23-pkc-devcozvdmy.us-east-1.aws.devel.cpdev.cloud:9092 (id: 23 rack: Some("use1-az5") isFenced: false): Connection refused (os error 111)
[interval 24] t= 261.1s msgs=1369672 thr=    90158 msg/s  avg=  5.13 p50=4 p99=20 p999=36 max=6066 ms  cpu=  0.0% rss= 141.4MB
[interval 25] t= 271.1s msgs=2409577 thr=   240956 msg/s  avg=1270.53 p50=962 p99=7245 p999=7679 max=8514 ms  cpu=  0.0% rss= 205.8MB
[interval 26] t= 281.1s msgs=1500340 thr=   150032 msg/s  avg=  4.91 p50=4 p99=18 p999=32 max=63 ms  cpu=  0.0% rss= 205.8MB
[interval 27] t= 291.1s msgs=1500095 thr=   150009 msg/s  avg=  4.77 p50=4 p99=18 p999=33 max=110 ms  cpu=  0.0% rss= 205.8MB

Loop breakdown over 1558994 polls: poll().await=99.9%  per-record processing=0.1%  (avg 29 records/poll)
Records/poll distribution (non-empty polls, post-warmup): n=1548485 min=1 mean=29.1 p50=14 p99=343 max=500

======================================================================
SUMMARY — Rust Kafka Consumer (warmup 600000 excluded)
======================================================================
Measured messages: 45000128
Duration:          300.00 s
Throughput:        150000 msg/s  (146.48 MiB/s)
E2E latency (ms):  min=1 avg=258.06 stddev=760.36 p50=5 p90=903 p95=1770 p99=3486 p99.9=7460 max=9338
RSS (MB, current): avg=161.8 min=51.9 max=205.8
======================================================================

Results written to: consumer-perf/results/dz-rustc-1781723103
